Date,Open,High,Low,Close,Volume,Change
2013-07-29,2780,2845,2760,2800,1046123,
2013-07-30,2810,2885,2775,2875,1869650,0.02678571428571419
2013-07-31,2875,2880,2800,2800,650392,-0.02608695652173909
2013-08-01,2800,2805,2685,2710,955652,-0.03214285714285714
2013-08-02,2735,2760,2610,2635,1439723,-0.027675276752767486
2013-08-05,2640,2705,2635,2705,718165,0.026565464895635715
2013-08-06,2715,2720,2605,2630,697446,-0.027726432532347522
2013-08-07,2610,2755,2605,2640,1129799,0.0038022813688212143
2013-08-08,2650,2725,2650,2680,554706,0.015151515151515138
2013-08-09,2720,2740,2655,2655,386880,-0.009328358208955279
2013-08-12,2645,2680,2495,2510,1002192,-0.05461393596986819
2013-08-13,2530,2575,2485,2570,419298,0.0239043824701195
2013-08-14,2570,2595,2520,2550,331238,-0.0077821011673151474
2013-08-16,2500,2535,2480,2520,352246,-0.0117647058823529
2013-08-19,2520,2540,2485,2485,301053,-0.01388888888888884
2013-08-20,2485,2525,2340,2340,652559,-0.05835010060362178
2013-08-21,2360,2395,2220,2275,706779,-0.02777777777777779
2013-08-22,2220,2245,2130,2135,828104,-0.06153846153846154
2013-08-23,2145,2210,2145,2180,438247,0.021077283372365363
2013-08-26,2185,2285,2185,2235,393341,0.025229357798165042
2013-08-27,2240,2255,2100,2140,491876,-0.04250559284116329
2013-08-28,2155,2290,2085,2275,909382,0.06308411214953269
2013-08-29,2275,2410,2270,2340,726909,0.02857142857142847
2013-08-30,2345,2390,2280,2290,460847,-0.021367521367521403
2013-09-02,2280,2385,2280,2345,340784,0.024017467248908186
2013-09-03,2345,2420,2340,2370,399760,0.010660980810234477
2013-09-04,2370,2385,2315,2325,272380,-0.01898734177215189
2013-09-05,2345,2350,2265,2350,367257,0.010752688172043001
2013-09-06,2400,2560,2390,2430,1856107,0.03404255319148941
2013-09-09,2455,2530,2390,2530,978899,0.04115226337448563
2013-09-10,2520,2565,2485,2555,748722,0.009881422924901129
2013-09-11,2550,2585,2515,2545,523898,-0.003913894324853229
2013-09-12,2535,2585,2510,2580,485137,0.013752455795677854
2013-09-13,2590,2625,2540,2540,377810,-0.015503875968992276
2013-09-16,2540,2565,2485,2490,337093,-0.019685039370078705
2013-09-17,2555,2555,2465,2465,228606,-0.010040160642570295
2013-09-23,2505,2545,2475,2510,397666,0.018255578093306246
2013-09-24,2520,2530,2430,2510,405171,0.0
2013-09-25,2530,2530,2435,2460,336546,-0.019920318725099584
2013-09-26,2440,2515,2440,2455,359467,-0.002032520325203291
2013-09-27,2485,2600,2465,2600,697337,0.05906313645621175
2013-09-30,2640,2655,2565,2565,771249,-0.013461538461538414
2013-10-01,2575,2630,2500,2575,648156,0.003898635477582957
2013-10-02,2600,2610,2515,2580,456544,0.001941747572815622
2013-10-04,2545,2625,2515,2625,390930,0.01744186046511631
2013-10-07,2655,2755,2655,2655,1803788,0.011428571428571344
2013-10-08,2655,2680,2575,2590,688291,-0.024482109227871973
2013-10-10,2605,2640,2570,2625,446294,0.013513513513513598
2013-10-11,2625,2685,2615,2615,544522,-0.003809523809523818
2013-10-14,2610,2635,2575,2590,375692,-0.009560229445506718
2013-10-15,2615,2625,2520,2530,429132,-0.02316602316602312
2013-10-16,2500,2540,2430,2440,554917,-0.035573122529644285
2013-10-17,2470,2485,2395,2400,478438,-0.016393442622950838
2013-10-18,2430,2645,2400,2625,1741311,0.09375
2013-10-21,2620,2700,2605,2675,788487,0.01904761904761898
2013-10-22,2650,2675,2595,2610,418211,-0.024299065420560706
2013-10-23,2650,2740,2615,2680,1262116,0.026819923371647514
2013-10-24,2710,2795,2685,2780,1647264,0.03731343283582089
2013-10-25,2795,2795,2670,2745,722357,-0.01258992805755399
2013-10-28,2780,2830,2760,2780,867310,0.012750455373406133
2013-10-29,2795,2810,2700,2710,545821,-0.025179856115107868
2013-10-30,2720,2775,2710,2740,363733,0.011070110701107083
2013-10-31,2720,2785,2715,2730,485307,-0.0036496350364964014
2013-11-01,2715,2795,2715,2795,548156,0.023809523809523725
2013-11-04,2825,2830,2745,2780,519863,-0.00536672629695889
2013-11-05,2755,2795,2670,2690,533315,-0.03237410071942448
2013-11-06,2700,2710,2580,2590,656402,-0.03717472118959109
2013-11-07,2620,2640,2470,2560,591027,-0.01158301158301156
2013-11-08,2510,2580,2480,2570,286213,0.00390625
2013-11-11,2600,2610,2395,2405,524577,-0.06420233463035019
2013-11-12,2380,2475,2370,2420,248686,0.006237006237006293
2013-11-13,2430,2490,2370,2370,291624,-0.02066115702479343
2013-11-14,2385,2430,2320,2350,257744,-0.008438818565400852
2013-11-15,2390,2495,2370,2445,411766,0.04042553191489362
2013-11-18,2450,2465,2355,2420,388613,-0.010224948875255602
2013-11-19,2405,2455,2370,2455,273509,0.01446280991735538
2013-11-20,2470,2500,2410,2435,332852,-0.008146639511201648
2013-11-21,2445,2445,2360,2360,236011,-0.030800821355236097
2013-11-22,2395,2490,2390,2400,403468,0.016949152542372836
2013-11-25,2420,2475,2395,2430,316430,0.012499999999999956
2013-11-26,2450,2485,2425,2470,416624,0.016460905349794164
2013-11-27,2600,2750,2575,2650,3437010,0.07287449392712553
2013-11-28,2675,2680,2600,2610,799471,-0.015094339622641506
2013-11-29,2630,2650,2495,2540,867199,-0.026819923371647514
2013-12-02,2540,2575,2470,2520,665300,-0.007874015748031482
2013-12-03,2520,2550,2435,2445,643602,-0.029761904761904767
2013-12-04,2445,2475,2360,2405,557208,-0.01635991820040905
2013-12-05,2390,2450,2390,2410,413295,0.0020790020790020236
2013-12-06,2410,2430,2350,2350,496759,-0.024896265560165998
2013-12-09,2350,2380,2255,2340,570764,-0.004255319148936176
2013-12-10,2335,2340,2195,2205,614487,-0.05769230769230771
2013-12-11,2205,2275,2195,2210,415477,0.0022675736961450532
2013-12-12,2185,2260,2185,2260,310495,0.02262443438914019
2013-12-13,2260,2275,2215,2275,198188,0.006637168141592875
2013-12-16,2290,2335,2235,2235,283832,-0.01758241758241763
2013-12-17,2240,2275,2220,2240,190806,0.0022371364653244186
2013-12-18,2245,2260,2210,2240,201986,0.0
2013-12-19,2290,2350,2265,2325,482709,0.0379464285714286
2013-12-20,2330,2345,2305,2310,301734,-0.006451612903225823
2013-12-23,2330,2365,2295,2300,228282,-0.0043290043290042934
2013-12-24,2305,2335,2250,2290,264546,-0.004347826086956497
2013-12-26,2305,2340,2260,2275,219143,-0.0065502183406113135
2013-12-27,2275,2305,2245,2305,251583,0.01318681318681314
2013-12-30,2300,2325,2290,2320,134593,0.006507592190889477
2014-01-02,2350,2355,2250,2250,382040,-0.030172413793103425
2014-01-03,2215,2250,2170,2195,475840,-0.02444444444444449
2014-01-06,2210,2230,2130,2135,465795,-0.02733485193621865
2014-01-07,2135,2160,2090,2140,308224,0.0023419203747072626
2014-01-08,2145,2170,2025,2040,760289,-0.04672897196261683
2014-01-09,2040,2060,1990,2060,849283,0.009803921568627416
2014-01-10,2080,2220,2070,2095,1389795,0.016990291262136026
2014-01-13,2125,2150,2080,2110,440101,0.007159904534606243
2014-01-14,2100,2160,2090,2150,391382,0.018957345971563955
2014-01-15,2170,2185,2145,2145,435141,-0.0023255813953488857
2014-01-16,2170,2190,2125,2140,332589,-0.002331002331002363
2014-01-17,2125,2165,2125,2145,296149,0.002336448598130758
2014-01-20,2155,2160,2120,2125,261059,-0.009324009324009341
2014-01-21,2150,2360,2135,2330,1936493,0.09647058823529409
2014-01-22,2320,2350,2275,2335,734446,0.0021459227467810482
2014-01-23,2340,2365,2265,2285,450492,-0.021413276231263434
2014-01-24,2255,2300,2200,2230,504977,-0.024070021881838044
2014-01-27,2170,2205,2120,2175,415095,-0.024663677130044803
2014-01-28,2155,2185,2115,2150,270774,-0.011494252873563204
2014-01-29,2150,2235,2150,2225,346869,0.03488372093023262
2014-02-03,2200,2230,2160,2180,277151,-0.020224719101123556
2014-02-04,2130,2155,2120,2135,323475,-0.020642201834862428
2014-02-05,2145,2185,2120,2120,380416,-0.007025761124121788
2014-02-06,2145,2200,2125,2165,223392,0.021226415094339535
2014-02-07,2185,2210,2140,2170,347879,0.002309468822170979
2014-02-10,2200,2330,2170,2315,782032,0.06682027649769595
2014-02-11,2300,2465,2300,2405,1527286,0.0388768898488121
2014-02-12,2425,2490,2400,2485,1802520,0.033264033264033266
2014-02-13,2510,2855,2465,2855,5786993,0.14889336016096588
2014-02-14,2970,2990,2750,2805,5753877,-0.017513134851138368
2014-02-17,2815,2930,2780,2870,2928377,0.02317290552584672
2014-02-18,2880,2965,2870,2900,2063676,0.010452961672473782
2014-02-19,2915,2985,2870,2880,1235621,-0.006896551724137945
2014-02-20,2920,2960,2825,2870,871048,-0.00347222222222221
2014-02-21,2880,3125,2875,2965,4277666,0.03310104529616731
2014-02-24,2975,2980,2810,2865,1687433,-0.033726812816188834
2014-02-25,2885,2925,2785,2785,1087942,-0.027923211169284423
2014-02-26,2815,2915,2760,2910,1652186,0.044883303411131115
2014-02-27,2935,2965,2785,2825,1685907,-0.029209621993127155
2014-02-28,2795,2860,2715,2760,1132148,-0.023008849557522137
2014-03-03,2765,2920,2675,2810,2558344,0.018115942028985588
2014-03-04,2755,2855,2750,2795,798857,-0.005338078291814985
2014-03-05,2850,2860,2790,2855,810611,0.02146690518783534
2014-03-06,2870,2935,2845,2895,942647,0.014010507880910739
2014-03-07,2900,2930,2855,2855,743971,-0.013816925734024155
2014-03-10,2855,2860,2730,2740,994693,-0.04028021015761818
2014-03-11,2740,2850,2735,2840,581556,0.03649635036496357
2014-03-12,2840,2840,2780,2785,429738,-0.01936619718309862
2014-03-13,2785,2910,2785,2890,831268,0.037701974865349985
2014-03-14,2840,2870,2795,2825,536595,-0.02249134948096887
2014-03-17,2840,2850,2740,2740,443057,-0.030088495575221197
2014-03-18,2750,2805,2735,2745,355677,0.0018248175182482562
2014-03-19,2770,2825,2740,2760,435903,0.005464480874316946
2014-03-20,2745,2765,2705,2710,468072,-0.018115942028985477
2014-03-21,2715,2865,2715,2815,754692,0.03874538745387457
2014-03-24,2800,2865,2750,2845,537500,0.010657193605683846
2014-03-25,2830,2980,2820,2880,1404768,0.012302284710017597
2014-03-26,2880,2930,2840,2900,651397,0.00694444444444442
2014-03-27,2880,2935,2865,2870,471749,-0.010344827586206917
2014-03-28,2870,2915,2845,2885,390590,0.005226480836237002
2014-03-31,2890,2920,2810,2830,536783,-0.01906412478336217
2014-04-01,2840,2855,2805,2835,393623,0.0017667844522968323
2014-04-02,2845,3070,2840,3050,2383458,0.07583774250440922
2014-04-03,3050,3120,3000,3090,1368201,0.013114754098360715
2014-04-04,3080,3170,3045,3070,899113,-0.006472491909385147
2014-04-07,3030,3090,2945,2970,844539,-0.032573289902280145
2014-04-08,2970,3010,2875,2980,993037,0.0033670033670034627
2014-04-09,3000,3055,2920,2940,628127,-0.01342281879194629
2014-04-10,2945,3010,2940,3010,805894,0.023809523809523725
2014-04-11,2960,3140,2910,3115,1443264,0.03488372093023262
2014-04-14,3140,3255,3110,3190,2464328,0.024077046548956593
2014-04-15,3225,3235,3090,3150,804395,-0.01253918495297801
2014-04-16,3150,3250,3130,3205,1024399,0.0174603174603174
2014-04-17,3260,3355,3190,3190,1418963,-0.004680187207488307
2014-04-18,3190,3260,3175,3200,484773,0.0031347962382444194
2014-04-21,3245,3340,3215,3215,1042652,0.004687499999999956
2014-04-22,3175,3240,3145,3170,624554,-0.013996889580093264
2014-04-23,3190,3195,3035,3100,1178059,-0.02208201892744477
2014-04-24,3115,3140,2995,3030,477088,-0.022580645161290325
2014-04-25,3000,3015,2875,2895,946941,-0.044554455445544594
2014-04-28,2890,2945,2860,2905,614219,0.003454231433505983
2014-04-29,2930,3040,2915,2955,772559,0.01721170395869187
2014-04-30,2985,2995,2880,2900,577940,-0.0186125211505922
2014-05-02,2945,2950,2885,2885,294120,-0.005172413793103403
2014-05-07,2900,2915,2810,2845,283802,-0.013864818024263426
2014-05-08,2820,2865,2770,2785,510283,-0.02108963093145866
2014-05-09,2785,2970,2740,2970,669302,0.06642728904847406
2014-05-12,2915,2990,2885,2920,437183,-0.01683501683501687
2014-05-13,2930,3015,2930,2985,376043,0.022260273972602773
2014-05-14,2970,3110,2970,3095,831341,0.03685092127303191
2014-05-15,3100,3105,3050,3085,376067,-0.003231017770597755
2014-05-16,3055,3085,2950,2990,540749,-0.030794165316045397
2014-05-19,2990,3000,2795,2825,811921,-0.05518394648829428
2014-05-20,2820,2870,2730,2840,464033,0.005309734513274433
2014-05-21,2840,2915,2805,2855,266214,0.005281690140845008
2014-05-22,2855,2905,2840,2885,263687,0.01050788091068311
2014-05-23,2885,3060,2880,3010,1305835,0.0433275563258233
2014-05-26,3060,3080,2975,2975,635328,-0.011627906976744207
2014-05-27,2980,3025,2940,3000,444445,0.008403361344537785
2014-05-28,3000,3020,2915,2915,544186,-0.02833333333333332
2014-05-29,2900,2940,2840,2910,679325,-0.0017152658662092923
2014-05-30,2915,3090,2810,2810,4712307,-0.03436426116838487
2014-06-02,2845,2855,2650,2695,1374320,-0.040925266903914626
2014-06-03,2675,2745,2610,2630,771354,-0.024118738404452666
2014-06-05,2670,2680,2595,2605,579905,-0.009505703422053258
2014-06-09,2610,2695,2550,2585,764890,-0.007677543186180413
2014-06-10,2590,2660,2565,2640,437666,0.02127659574468077
2014-06-11,2640,2690,2610,2610,502277,-0.011363636363636354
2014-06-12,2620,2665,2595,2650,466148,0.015325670498084198
2014-06-13,2630,2665,2595,2610,313142,-0.015094339622641506
2014-06-16,2600,2650,2590,2620,384889,0.003831417624521105
2014-06-17,2650,2690,2625,2670,323678,0.01908396946564883
2014-06-18,2700,2700,2640,2655,203508,-0.005617977528089901
2014-06-19,2655,2750,2620,2730,490651,0.02824858757062154
2014-06-20,2760,2780,2700,2710,456015,-0.0073260073260073
2014-06-23,2710,2740,2550,2550,755422,-0.059040590405904037
2014-06-24,2540,2580,2390,2465,707798,-0.033333333333333326
2014-06-25,2430,2490,2405,2425,589453,-0.016227180527383367
2014-06-26,2430,2465,2415,2425,438462,0.0
2014-06-27,2480,2495,2435,2450,419431,0.010309278350515427
2014-06-30,2455,2660,2455,2630,968362,0.07346938775510203
2014-07-01,2630,2645,2545,2590,784320,-0.01520912547528519
2014-07-02,2580,2590,2530,2545,472705,-0.01737451737451734
2014-07-03,2550,2570,2520,2525,604021,-0.007858546168958758
2014-07-04,2535,2545,2505,2515,386177,-0.003960396039603964
2014-07-07,2510,2520,2470,2495,420897,-0.007952286282306154
2014-07-08,2515,2585,2515,2530,604933,0.014028056112224352
2014-07-09,2530,2535,2410,2445,845121,-0.03359683794466406
2014-07-10,2460,2490,2445,2460,406845,0.006134969325153339
2014-07-11,2450,2515,2435,2480,364074,0.008130081300812941
2014-07-14,2480,2565,2475,2530,446944,0.02016129032258074
2014-07-15,2550,2560,2495,2530,547080,0.0
2014-07-16,2550,2550,2445,2500,338855,-0.011857707509881465
2014-07-17,2495,2530,2480,2515,291039,0.006000000000000005
2014-07-18,2480,2515,2465,2470,286949,-0.017892644135188873
2014-07-21,2485,2590,2475,2515,521079,0.018218623481781382
2014-07-22,2530,2565,2520,2530,387857,0.005964214711729587
2014-07-23,2550,2550,2520,2540,366670,0.0039525691699604515
2014-07-24,2545,2555,2510,2520,307243,-0.007874015748031482
2014-07-25,2520,2540,2485,2525,309465,0.001984126984126977
2014-07-28,2530,2535,2440,2440,589548,-0.03366336633663369
2014-07-29,2440,2455,2320,2320,732960,-0.049180327868852514
2014-07-30,2340,2380,2290,2370,289279,0.02155172413793105
2014-07-31,2330,2380,2140,2235,805072,-0.05696202531645567
2014-08-01,2175,2280,2165,2260,289571,0.01118568232662187
2014-08-04,2260,2320,2255,2285,239492,0.01106194690265494
2014-08-05,2280,2315,2240,2275,230377,-0.004376367614879695
2014-08-06,2265,2310,2150,2180,472424,-0.04175824175824172
2014-08-07,2170,2260,2170,2215,232416,0.016055045871559592
2014-08-08,2225,2240,2120,2135,461992,-0.036117381489842004
2014-08-11,2140,2170,2050,2060,663626,-0.03512880562060894
2014-08-12,2040,2075,2030,2065,436118,0.0024271844660195274
2014-08-13,2080,2150,2080,2085,402955,0.009685230024213176
2014-08-14,2100,2165,2085,2140,350546,0.026378896882494063
2014-08-18,2160,2165,2085,2115,291198,-0.011682242990654235
2014-08-19,2120,2145,2085,2100,418368,-0.007092198581560294
2014-08-20,2090,2160,2085,2145,417942,0.021428571428571352
2014-08-21,2155,2385,2125,2220,2477519,0.034965034965035
2014-08-22,2245,2270,2185,2220,485093,0.0
2014-08-25,2200,2245,2120,2120,531847,-0.04504504504504503
2014-08-26,2120,2150,2090,2120,374118,0.0
2014-08-27,2120,2145,2095,2100,369671,-0.009433962264150941
2014-08-28,2100,2180,2100,2170,527194,0.03333333333333344
2014-08-29,2200,2205,2140,2150,368280,-0.009216589861751112
2014-09-01,2120,2120,2035,2035,958631,-0.05348837209302326
2014-09-02,2025,2055,1915,1950,1350200,-0.041769041769041726
2014-09-03,1940,1985,1920,1955,501244,0.002564102564102555
2014-09-04,1945,1975,1920,1930,429858,-0.012787723785166238
2014-09-05,1930,1990,1930,1970,357083,0.020725388601036343
2014-09-11,1970,2060,1970,2035,450198,0.03299492385786795
2014-09-12,2035,2070,1995,2005,421847,-0.014742014742014753
2014-09-15,1995,2015,1905,1910,653146,-0.04738154613466339
2014-09-16,1940,1960,1905,1945,314949,0.018324607329842868
2014-09-17,1960,1970,1910,1935,415984,-0.005141388174807249
2014-09-18,1935,1995,1935,1965,389486,0.015503875968992276
2014-09-19,1990,1995,1920,1965,334550,0.0
2014-09-22,1955,1985,1940,1950,273160,-0.007633587786259555
2014-09-23,1955,1960,1890,1890,538834,-0.03076923076923077
2014-09-24,1890,1915,1875,1895,196095,0.002645502645502562
2014-09-25,1910,1925,1875,1880,351477,-0.0079155672823219
2014-09-26,1880,1885,1855,1865,287830,-0.007978723404255317
2014-09-29,1865,1880,1690,1695,1361785,-0.09115281501340478
2014-09-30,1660,1730,1660,1700,610918,0.002949852507374562
2014-10-01,1690,1725,1625,1630,551501,-0.04117647058823526
2014-10-02,1600,1680,1595,1670,285119,0.024539877300613577
2014-10-06,1680,1715,1625,1635,318458,-0.020958083832335328
2014-10-07,1620,1685,1605,1660,541538,0.015290519877675823
2014-10-08,1640,1690,1625,1655,298127,-0.003012048192771122
2014-10-10,1640,1655,1485,1495,856378,-0.09667673716012082
2014-10-13,1470,1485,1375,1385,922358,-0.0735785953177257
2014-10-14,1360,1460,1360,1460,612458,0.054151624548736566
2014-10-15,1485,1520,1440,1470,365519,0.006849315068493178
2014-10-16,1445,1470,1420,1465,175885,-0.003401360544217691
2014-10-17,1460,1525,1455,1490,441193,0.017064846416382284
2014-10-20,1495,1540,1490,1530,284544,0.02684563758389258
2014-10-21,1545,1585,1505,1535,381350,0.0032679738562091387
2014-10-22,1545,1570,1530,1530,167762,-0.0032573289902280145
2014-10-23,1530,1550,1500,1530,192827,0.0
2014-10-24,1525,1530,1400,1400,528493,-0.08496732026143794
2014-10-27,1400,1480,1400,1445,324717,0.03214285714285725
2014-10-28,1455,1475,1445,1475,139804,0.02076124567474058
2014-10-29,1480,1540,1460,1520,333282,0.03050847457627115
2014-10-30,1515,1565,1495,1550,330088,0.019736842105263053
2014-10-31,1535,1565,1500,1530,254724,-0.012903225806451646
2014-11-03,1525,1530,1400,1435,451579,-0.06209150326797386
2014-11-04,1440,1455,1355,1385,445219,-0.03484320557491294
2014-11-05,1375,1415,1370,1380,189342,-0.0036101083032491488
2014-11-06,1380,1400,1330,1380,272762,0.0
2014-11-07,1390,1585,1385,1585,1350356,0.14855072463768115
2014-11-10,1710,1720,1620,1675,3252129,0.056782334384858135
2014-11-11,1705,1745,1670,1705,2213205,0.017910447761193993
2014-11-12,1700,1940,1680,1890,8088893,0.10850439882697938
2014-11-13,1930,1960,1815,1825,3663111,-0.03439153439153442
2014-11-14,1810,1835,1665,1690,1824013,-0.07397260273972606
2014-11-17,1690,1760,1675,1690,1662844,0.0
2014-11-18,1690,1750,1680,1730,1196818,0.023668639053254337
2014-11-19,1745,1805,1725,1750,1252703,0.011560693641618602
2014-11-20,1775,1825,1730,1730,1622681,-0.011428571428571455
2014-11-21,1740,1780,1690,1695,1227312,-0.020231213872832332
2014-11-24,1700,1865,1675,1785,2490433,0.053097345132743445
2014-11-25,1790,1845,1760,1830,1204528,0.025210084033613356
2014-11-26,1815,1845,1795,1840,690655,0.005464480874316946
2014-11-27,1855,1860,1795,1830,710124,-0.005434782608695676
2014-11-28,1860,1860,1745,1745,839015,-0.04644808743169404
2014-12-01,1750,1780,1705,1755,403286,0.005730659025787954
2014-12-02,1760,1790,1740,1775,381111,0.01139601139601143
2014-12-03,1775,1875,1765,1795,1058971,0.011267605633802802
2014-12-04,1820,1840,1775,1800,448329,0.0027855153203342198
2014-12-05,1825,1900,1805,1860,1248882,0.03333333333333344
2014-12-08,1870,1890,1845,1860,589872,0.0
2014-12-09,1880,1905,1830,1850,625134,-0.005376344086021501
2014-12-10,1850,1850,1785,1820,499339,-0.01621621621621616
2014-12-11,1800,1960,1795,1935,1962090,0.06318681318681318
2014-12-12,1950,1960,1865,1880,1004137,-0.028423772609819098
2014-12-15,1850,1885,1840,1875,333796,-0.0026595744680850686
2014-12-16,1875,1930,1810,1825,740146,-0.026666666666666616
2014-12-17,1830,1875,1810,1835,585910,0.005479452054794498
2014-12-18,1840,1865,1680,1750,729101,-0.0463215258855586
2014-12-19,1770,1815,1735,1795,541258,0.0257142857142858
2014-12-22,1795,1830,1780,1810,431310,0.008356545961002881
2014-12-23,1810,1815,1685,1720,545250,-0.04972375690607733
2014-12-24,1730,1750,1700,1715,404191,-0.0029069767441860517
2014-12-26,1710,1725,1670,1670,453458,-0.026239067055393583
2014-12-29,1680,1720,1665,1700,333084,0.017964071856287456
2014-12-30,1705,1740,1695,1700,267798,0.0
2015-01-02,1700,1770,1700,1735,328992,0.020588235294117574
2015-01-05,1730,1760,1690,1755,495046,0.011527377521613813
2015-01-06,1775,2015,1765,1955,7531462,0.11396011396011385
2015-01-07,1980,2045,1935,1960,3218445,0.002557544757033181
2015-01-08,1965,2010,1945,1990,1270785,0.015306122448979664
2015-01-09,2020,2150,1975,2055,3471578,0.03266331658291466
2015-01-12,2060,2095,2010,2050,990744,-0.0024330900243308973
2015-01-13,2050,2110,1995,2005,1173384,-0.02195121951219514
2015-01-14,2005,2035,1940,1995,742483,-0.004987531172069848
2015-01-15,1995,2105,1975,2080,1429855,0.04260651629072676
2015-01-16,2080,2080,2000,2035,507581,-0.02163461538461542
2015-01-19,2035,2060,1980,1980,488582,-0.027027027027026973
2015-01-20,1980,2045,1965,2015,458127,0.017676767676767735
2015-01-21,2020,2030,1930,1945,594639,-0.0347394540942928
2015-01-22,1960,2015,1940,2005,644781,0.03084832904884327
2015-01-23,2045,2140,2005,2010,1473593,0.0024937655860348684
2015-01-26,2030,2045,1980,2040,487996,0.014925373134328401
2015-01-27,2055,2100,2015,2035,1033858,-0.002450980392156854
2015-01-28,1995,2045,1990,2020,595263,-0.0073710073710073765
2015-01-29,2020,2020,1955,1995,741972,-0.012376237623762387
2015-01-30,2015,2015,1915,1915,551174,-0.040100250626566414
2015-02-02,1910,1945,1900,1925,417799,0.005221932114882533
2015-02-03,1940,1940,1865,1880,385463,-0.023376623376623384
2015-02-04,1910,1955,1900,1945,273513,0.034574468085106336
2015-02-05,1945,2015,1940,1945,546605,0.0
2015-02-06,1960,2000,1955,1975,324946,0.015424164524421524
2015-02-09,1985,1985,1925,1985,360617,0.005063291139240533
2015-02-10,1985,2020,1940,1940,440729,-0.02267002518891692
2015-02-11,1930,1970,1920,1930,320864,-0.005154639175257714
2015-02-12,1930,1960,1905,1915,331419,-0.007772020725388629
2015-02-13,1915,1940,1905,1925,293798,0.005221932114882533
2015-02-16,1950,2040,1930,2030,1465017,0.05454545454545445
2015-02-17,2040,2050,2000,2020,485238,-0.0049261083743842304
2015-02-23,2050,2050,2000,2025,548737,0.0024752475247524774
2015-02-24,2020,2140,2020,2115,1430577,0.04444444444444451
2015-02-25,2135,2165,2070,2090,989345,-0.011820330969267157
2015-02-26,2075,2085,2000,2010,986118,-0.038277511961722466
2015-02-27,2010,2040,1995,2010,595915,0.0
2015-03-02,2020,2135,2010,2115,1237796,0.052238805970149294
2015-03-03,2150,2150,2075,2130,779833,0.007092198581560183
2015-03-04,2145,2290,2135,2200,2326268,0.032863849765258246
2015-03-05,2185,2220,2130,2145,849155,-0.025000000000000022
2015-03-06,2145,2210,2120,2175,947942,0.013986013986013957
2015-03-09,2170,2220,2065,2085,892112,-0.04137931034482756
2015-03-10,2115,2125,2045,2085,456661,0.0
2015-03-11,2075,2095,2050,2080,349153,-0.0023980815347721673
2015-03-12,2085,2155,2085,2110,529815,0.014423076923076872
2015-03-13,2145,2145,2105,2145,473362,0.016587677725118377
2015-03-16,2145,2155,2115,2115,377899,-0.013986013986013957
2015-03-17,2130,2145,2065,2075,538922,-0.01891252955082745
2015-03-18,2080,2105,2000,2030,660821,-0.02168674698795181
2015-03-19,2030,2045,1985,2025,398101,-0.0024630541871921707
2015-03-20,2025,2050,2005,2030,227846,0.0024691358024691024
2015-03-23,2030,2085,2020,2075,411490,0.022167487684729092
2015-03-24,2085,2170,2075,2135,733722,0.028915662650602414
2015-03-25,2140,2150,2070,2070,488987,-0.030444964871194413
2015-03-26,2050,2085,2035,2045,406759,-0.012077294685990392
2015-03-27,2045,2050,2010,2025,380071,-0.009779951100244544
2015-03-30,2025,2035,1970,1975,823501,-0.024691358024691357
2015-03-31,1975,2015,1930,2015,562801,0.020253164556962133
2015-04-01,2005,2020,1925,1960,981553,-0.027295285359801524
2015-04-02,1950,2000,1915,1990,647312,0.015306122448979664
2015-04-03,1990,2020,1975,2000,370787,0.005025125628140614
2015-04-06,2015,2075,1985,2025,509190,0.012499999999999956
2015-04-07,2030,2055,2000,2025,316556,0.0
2015-04-08,2025,2030,1985,2015,408157,-0.004938271604938316
2015-04-09,2025,2050,1995,2050,391309,0.017369727047146455
2015-04-10,2055,2155,2055,2125,1135037,0.03658536585365857
2015-04-13,2145,2150,2090,2130,556114,0.0023529411764706687
2015-04-14,2115,2130,2070,2110,490998,-0.009389671361502372
2015-04-15,2100,2160,2085,2155,840571,0.021327014218009532
2015-04-16,2160,2175,2110,2140,337260,-0.00696055684454755
2015-04-17,2140,2150,2090,2105,425615,-0.016355140186915862
2015-04-20,2085,2125,2080,2105,372802,0.0
2015-04-21,2110,2140,2080,2120,438091,0.0071258907363420665
2015-04-22,2110,2125,1990,2050,878259,-0.03301886792452835
2015-04-23,2050,2065,1960,1970,505415,-0.039024390243902474
2015-04-24,1980,2005,1920,1950,378797,-0.010152284263959421
2015-04-27,1920,1965,1850,1950,768461,0.0
2015-04-28,1930,1975,1895,1945,394251,-0.002564102564102555
2015-04-29,1930,1970,1855,1905,595461,-0.020565552699228773
2015-04-30,1905,1925,1885,1885,282385,-0.01049868766404205
2015-05-04,1885,1920,1780,1780,480458,-0.0557029177718833
2015-05-06,1750,1825,1745,1815,307492,0.0196629213483146
2015-05-07,1795,1870,1765,1850,221449,0.019283746556473913
2015-05-08,1870,1885,1830,1885,249560,0.018918918918918948
2015-05-11,1845,1865,1810,1840,434993,-0.023872679045092826
2015-05-12,1850,1945,1830,1920,323768,0.04347826086956519
2015-05-13,1900,1930,1900,1900,191204,-0.01041666666666663
2015-05-14,1890,1935,1890,1935,192312,0.018421052631578894
2015-05-15,1935,2050,1910,1960,607406,0.012919896640826822
2015-05-18,1975,1990,1925,1945,380531,-0.007653061224489832
2015-05-19,1925,1960,1915,1955,286443,0.005141388174807249
2015-05-20,1935,1960,1925,1925,267150,-0.01534526854219953
2015-05-21,1920,1930,1860,1900,341149,-0.012987012987012991
2015-05-22,1915,1925,1870,1895,171866,-0.0026315789473684292
2015-05-26,1895,2005,1865,2000,642104,0.0554089709762533
2015-05-27,1995,2200,1985,2150,2423685,0.07499999999999996
2015-05-28,2150,2320,2120,2255,1956727,0.04883720930232549
2015-05-29,2255,2290,2195,2210,931043,-0.019955654101995512
2015-06-01,2140,2160,2055,2110,803163,-0.04524886877828049
2015-06-02,2110,2210,2085,2150,741356,0.018957345971563955
2015-06-03,2125,2235,2105,2150,728750,0.0
2015-06-04,2165,2215,2155,2195,411187,0.020930232558139528
2015-06-05,2175,2200,2085,2085,359292,-0.05011389521640086
2015-06-08,2090,2215,2080,2205,693729,0.05755395683453246
2015-06-09,2225,2240,2180,2210,737033,0.0022675736961450532
2015-06-10,2210,2220,2100,2150,715657,-0.02714932126696834
2015-06-11,2160,2185,2095,2115,362396,-0.016279069767441867
2015-06-12,2145,2145,2045,2115,494280,0.0
2015-06-15,2135,2250,2100,2160,959126,0.02127659574468077
2015-06-16,2165,2275,2030,2060,2316362,-0.04629629629629628
2015-06-17,2060,2135,2000,2135,448543,0.03640776699029136
2015-06-18,2165,2165,2070,2110,453130,-0.011709601873536313
2015-06-19,2100,2110,2025,2070,418130,-0.018957345971563955
2015-06-22,2070,2085,2000,2080,434248,0.004830917874396157
2015-06-23,2100,2250,2080,2220,1154976,0.06730769230769229
2015-06-24,2235,2240,2165,2215,493352,-0.0022522522522522292
2015-06-25,2215,2215,2140,2140,563430,-0.033860045146726914
2015-06-26,2150,2190,2100,2160,481203,0.009345794392523255
2015-06-29,2110,2145,1975,1995,911609,-0.07638888888888884
2015-06-30,1970,2035,1950,2015,492263,0.010025062656641603
2015-07-01,2000,2060,2000,2045,318503,0.014888337468982549
2015-07-02,2050,2075,2035,2045,450815,0.0
2015-07-03,2060,2060,1995,2015,404884,-0.014669926650366705
2015-07-06,1980,2015,1960,1990,500634,-0.012406947890818865
2015-07-07,1990,2015,1915,1925,399291,-0.03266331658291455
2015-07-08,1925,1955,1850,1930,767027,0.0025974025974024872
2015-07-09,1900,1930,1800,1870,464979,-0.031088082901554404
2015-07-10,1865,1890,1840,1875,271164,0.002673796791443861
2015-07-13,1870,1965,1850,1950,320507,0.040000000000000036
2015-07-14,1980,1995,1940,1970,234916,0.01025641025641022
2015-07-15,1965,2010,1960,1985,227977,0.0076142131979695105
2015-07-16,1985,2055,1975,2015,562221,0.015113350125944613
2015-07-17,2005,2035,1995,2010,309300,-0.002481389578163795
2015-07-20,2010,2060,2010,2015,313399,0.0024875621890547706
2015-07-21,2030,2070,2000,2020,347107,0.002481389578163684
2015-07-22,2020,2020,1965,1980,345060,-0.01980198019801982
2015-07-23,1970,2015,1950,1960,150582,-0.010101010101010055
2015-07-24,1950,1980,1870,1900,625009,-0.030612244897959218
2015-07-27,1905,1910,1830,1830,386530,-0.0368421052631579
2015-07-28,1780,1860,1755,1845,424634,0.008196721311475308
2015-07-29,1850,1890,1825,1845,125906,0.0
2015-07-30,1850,1895,1815,1825,150478,-0.010840108401083959
2015-07-31,1795,1830,1775,1820,204351,-0.002739726027397249
2015-08-03,1805,1840,1805,1815,122214,-0.0027472527472527375
2015-08-04,1805,1910,1805,1895,228013,0.0440771349862259
2015-08-05,1885,1905,1870,1895,79926,0.0
2015-08-06,1890,1905,1870,1885,114068,-0.00527704485488123
2015-08-07,1875,1905,1840,1890,163702,0.0026525198938991412
2015-08-10,1890,1900,1840,1860,114968,-0.015873015873015928
2015-08-11,1855,1915,1850,1880,213312,0.010752688172043001
2015-08-12,1880,1880,1780,1840,318410,-0.021276595744680882
2015-08-13,1830,1920,1830,1910,256165,0.03804347826086962
2015-08-17,1920,1925,1875,1895,226568,-0.007853403141361293
2015-08-18,1850,1860,1810,1830,332785,-0.03430079155672827
2015-08-19,1850,1850,1630,1665,829067,-0.0901639344262295
2015-08-20,1585,1705,1585,1625,521661,-0.024024024024024038
2015-08-21,1585,1590,1445,1465,950543,-0.09846153846153849
2015-08-24,1315,1530,1315,1415,1325887,-0.03412969283276446
2015-08-25,1425,1495,1425,1480,678708,0.04593639575971742
2015-08-26,1500,1550,1475,1495,615937,0.010135135135135087
2015-08-27,1515,1580,1510,1565,399422,0.04682274247491636
2015-08-28,1600,1735,1575,1660,527902,0.060702875399361034
2015-08-31,1690,1710,1650,1675,239636,0.009036144578313143
2015-09-01,1680,1815,1675,1750,668463,0.04477611940298498
2015-09-02,1715,1765,1580,1755,306224,0.0028571428571428914
2015-09-03,1775,1790,1735,1770,217855,0.008547008547008517
2015-09-04,1785,1795,1725,1750,318808,-0.011299435028248594
2015-09-07,1730,1770,1715,1730,138265,-0.011428571428571455
2015-09-08,1770,1790,1725,1750,197348,0.011560693641618602
2015-09-09,1775,1790,1735,1760,167510,0.005714285714285783
2015-09-10,1750,1790,1750,1780,108261,0.011363636363636465
2015-09-11,1780,1855,1775,1815,358713,0.0196629213483146
2015-09-14,1790,1860,1780,1820,89866,0.0027548209366390353
2015-09-15,1820,1845,1790,1805,63587,-0.008241758241758212
2015-09-16,1805,1845,1800,1820,158338,0.008310249307479145
2015-09-17,1820,1840,1805,1810,103180,-0.005494505494505475
2015-09-18,1820,1840,1795,1840,177571,0.016574585635359185
2015-09-21,1810,1840,1800,1810,112122,-0.016304347826086918
2015-09-22,1830,1905,1810,1890,289402,0.04419889502762442
2015-09-23,1890,1900,1840,1875,227977,-0.007936507936507908
2015-09-24,1870,1965,1870,1935,309504,0.03200000000000003
2015-09-25,1935,1960,1900,1940,196032,0.0025839793281654533
2015-09-30,1940,1975,1925,1945,204488,0.002577319587628857
2015-10-01,1935,1970,1930,1960,221047,0.007712082262210762
2015-10-02,1970,1970,1930,1955,103044,-0.0025510204081632404
2015-10-05,1975,2140,1950,2060,522989,0.053708439897698135
2015-10-06,2070,2105,2000,2050,615741,-0.004854368932038833
2015-10-07,2095,2100,2000,2025,276754,-0.012195121951219523
2015-10-08,2045,2110,2015,2025,230729,0.0
2015-10-12,2055,2095,2030,2080,319309,0.02716049382716057
2015-10-13,2080,2110,2035,2085,275707,0.0024038461538462563
2015-10-14,2070,2100,1955,1985,342660,-0.04796163069544368
2015-10-15,1985,2180,1955,2080,869198,0.04785894206549113
2015-10-16,2055,2090,2000,2045,286395,-0.016826923076923128
2015-10-19,2045,2070,2015,2040,195543,-0.0024449877750610804
2015-10-20,2040,2080,2035,2040,169399,0.0
2015-10-21,2030,2080,2030,2060,166670,0.009803921568627416
2015-10-22,2045,2070,2030,2030,133534,-0.014563106796116498
2015-10-23,2040,2070,2020,2025,146814,-0.0024630541871921707
2015-10-26,2045,2110,2045,2070,391144,0.022222222222222143
2015-10-27,2055,2170,2055,2085,593547,0.007246376811594235
2015-10-28,2095,2155,2080,2140,437043,0.026378896882494063
2015-10-29,2160,2165,2080,2080,306478,-0.028037383177570097
2015-10-30,2080,2125,2065,2080,199987,0.0
2015-11-02,2065,2090,2050,2085,192847,0.0024038461538462563
2015-11-03,2095,2115,2060,2090,193849,0.0023980815347721673
2015-11-04,2095,2120,2065,2110,234008,0.009569377990430672
2015-11-05,2140,2140,2070,2075,189377,-0.016587677725118488
2015-11-06,2080,2080,2035,2075,334210,0.0
2015-11-09,2075,2090,1980,1985,324029,-0.04337349397590362
2015-11-10,1985,1985,1865,1900,323949,-0.04282115869017633
2015-11-11,1900,1960,1900,1940,67985,0.021052631578947434
2015-11-12,1940,2105,1940,2090,535743,0.07731958762886593
2015-11-13,2055,2115,2040,2115,221288,0.011961722488038173
2015-11-16,2060,2095,2030,2040,157162,-0.03546099290780147
2015-11-17,2055,2145,2055,2120,448529,0.03921568627450989
2015-11-18,2140,2205,2085,2090,363299,-0.014150943396226467
2015-11-19,2100,2170,2095,2160,409700,0.03349282296650724
2015-11-20,2150,2235,2135,2220,647422,0.02777777777777768
2015-11-23,2240,2240,2170,2175,343358,-0.020270270270270285
2015-11-24,2155,2240,2150,2240,491629,0.029885057471264354
2015-11-25,2220,2265,2210,2240,270372,0.0
2015-11-26,2220,2270,2220,2240,244853,0.0
2015-11-27,2255,2440,2255,2335,2010659,0.04241071428571419
2015-11-30,2295,2400,2280,2335,414838,0.0
2015-12-01,2335,2385,2310,2335,365703,0.0
2015-12-02,2335,2355,2230,2230,651461,-0.04496788008565311
2015-12-03,2245,2280,2200,2265,388732,0.015695067264573925
2015-12-04,2215,2485,2205,2330,964099,0.028697571743929284
2015-12-07,2335,2360,2290,2345,395988,0.006437768240343367
2015-12-08,2315,2360,2275,2310,330094,-0.014925373134328401
2015-12-09,2275,2335,2265,2265,341645,-0.01948051948051943
2015-12-10,2270,2300,2200,2225,177118,-0.017660044150110354
2015-12-11,2255,2255,2145,2200,268886,-0.011235955056179803
2015-12-14,2160,2180,2060,2095,279167,-0.04772727272727273
2015-12-15,2095,2130,2090,2110,130445,0.007159904534606243
2015-12-16,2130,2205,2130,2185,255280,0.035545023696682554
2015-12-17,2220,2255,2190,2200,154849,0.006864988558352492
2015-12-18,2210,2210,2060,2190,160287,-0.004545454545454519
2015-12-21,2150,2200,2145,2175,233866,-0.006849315068493178
2015-12-22,2200,2225,2140,2160,195487,-0.006896551724137945
2015-12-23,2170,2180,2085,2150,214395,-0.00462962962962965
2015-12-24,2150,2175,2080,2120,257333,-0.013953488372092981
2015-12-28,2130,2130,2065,2090,208201,-0.014150943396226467
2015-12-29,2100,2205,2070,2170,265742,0.038277511961722466
2015-12-30,2255,2350,2210,2230,887281,0.02764976958525356
2016-01-04,2285,2285,2130,2130,487786,-0.04484304932735428
2016-01-05,2060,2235,2060,2235,456448,0.04929577464788726
2016-01-06,2260,2305,2195,2250,404389,0.006711409395973256
2016-01-07,2215,2250,2150,2170,280745,-0.03555555555555556
2016-01-08,2130,2140,2055,2105,312848,-0.02995391705069128
2016-01-11,2100,2165,2070,2150,212036,0.0213776722090262
2016-01-12,2335,2795,2335,2795,1946273,0.30000000000000004
2016-01-13,3120,3300,2750,2845,25285645,0.017889087656529412
2016-01-14,2825,2890,2730,2885,7564201,0.014059753954305698
2016-01-15,3020,3020,2560,2560,6771998,-0.11265164644714043
2016-01-18,2510,2665,2490,2550,2571338,-0.00390625
2016-01-19,2550,2625,2520,2550,1898821,0.0
2016-01-20,2560,2805,2555,2630,6968341,0.031372549019607954
2016-01-21,2645,3415,2640,3150,25197510,0.19771863117870714
2016-01-22,3245,3645,2950,3210,22196914,0.01904761904761898
2016-01-25,3380,3640,3205,3315,14164203,0.032710280373831724
2016-01-26,3245,3245,3000,3000,2136463,-0.09502262443438914
2016-01-27,3150,3165,3060,3165,1076032,0.05499999999999994
2016-01-28,3165,3425,3165,3400,1328650,0.07424960505529232
2016-01-29,3410,3950,3325,3710,16358091,0.09117647058823519
2016-02-01,3855,4055,3800,3840,7431117,0.03504043126684642
2016-02-02,3745,3990,3625,3975,4524442,0.03515625
2016-02-03,4005,4060,3835,3835,3299115,-0.035220125786163514
2016-02-04,3805,3845,3510,3585,3421942,-0.06518904823989569
2016-02-05,3610,3800,3580,3715,2174413,0.036262203626220346
2016-02-11,3440,3535,3325,3365,1856941,-0.0942126514131898
2016-02-12,3345,3600,3180,3345,3637795,-0.005943536404160454
2016-02-15,3370,3560,2990,3240,2869919,-0.03139013452914796
2016-02-16,3270,3460,3180,3350,1470875,0.033950617283950546
2016-02-17,3405,3405,3130,3185,1035377,-0.04925373134328359
2016-02-18,3230,3310,3155,3175,814034,-0.0031397174254317317
2016-02-19,3140,3375,3135,3190,1371898,0.0047244094488188
2016-02-22,3200,3385,3200,3255,1387574,0.020376175548589393
2016-02-23,3240,3250,3090,3140,1137240,-0.03533026113671278
2016-02-24,3100,3260,3030,3135,2106177,-0.0015923566878981443
2016-02-25,3330,4075,3330,4075,22604004,0.29984051036682624
2016-02-26,4365,4520,3895,3925,25891434,-0.036809815950920255
2016-02-29,4045,4080,3765,3900,7527840,-0.006369426751592355
2016-03-02,3990,4060,3870,3970,6989406,0.017948717948717885
2016-03-03,3900,4110,3775,3870,7427865,-0.02518891687657432
2016-03-04,3800,3915,3770,3880,2032602,0.0025839793281654533
2016-03-07,3950,3950,3750,3760,1877603,-0.030927835051546393
2016-03-08,3665,4330,3665,4160,11933552,0.1063829787234043
2016-03-09,4160,4535,4060,4220,9794622,0.014423076923076872
2016-03-10,4200,4375,4175,4350,2900777,0.0308056872037914
2016-03-11,4300,4370,4220,4325,2145611,-0.005747126436781658
2016-03-14,4350,4950,4235,4235,13072156,-0.020809248554913284
2016-03-15,4260,4265,4040,4090,2753581,-0.03423848878394331
2016-03-16,4080,4190,3950,4065,2547531,-0.006112469437652757
2016-03-17,4005,4345,3990,4000,3644684,-0.01599015990159902
2016-03-18,4035,4115,3990,4045,1530303,0.011249999999999982
2016-03-21,4050,4075,3995,4035,1082653,-0.0024721878862793423
2016-03-22,4015,4100,3935,4040,2406516,0.0012391573729864103
2016-03-23,4030,4055,3940,3940,1436374,-0.024752475247524774
2016-03-24,3940,4100,3930,3960,1946427,0.0050761421319796
2016-03-25,3960,4055,3950,3970,1359054,0.002525252525252597
2016-03-28,4000,4040,3790,3795,1720353,-0.044080604534005086
2016-03-29,3810,3965,3805,3845,855830,0.013175230566534912
2016-03-30,3895,3910,3765,3890,863380,0.011703511053315907
2016-03-31,3885,3885,3795,3795,716614,-0.024421593830334154
2016-04-01,3785,3835,3770,3790,622288,-0.0013175230566534468
2016-04-04,3780,4075,3780,3950,1984384,0.04221635883905006
2016-04-05,3970,4065,3885,3885,1328440,-0.016455696202531622
2016-04-06,3910,3950,3720,3730,1064733,-0.039897039897039854
2016-04-07,3725,3805,3665,3695,855808,-0.009383378016085797
2016-04-08,3695,3830,3605,3710,968023,0.004059539918809252
2016-04-11,3760,3810,3695,3710,659821,0.0
2016-04-12,3715,3755,3650,3700,539279,-0.0026954177897574594
2016-04-14,3700,3720,3520,3520,1126026,-0.048648648648648596
2016-04-15,3500,3690,3485,3590,713461,0.019886363636363535
2016-04-18,3650,3695,3595,3600,491659,0.0027855153203342198
2016-04-19,3600,4000,3530,3880,2578918,0.07777777777777772
2016-04-20,3885,4165,3860,3860,4623035,-0.005154639175257714
2016-04-21,3870,3980,3835,3845,960522,-0.0038860103626943143
2016-04-22,3900,3935,3835,3910,981591,0.016905071521456483
2016-04-25,3945,4470,3940,4050,10683670,0.03580562659846542
2016-04-26,4010,4050,3820,3825,2192076,-0.05555555555555558
2016-04-27,3865,3965,3825,3825,1221487,0.0
2016-04-28,3890,4030,3790,3795,2214085,-0.007843137254901933
2016-04-29,3855,3910,3720,3720,1118930,-0.01976284584980237
2016-05-02,3620,3695,3605,3650,982677,-0.018817204301075252
2016-05-03,3635,3760,3625,3710,794139,0.016438356164383494
2016-05-04,3730,3730,3645,3655,496503,-0.014824797843665749
2016-05-09,3765,4180,3655,3675,12102235,0.00547195622435015
2016-05-10,3750,3750,3635,3700,1306370,0.006802721088435382
2016-05-11,3755,3840,3700,3745,1160036,0.012162162162162149
2016-05-12,3725,3940,3710,3845,1384949,0.026702269692923997
2016-05-13,3920,3945,3795,3800,1053147,-0.011703511053316018
2016-05-16,3750,3785,3635,3655,1240527,-0.03815789473684206
2016-05-17,3615,3650,3445,3480,1540347,-0.04787961696306431
2016-05-18,3405,3510,3350,3390,942141,-0.025862068965517238
2016-05-19,3390,3600,3390,3470,829131,0.02359882005899716
2016-05-20,3420,3560,3420,3470,499917,0.0
2016-05-23,3500,3525,3440,3500,569258,0.008645533141210304
2016-05-24,3530,3530,3320,3320,1020568,-0.05142857142857138
2016-05-25,3320,3435,3320,3375,763280,0.016566265060240948
2016-05-26,3430,3450,3185,3230,1002342,-0.04296296296296298
2016-05-27,3235,3700,3100,3160,4801202,-0.021671826625387025
2016-05-30,3190,3290,3155,3195,803918,0.011075949367088667
2016-05-31,3235,3245,3175,3175,534947,-0.006259780907668211
2016-06-01,3210,3490,3190,3250,2249857,0.023622047244094446
2016-06-02,3275,3280,3190,3200,530906,-0.01538461538461533
2016-06-03,3210,3235,3175,3175,436552,-0.0078125
2016-06-07,3215,3240,3170,3185,367845,0.0031496062992126816
2016-06-08,3200,3225,3115,3125,472803,-0.01883830455259028
2016-06-09,3090,3140,3045,3045,697605,-0.025599999999999956
2016-06-10,3050,3100,3020,3025,500010,-0.006568144499178974
2016-06-13,3010,3035,2890,2900,825793,-0.04132231404958675
2016-06-14,2855,2985,2855,2875,783304,-0.008620689655172376
2016-06-15,2835,2905,2825,2825,589967,-0.017391304347826098
2016-06-16,2830,2920,2760,2795,650855,-0.010619469026548645
2016-06-17,2820,3000,2780,2845,1449251,0.017889087656529412
2016-06-20,2845,2875,2765,2780,591327,-0.02284710017574687
2016-06-21,2795,2840,2725,2725,726129,-0.01978417266187049
2016-06-22,2740,2780,2675,2675,616164,-0.01834862385321101
2016-06-23,2675,2700,2545,2580,802798,-0.03551401869158877
2016-06-24,2605,2775,2390,2530,2009155,-0.019379844961240345
2016-06-27,2430,2580,2405,2455,1123691,-0.029644268774703608
2016-06-28,2420,2610,2420,2555,1038832,0.04073319755600813
2016-06-29,2590,2765,2570,2620,1270167,0.02544031311154593
2016-06-30,2630,2755,2605,2640,726878,0.007633587786259444
2016-07-01,2700,3285,2660,3015,17360597,0.14204545454545459
2016-07-04,3100,3105,2965,3020,2051994,0.0016583747927032544
2016-07-05,3030,3050,2905,2940,1471626,-0.026490066225165587
2016-07-06,2890,2930,2800,2850,1110410,-0.030612244897959218
2016-07-07,2900,3120,2880,3040,3707128,0.06666666666666665
2016-07-08,2995,3065,2960,2980,1160551,-0.019736842105263164
2016-07-11,2985,3010,2950,2955,601981,-0.008389261744966459
2016-07-12,2985,3005,2930,2980,623789,0.008460236886632888
2016-07-13,3000,3100,2990,3035,1314533,0.01845637583892623
2016-07-14,3040,3050,2970,3025,528507,-0.0032948929159802853
2016-07-15,3050,3105,3000,3040,804876,0.0049586776859504855
2016-07-18,3015,3100,2975,3065,696803,0.008223684210526327
2016-07-19,3085,3100,2995,3015,658787,-0.01631321370309946
2016-07-20,2995,3015,2905,2925,710980,-0.02985074626865669
2016-07-21,2935,3035,2935,2990,541156,0.022222222222222143
2016-07-22,3005,3005,2935,2950,285793,-0.013377926421404673
2016-07-25,2955,3035,2940,2960,448425,0.003389830508474523
2016-07-26,2955,3000,2910,2940,549467,-0.006756756756756799
2016-07-27,2970,3030,2950,2980,478800,0.013605442176870763
2016-07-28,3025,3035,2940,2940,390931,-0.01342281879194629
2016-07-29,2945,3010,2930,3010,615323,0.023809523809523725
2016-08-01,3010,3060,2975,3030,728439,0.006644518272425293
2016-08-02,2990,3030,2965,2990,537373,-0.01320132013201325
2016-08-03,2985,2995,2920,2950,382923,-0.013377926421404673
2016-08-04,2935,3015,2930,2935,450286,-0.005084745762711895
2016-08-05,2965,3000,2920,2925,347817,-0.0034071550255536653
2016-08-08,2960,2960,2850,2860,342010,-0.022222222222222254
2016-08-09,2850,3005,2845,2970,926650,0.03846153846153855
2016-08-10,2950,2990,2890,2900,476729,-0.023569023569023573
2016-08-11,2905,2920,2855,2855,304641,-0.01551724137931032
2016-08-12,2855,2955,2840,2865,587845,0.003502626970227629
2016-08-16,2865,2965,2830,2830,619816,-0.012216404886561949
2016-08-17,2835,2850,2700,2740,671764,-0.03180212014134276
2016-08-18,2745,2890,2735,2740,673956,0.0
2016-08-19,2740,2785,2690,2710,443215,-0.010948905109489093
2016-08-22,2710,2735,2630,2630,381970,-0.029520295202952074
2016-08-23,2620,2710,2610,2620,317460,-0.0038022813688213253
2016-08-24,2625,2640,2540,2590,490364,-0.011450381679389277
2016-08-25,2580,2620,2520,2525,666540,-0.025096525096525046
2016-08-26,2525,3120,2455,2695,14286785,0.06732673267326739
2016-08-29,2705,2725,2525,2525,2158858,-0.06307977736549164
2016-08-30,2500,2530,2355,2360,1981067,-0.0653465346534653
2016-08-31,2360,2630,2330,2415,3646143,0.02330508474576276
2016-09-01,2390,2480,2385,2405,827764,-0.0041407867494823725
2016-09-02,2410,2470,2385,2440,423601,0.01455301455301461
2016-09-05,2445,2525,2445,2500,609564,0.024590163934426146
2016-09-06,2515,2680,2490,2600,1861321,0.040000000000000036
2016-09-07,2645,2965,2615,2770,7233123,0.06538461538461537
2016-09-08,2725,2940,2625,2745,4222779,-0.009025270758122761
2016-09-09,2715,2765,2605,2605,1059407,-0.051001821493624755
2016-09-12,2510,2650,2510,2545,750036,-0.02303262955854124
2016-09-13,2560,2780,2560,2635,1475453,0.035363457760314354
2016-09-19,2615,2710,2605,2690,917569,0.020872865275142205
2016-09-20,2710,2780,2695,2715,821422,0.009293680297397744
2016-09-21,2775,2890,2730,2810,1799220,0.03499079189686927
2016-09-22,2820,2880,2780,2800,784735,-0.003558718861209953
2016-09-23,2825,2875,2795,2815,665861,0.005357142857142838
2016-09-26,2815,2845,2710,2720,661076,-0.03374777975133214
2016-09-27,2720,2785,2700,2770,421377,0.018382352941176405
2016-09-28,2795,2825,2745,2755,318830,-0.005415162454873612
2016-09-29,2760,2820,2745,2770,389066,0.005444646098003547
2016-09-30,2750,2770,2690,2710,463592,-0.02166064981949456
2016-10-04,2710,2795,2710,2785,352425,0.027675276752767486
2016-10-05,2750,2890,2745,2825,1339681,0.014362657091562037
2016-10-06,2850,2890,2825,2845,758740,0.0070796460176991705
2016-10-07,2850,2890,2780,2780,594014,-0.02284710017574687
2016-10-10,2780,2830,2745,2745,356207,-0.01258992805755399
2016-10-11,2735,2825,2730,2735,464183,-0.0036429872495445936
2016-10-12,2735,3100,2700,2755,4374399,0.007312614259597838
2016-10-13,2765,2870,2735,2735,1868018,-0.007259528130671544
2016-10-14,2755,2760,2585,2675,974659,-0.021937842778793404
2016-10-17,2675,2675,2590,2590,478418,-0.03177570093457949
2016-10-18,2590,2880,2515,2610,3171461,0.007722007722007707
2016-10-19,2630,2735,2600,2720,986602,0.04214559386973171
2016-10-20,2730,2785,2680,2720,666488,0.0
2016-10-21,2735,2765,2670,2720,320353,0.0
2016-10-24,2795,2915,2745,2770,4101138,0.018382352941176405
2016-10-25,2800,2855,2740,2770,1504713,0.0
2016-10-26,2790,2865,2685,2795,2613398,0.00902527075812265
2016-10-27,2775,2860,2775,2825,1113435,0.01073345259391778
2016-10-28,2855,3000,2850,2965,4191370,0.04955752212389375
2016-10-31,3040,3225,2935,2935,10281164,-0.010118043844856706
2016-11-01,2950,3045,2800,3005,2799036,0.023850085178875657
2016-11-02,3025,3190,2905,2910,6428908,-0.03161397670549082
2016-11-03,2880,3130,2880,3125,6050627,0.07388316151202745
2016-11-04,3185,3280,3055,3105,7394310,-0.006399999999999961
2016-11-07,3150,3200,3070,3085,2626534,-0.006441223832528209
2016-11-08,3125,3185,3050,3050,1559824,-0.011345218800648316
2016-11-09,3060,3080,2645,2810,4175326,-0.07868852459016396
2016-11-10,2920,2980,2870,2950,1784507,0.04982206405693956
2016-11-11,2950,2965,2880,2885,898789,-0.02203389830508473
2016-11-14,2915,2990,2850,2990,1149938,0.03639514731369142
2016-11-15,3020,3165,3000,3030,4328701,0.013377926421404673
2016-11-16,3065,3230,3040,3155,3395154,0.041254125412541365
2016-11-17,3325,3625,3260,3360,25287712,0.06497622820919169
2016-11-18,3500,3565,3340,3350,8463686,-0.0029761904761904656
2016-11-21,3410,3555,3365,3435,7674900,0.025373134328358304
2016-11-22,3520,3590,3375,3445,4926324,0.0029112081513829047
2016-11-23,3430,3480,3230,3280,4017053,-0.04789550072568938
2016-11-24,3245,3340,3140,3240,2694330,-0.012195121951219523
2016-11-25,3240,3340,3180,3240,1921397,0.0
2016-11-28,3255,3280,3175,3205,1487278,-0.010802469135802517
2016-11-29,3205,3335,3160,3265,3414340,0.018720748829953227
2016-11-30,3325,3400,3240,3245,3164448,-0.006125574272588086
2016-12-01,3335,3425,3260,3265,6246348,0.006163328197226425
2016-12-02,3300,3380,3055,3080,4308301,-0.05666156202143946
2016-12-05,3080,3140,2990,3025,1828340,-0.017857142857142905
2016-12-06,3065,3085,3005,3005,1497108,-0.006611570247933907
2016-12-07,3040,3085,2945,3020,1570428,0.004991680532445919
2016-12-08,3050,3075,3000,3035,840818,0.004966887417218624
2016-12-09,3060,3060,2980,3010,1042628,-0.008237232289950547
2016-12-12,3050,3130,3005,3090,1548754,0.02657807308970095
2016-12-13,3120,3150,3070,3100,1305677,0.003236245954692629
2016-12-14,3120,3120,3010,3015,967102,-0.02741935483870972
2016-12-15,3015,3060,2985,3030,747911,0.004975124378109541
2016-12-16,3030,3055,2975,3000,992225,-0.00990099009900991
2016-12-19,3000,3015,2885,2935,1365265,-0.021666666666666612
2016-12-20,2950,2950,2885,2900,915558,-0.011925042589437829
2016-12-21,2900,3020,2900,2985,1445697,0.02931034482758621
2016-12-22,2965,3115,2920,3070,1714602,0.028475711892797406
2016-12-23,3065,3095,2975,3000,900506,-0.0228013029315961
2016-12-26,3000,3075,2925,2930,891382,-0.023333333333333317
2016-12-27,2935,2965,2900,2940,638909,0.0034129692832765013
2016-12-28,2950,2965,2900,2920,409882,-0.006802721088435382
2016-12-29,2940,2980,2920,2955,503895,0.011986301369863117
2017-01-02,2955,2955,2905,2930,429277,-0.008460236886632777
2017-01-03,2925,2975,2895,2915,1024828,-0.005119453924914641
2017-01-04,2915,2930,2780,2795,2555882,-0.04116638078902235
2017-01-05,2795,2940,2760,2940,2647109,0.051878354203935606
2017-01-06,3075,3100,2910,2910,4325382,-0.010204081632653073
2017-01-09,2910,2975,2910,2925,779397,0.005154639175257714
2017-01-10,2925,2935,2840,2840,735621,-0.029059829059829068
2017-01-11,2855,2930,2840,2905,897036,0.022887323943661997
2017-01-12,2945,2945,2855,2860,543712,-0.015490533562822706
2017-01-13,2855,2990,2855,2870,1653908,0.0034965034965035446
2017-01-16,2920,2925,2830,2840,590412,-0.010452961672473893
2017-01-17,2840,2895,2820,2820,533974,-0.007042253521126751
2017-01-18,2815,2940,2810,2865,1863654,0.015957446808510634
2017-01-19,2870,2985,2870,2925,3076686,0.020942408376963373
2017-01-20,2945,2970,2895,2895,751754,-0.01025641025641022
2017-01-23,2900,2920,2830,2830,492021,-0.022452504317789335
2017-01-24,2810,2845,2790,2805,633901,-0.00883392226148405
2017-01-25,2815,2840,2560,2730,1218999,-0.0267379679144385
2017-01-26,2730,2855,2730,2830,724954,0.03663003663003672
2017-01-31,2830,2915,2795,2830,799599,0.0
2017-02-01,2870,2915,2840,2875,588737,0.01590106007067127
2017-02-02,2875,2895,2760,2765,862430,-0.03826086956521735
2017-02-03,2765,2780,2715,2730,513860,-0.012658227848101222
2017-02-06,2700,2745,2660,2710,569840,-0.0073260073260073
2017-02-07,2690,2740,2680,2715,467852,0.0018450184501845879
2017-02-08,2700,2715,2620,2620,635900,-0.03499079189686927
2017-02-09,2600,2680,2600,2655,435477,0.013358778625954137
2017-02-10,2660,2680,2610,2620,337992,-0.013182674199623379
2017-02-13,2615,2705,2595,2675,448273,0.020992366412213803
2017-02-14,2675,2700,2650,2690,214841,0.005607476635514086
2017-02-15,2690,2695,2645,2665,319444,-0.009293680297397744
2017-02-16,2670,2735,2660,2715,435192,0.018761726078799335
2017-02-17,2735,2830,2670,2720,1141947,0.0018416206261511192
2017-02-20,2750,2850,2710,2750,1048089,0.011029411764705843
2017-02-21,2785,2890,2785,2815,2338412,0.023636363636363678
2017-02-22,2830,2860,2800,2815,450018,0.0
2017-02-23,2805,2845,2765,2765,347378,-0.017761989342806372
2017-02-24,2785,2795,2700,2700,477159,-0.023508137432188048
2017-02-27,2705,2725,2685,2695,275750,-0.0018518518518518823
2017-02-28,2695,2715,2680,2680,303866,-0.005565862708719838
2017-03-02,2690,2710,2650,2655,383197,-0.009328358208955279
2017-03-03,2630,2645,2500,2520,1058229,-0.05084745762711862
2017-03-06,2470,2625,2450,2595,560906,0.029761904761904656
2017-03-07,2570,2630,2570,2590,159117,-0.0019267822736031004
2017-03-08,2580,2600,2530,2545,244083,-0.01737451737451734
2017-03-09,2550,2580,2530,2530,277789,-0.005893909626719096
2017-03-10,2530,2610,2515,2575,402831,0.01778656126482203
2017-03-13,2570,2650,2560,2595,374536,0.007766990291262044
2017-03-14,2635,2640,2585,2585,252956,-0.003853564547206201
2017-03-15,2585,2645,2575,2615,345338,0.011605415860735047
2017-03-16,2625,2740,2620,2710,1374575,0.03632887189292533
2017-03-17,2720,2760,2685,2705,366460,-0.0018450184501844769
2017-03-20,2690,2705,2660,2700,293392,-0.001848428835489857
2017-03-21,2700,2760,2675,2715,604011,0.005555555555555536
2017-03-22,2715,2730,2665,2665,455452,-0.018416206261510082
2017-03-23,2665,2750,2655,2675,618938,0.0037523452157599557
2017-03-24,2675,2805,2655,2740,1642149,0.024299065420560817
2017-03-27,2765,2765,2670,2685,701889,-0.02007299270072993
2017-03-28,2665,2725,2620,2705,1217874,0.007448789571694592
2017-03-29,2735,2830,2735,2745,1670901,0.014787430683918634
2017-03-30,2775,2775,2715,2745,676451,0.0
2017-03-31,2770,2800,2720,2720,604823,-0.00910746812386154
2017-04-03,2720,2740,2675,2680,572836,-0.014705882352941124
2017-04-04,2705,2745,2685,2700,789393,0.00746268656716409
2017-04-05,2705,2765,2680,2755,862186,0.020370370370370372
2017-04-06,2760,2815,2745,2750,1089684,-0.001814882032667886
2017-04-07,2745,2765,2710,2710,378808,-0.014545454545454528
2017-04-10,2690,2710,2585,2600,785014,-0.040590405904059046
2017-04-11,2575,2645,2545,2605,424967,0.0019230769230769162
2017-04-12,2585,2610,2560,2580,446379,-0.009596928982725572
2017-04-13,2580,2710,2570,2690,693215,0.04263565891472876
2017-04-14,2690,2735,2635,2690,535564,0.0
2017-04-17,2665,3095,2660,2925,29953747,0.08736059479553893
2017-04-18,3085,3130,2875,2900,14394687,-0.008547008547008517
2017-04-19,2930,2945,2810,2820,4701057,-0.02758620689655178
2017-04-20,2840,3020,2835,2890,9242546,0.024822695035461084
2017-04-21,2910,3010,2880,2930,6799347,0.01384083044982698
2017-04-24,2915,2960,2810,2820,2598032,-0.03754266211604096
2017-04-25,2855,2945,2820,2880,4205442,0.02127659574468077
2017-04-26,2870,2950,2870,2890,2662414,0.003472222222222321
2017-04-27,2945,2980,2875,2875,4344317,-0.00519031141868509
2017-04-28,2880,2905,2805,2810,1607844,-0.022608695652173938
2017-05-02,2865,2870,2815,2835,1079518,0.008896797153024938
2017-05-04,2805,2850,2805,2850,596303,0.005291005291005346
2017-05-08,2835,2885,2830,2870,854181,0.007017543859649145
2017-05-10,2915,2940,2835,2835,1088856,-0.012195121951219523
2017-05-11,2845,3035,2840,2920,2900916,0.029982363315696592
2017-05-12,2935,2970,2885,2955,1928929,0.011986301369863117
2017-05-15,2955,2965,2900,2930,1122771,-0.008460236886632777
2017-05-16,2940,3750,2885,3515,58965584,0.19965870307167233
2017-05-17,3540,3720,3330,3360,25886908,-0.04409672830725464
2017-05-18,3325,3610,3250,3440,17666720,0.023809523809523725
2017-05-19,3435,3490,3265,3300,7228333,-0.04069767441860461
2017-05-22,3265,3385,3180,3240,6640276,-0.018181818181818188
2017-05-23,3270,3355,3215,3270,5639477,0.0092592592592593
2017-05-24,3250,3280,3095,3115,5341325,-0.04740061162079512
2017-05-25,3100,3150,3070,3125,3094286,0.0032102728731941976
2017-05-26,3160,3175,3055,3055,3309870,-0.022399999999999975
2017-05-29,3060,3100,2945,2945,3148758,-0.036006546644844484
2017-05-30,2950,3045,2945,2985,1994418,0.013582342954159499
2017-05-31,2985,3055,2955,3000,2184147,0.005025125628140614
2017-06-01,3155,3175,2955,2955,5174904,-0.015000000000000013
2017-06-02,2965,3015,2920,2940,1814690,-0.005076142131979711
2017-06-05,2910,2940,2890,2915,1357489,-0.008503401360544172
2017-06-07,2905,2930,2880,2900,1036234,-0.005145797598627766
2017-06-08,2900,2940,2875,2890,1044950,-0.0034482758620689724
2017-06-09,2885,3035,2875,2940,2576306,0.01730103806228378
2017-06-12,2950,2975,2895,2950,1786713,0.00340136054421758
2017-06-13,2955,3045,2950,2990,2224167,0.013559322033898313
2017-06-14,3010,3020,2950,2950,1042419,-0.013377926421404673
2017-06-15,2950,2980,2905,2920,1013464,-0.01016949152542368
2017-06-16,2925,3020,2925,2940,2517738,0.006849315068493178
2017-06-19,2945,2970,2900,2930,1005275,-0.003401360544217691
2017-06-20,2930,3015,2910,2995,1976662,0.022184300341296925
2017-06-21,3030,3175,3015,3065,7502648,0.023372287145241977
2017-06-22,3085,3105,2995,3030,2307512,-0.011419249592169667
2017-06-23,3090,3125,3060,3070,2243024,0.013201320132013139
2017-06-26,3075,3145,3050,3100,2112576,0.009771986970684043
2017-06-27,3100,3120,3025,3080,1687804,-0.006451612903225823
2017-06-28,3070,3180,3050,3130,3090427,0.016233766233766156
2017-06-29,3175,3195,3110,3130,2558700,0.0
2017-06-30,3075,3150,3075,3080,1052031,-0.015974440894568676
2017-07-03,3080,3095,2985,3005,1659456,-0.024350649350649345
2017-07-04,2985,3045,2940,2985,1137518,-0.006655574043261225
2017-07-05,2980,3075,2970,3065,1066647,0.02680067001675046
2017-07-06,3055,3095,3020,3070,686677,0.0016313213703098572
2017-07-07,3065,3155,3045,3060,2313376,-0.0032573289902280145
2017-07-10,3070,3165,3045,3145,2613602,0.02777777777777768
2017-07-11,3135,3240,3095,3215,3635508,0.022257551669316422
2017-07-12,3215,3235,3075,3080,2343047,-0.0419906687402799
2017-07-13,3120,3160,3080,3110,1774395,0.009740259740259827
2017-07-14,3105,3130,3030,3045,1302623,-0.020900321543408373
2017-07-17,3085,3130,3035,3045,1393496,0.0
2017-07-18,3045,3065,2910,2935,2201811,-0.03612479474548436
2017-07-19,2945,2980,2930,2945,883488,0.0034071550255536653
2017-07-20,2960,2985,2925,2945,910277,0.0
2017-07-21,2945,3015,2925,2980,1173057,0.011884550084889645
2017-07-24,2975,3005,2930,2935,678492,-0.015100671140939603
2017-07-25,2945,2955,2900,2905,1016594,-0.010221465076660996
2017-07-26,2890,2910,2780,2790,1672789,-0.03958691910499135
2017-07-27,2770,2795,2705,2735,1347007,-0.01971326164874554
2017-07-28,2735,2760,2620,2635,1229819,-0.03656307129798908
2017-07-31,2590,2680,2585,2670,603117,0.013282732447817747
2017-08-01,2645,2755,2645,2685,1143642,0.00561797752808979
2017-08-02,2700,2755,2695,2720,547053,0.013035381750465591
2017-08-03,2720,2735,2655,2665,677607,-0.020220588235294157
2017-08-04,2665,2740,2665,2700,618011,0.013133208255159401
2017-08-07,2680,2805,2680,2765,842778,0.024074074074074137
2017-08-08,2785,2805,2735,2795,521354,0.010849909584086825
2017-08-09,2785,2820,2750,2765,651682,-0.01073345259391767
2017-08-10,2745,2790,2735,2770,631897,0.001808318264014508
2017-08-11,2725,2800,2680,2730,566477,-0.014440433212996373
2017-08-14,2745,2780,2715,2720,481185,-0.00366300366300365
2017-08-16,2720,2750,2680,2680,520984,-0.014705882352941124
2017-08-17,2695,2785,2695,2755,792569,0.027985074626865725
2017-08-18,2730,2855,2730,2835,1060986,0.029038112522685955
2017-08-21,2835,2840,2785,2805,562514,-0.010582010582010581
2017-08-22,2785,2835,2785,2825,491276,0.007130124777183555
2017-08-23,2825,2850,2795,2820,491578,-0.001769911504424737
2017-08-24,2805,2845,2780,2780,601893,-0.014184397163120588
2017-08-25,2780,2850,2775,2815,622486,0.012589928057553879
2017-08-28,2805,2810,2750,2750,621794,-0.023090586145648295
2017-08-29,2730,2755,2700,2705,487223,-0.016363636363636358
2017-08-30,2705,2775,2705,2750,304248,0.01663585951940849
2017-08-31,2740,2765,2715,2735,263820,-0.00545454545454549
2017-09-01,2735,2830,2735,2795,751484,0.021937842778793515
2017-09-04,2700,2770,2690,2720,535683,-0.02683363148479423
2017-09-05,2725,2745,2665,2690,688027,-0.011029411764705843
2017-09-06,2690,2705,2610,2620,588544,-0.026022304832713727
2017-09-07,2625,2660,2615,2630,319068,0.003816793893129722
2017-09-08,2630,2685,2575,2575,727463,-0.020912547528517123
2017-09-11,2575,2665,2575,2625,582544,0.01941747572815533
2017-09-12,2630,2650,2605,2640,346262,0.005714285714285783
2017-09-13,2635,2710,2620,2645,808843,0.0018939393939394478
2017-09-14,2645,2685,2630,2655,502134,0.003780718336483968
2017-09-15,2665,2665,2595,2620,611599,-0.013182674199623379
2017-09-18,2610,2635,2595,2610,423604,-0.003816793893129722
2017-09-19,2600,2630,2580,2600,473194,-0.003831417624521105
2017-09-20,2590,2845,2490,2570,4775205,-0.011538461538461497
2017-09-21,2565,2725,2550,2645,1567366,0.029182879377431803
2017-09-22,2640,2640,2535,2535,756654,-0.041587901701323204
2017-09-25,2500,2570,2390,2420,716751,-0.04536489151873768
2017-09-26,2315,2405,2305,2345,738494,-0.030991735537190035
2017-09-27,2330,2435,2330,2380,802990,0.014925373134328401
2017-09-28,2400,2435,2380,2395,322813,0.006302521008403339
2017-09-29,2420,2490,2420,2435,528996,0.016701461377870652
2017-10-10,2470,2515,2445,2455,350353,0.008213552361396204
2017-10-11,2450,2520,2450,2475,238987,0.008146639511201537
2017-10-12,2545,2650,2515,2550,2248851,0.030303030303030276
2017-10-13,2540,2570,2490,2515,432235,-0.013725490196078383
2017-10-16,2515,2550,2460,2460,470168,-0.021868787276341894
2017-10-17,2450,2535,2450,2485,343769,0.010162601626016343
2017-10-18,2515,2530,2465,2485,322466,0.0
2017-10-19,2475,2565,2475,2540,442171,0.02213279678068414
2017-10-20,2550,2595,2505,2535,427556,-0.0019685039370078705
2017-10-23,2530,2580,2525,2535,528190,0.0
2017-10-24,2520,2560,2520,2535,399310,0.0
2017-10-25,2570,2620,2535,2535,930598,0.0
2017-10-26,2530,2550,2490,2495,310049,-0.015779092702169595
2017-10-27,2495,2520,2475,2480,385462,-0.006012024048096198
2017-10-30,2485,2515,2475,2485,297191,0.002016129032258007
2017-10-31,2490,2550,2475,2500,391358,0.006036217303822866
2017-11-01,2500,2525,2470,2505,326890,0.0020000000000000018
2017-11-02,2520,2520,2480,2490,286183,-0.005988023952095856
2017-11-03,2495,2515,2440,2470,419101,-0.008032128514056214
2017-11-06,2470,2495,2415,2420,336098,-0.020242914979757054
2017-11-07,2410,2415,2370,2395,496276,-0.010330578512396715
2017-11-08,2385,2425,2380,2395,230018,0.0
2017-11-09,2420,2420,2385,2400,228667,0.0020876826722338038
2017-11-10,2410,2420,2375,2405,381605,0.002083333333333437
2017-11-13,2410,2450,2395,2440,428337,0.01455301455301461
2017-11-14,2420,2525,2420,2520,993924,0.032786885245901676
2017-11-15,2535,2765,2490,2555,4612032,0.01388888888888884
2017-11-16,2595,2595,2520,2530,621646,-0.009784735812133127
2017-11-17,2530,2610,2525,2530,793724,0.0
2017-11-20,2545,2565,2530,2545,443274,0.005928853754940677
2017-11-21,2555,2590,2525,2540,728176,-0.0019646365422396617
2017-11-22,2570,2570,2490,2510,655518,-0.011811023622047223
2017-11-23,2515,2575,2495,2575,708233,0.02589641434262946
2017-11-24,2585,2640,2545,2600,1288286,0.009708737864077666
2017-11-27,2630,2630,2570,2575,539763,-0.009615384615384581
2017-11-28,2565,2585,2505,2510,500414,-0.025242718446601975
2017-11-29,2525,2550,2495,2510,424297,0.0
2017-11-30,2505,2510,2470,2470,424260,-0.015936254980079667
2017-12-01,2470,2500,2450,2470,500468,0.0
2017-12-04,2455,2490,2435,2445,493542,-0.010121457489878583
2017-12-05,2450,2525,2445,2510,452791,0.026584867075664542
2017-12-06,2515,2545,2490,2495,516008,-0.005976095617529875
2017-12-07,2500,2635,2500,2550,2345546,0.022044088176352616
2017-12-08,2570,2570,2500,2510,723969,-0.015686274509803977
2017-12-11,2535,2620,2535,2610,1526695,0.03984063745019917
2017-12-12,2580,2620,2550,2580,558938,-0.011494252873563204
2017-12-13,2585,2625,2565,2580,720984,0.0
2017-12-14,2580,2620,2550,2560,532710,-0.007751937984496138
2017-12-15,2560,2600,2555,2575,430014,0.005859375
2017-12-18,2595,2630,2560,2610,1190571,0.013592233009708687
2017-12-19,2615,2630,2530,2560,690952,-0.019157088122605415
2017-12-20,2590,2690,2565,2610,2279260,0.01953125
2017-12-21,2625,2740,2625,2700,3504379,0.034482758620689724
2017-12-22,2690,2700,2635,2655,1246900,-0.01666666666666672
2017-12-26,2645,2670,2580,2580,1024226,-0.02824858757062143
2017-12-27,2570,2625,2570,2585,895014,0.0019379844961240345
2017-12-28,2650,2660,2595,2655,929080,0.027079303675048294
2018-01-02,2710,2750,2660,2745,1159816,0.03389830508474567
2018-01-03,2775,2825,2715,2795,2664751,0.01821493624772308
2018-01-04,2795,2800,2675,2695,1557109,-0.035778175313059046
2018-01-05,2690,2740,2680,2720,749567,0.00927643784786647
2018-01-08,2725,2735,2670,2675,674576,-0.016544117647058876
2018-01-09,2675,2700,2635,2675,650134,0.0
2018-01-10,2695,2730,2660,2670,595233,-0.0018691588785046953
2018-01-11,2670,2715,2640,2690,585822,0.0074906367041198685
2018-01-12,2700,2700,2590,2610,901446,-0.029739776951672847
2018-01-15,2610,2900,2560,2750,6034453,0.05363984674329503
2018-01-16,2730,2845,2705,2750,1761152,0.0
2018-01-17,2765,2790,2705,2755,975639,0.0018181818181817189
2018-01-18,2760,2870,2740,2865,2031135,0.03992740471869327
2018-01-19,2895,2900,2800,2835,1392092,-0.010471204188481686
2018-01-22,2830,2830,2775,2790,711291,-0.015873015873015928
2018-01-23,2790,2855,2780,2830,1037558,0.014336917562723928
2018-01-24,2865,2940,2820,2820,2767737,-0.0035335689045936647
2018-01-25,2820,2895,2790,2890,1229847,0.024822695035461084
2018-01-26,2890,2920,2855,2870,896859,-0.00692041522491349
2018-01-29,2865,2880,2840,2855,885259,-0.005226480836236891
2018-01-30,2860,2870,2790,2820,811160,-0.012259194395796813
2018-01-31,2790,2850,2755,2850,806302,0.010638297872340496
2018-02-01,2850,2880,2810,2810,634081,-0.01403508771929829
2018-02-02,2800,3050,2715,2895,5187382,0.030249110320284656
2018-02-05,2840,2860,2765,2800,991462,-0.032815198618307395
2018-02-06,2685,2790,2620,2775,1150512,-0.008928571428571397
2018-02-07,2860,2890,2730,2730,1472897,-0.01621621621621616
2018-02-08,2745,2880,2745,2810,1608952,0.0293040293040292
2018-02-09,2715,2810,2705,2760,949348,-0.017793594306049876
2018-02-12,2845,2850,2760,2815,694729,0.019927536231884035
2018-02-13,2825,2845,2755,2755,600948,-0.02131438721136769
2018-02-14,2780,2815,2755,2810,423692,0.019963702359346636
2018-02-19,2850,2890,2820,2865,922727,0.019572953736654908
2018-02-20,2880,2950,2850,2950,1746670,0.029668411867364686
2018-02-21,3025,3100,2915,2970,3404209,0.006779661016949046
2018-02-22,2985,3035,2875,2905,1806301,-0.02188552188552184
2018-02-23,2910,3200,2885,3020,7187363,0.03958691910499135
2018-02-26,3115,3150,2990,3000,4810454,-0.0066225165562914245
2018-02-27,3030,3050,2920,2920,2064292,-0.026666666666666616
2018-02-28,2915,2950,2880,2905,1546971,-0.005136986301369828
2018-03-02,2870,2980,2855,2915,1339506,0.0034423407917383297
2018-03-05,2895,2925,2775,2785,1302338,-0.044596912521440824
2018-03-06,2870,2890,2800,2865,1563477,0.02872531418312385
2018-03-07,2870,2870,2770,2770,1028684,-0.03315881326352532
2018-03-08,2780,2830,2770,2815,543435,0.016245487364620947
2018-03-09,2800,2850,2795,2835,769126,0.007104795737122638
2018-03-12,2850,2855,2805,2815,933978,-0.007054673721340388
2018-03-13,2830,2850,2810,2815,931870,0.0
2018-03-14,2810,2825,2780,2820,798924,0.001776198934280604
2018-03-15,2810,2905,2805,2825,1764615,0.0017730496453900457
2018-03-16,2835,2950,2825,2930,2235548,0.03716814159292037
2018-03-19,2900,2930,2850,2865,1127245,-0.022184300341296925
2018-03-20,2830,2925,2790,2900,1453573,0.01221640488656206
2018-03-21,2900,2920,2810,2820,1187121,-0.02758620689655178
2018-03-22,2825,2860,2705,2725,1825388,-0.03368794326241131
2018-03-23,2675,2680,2520,2520,1587597,-0.07522935779816509
2018-03-26,2520,2595,2500,2570,970661,0.01984126984126977
2018-03-27,2595,2630,2585,2605,505588,0.013618677042801508
2018-03-28,2600,2600,2520,2545,679274,-0.02303262955854124
2018-03-29,2540,2565,2520,2535,378464,-0.003929273084479323
2018-03-30,2565,2565,2530,2530,497017,-0.0019723865877712132
2018-04-02,2520,2550,2420,2430,1058199,-0.03952569169960474
2018-04-03,2390,2450,2370,2420,435001,-0.004115226337448541
2018-04-04,2430,2445,2300,2340,900177,-0.03305785123966942
2018-04-05,2370,2395,2350,2390,376234,0.02136752136752129
2018-04-06,2400,2405,2355,2405,506963,0.006276150627614996
2018-04-09,2365,2395,2365,2380,342703,-0.01039501039501034
2018-04-10,2365,2385,2315,2340,560394,-0.01680672268907568
2018-04-11,2350,2370,2320,2340,358910,0.0
2018-04-12,2345,2375,2335,2355,350793,0.0064102564102563875
2018-04-13,2365,2415,2330,2380,577012,0.010615711252653925
2018-04-16,2400,2405,2375,2380,386603,0.0
2018-04-17,2385,2430,2380,2430,519532,0.021008403361344463
2018-04-18,2425,2445,2405,2425,521412,-0.002057613168724326
2018-04-19,2420,2430,2355,2365,806419,-0.024742268041237137
2018-04-20,2365,2440,2350,2425,667076,0.025369978858351017
2018-04-23,2550,2550,2450,2495,1279803,0.028865979381443196
2018-04-24,2480,2480,2425,2445,433905,-0.02004008016032066
2018-04-25,2440,2450,2405,2410,378078,-0.014314928425357865
2018-04-26,2385,2435,2385,2420,344232,0.004149377593360981
2018-04-27,2400,2445,2395,2400,518167,-0.008264462809917328
2018-04-30,2395,2425,2340,2350,734418,-0.02083333333333337
2018-05-02,2315,2425,2310,2420,718554,0.029787234042553123
2018-05-03,2420,2480,2410,2450,512203,0.012396694214876103
2018-05-04,2430,2450,2360,2380,568742,-0.02857142857142858
2018-05-08,2380,2395,2325,2330,428330,-0.021008403361344574
2018-05-09,2325,2395,2275,2340,495905,0.0042918454935623185
2018-05-10,2330,2355,2315,2340,307712,0.0
2018-05-11,2375,2395,2350,2385,306799,0.019230769230769162
2018-05-14,2420,2420,2365,2375,301529,-0.004192872117400381
2018-05-15,2370,2450,2355,2430,522495,0.023157894736842044
2018-05-16,2425,2425,2355,2365,520053,-0.026748971193415683
2018-05-17,2390,2420,2370,2385,298459,0.008456659619450413
2018-05-18,2425,2515,2400,2470,1402690,0.03563941299790363
2018-05-21,2485,2520,2425,2465,403196,-0.002024291497975672
2018-05-23,2490,2495,2430,2450,343355,-0.006085192697768749
2018-05-24,2450,2470,2385,2410,477358,-0.01632653061224487
2018-05-25,2375,2395,2345,2360,404713,-0.020746887966805017
2018-05-28,2385,2410,2360,2385,488681,0.010593220338983134
2018-05-29,2375,2390,2355,2360,346142,-0.010482180293501009
2018-05-30,2360,2360,2305,2310,502449,-0.021186440677966156
2018-05-31,2320,2350,2305,2315,348324,0.0021645021645022577
2018-06-01,2350,2470,2325,2410,787787,0.0410367170626349
2018-06-04,2445,2445,2390,2415,322808,0.0020746887966804906
2018-06-05,2400,2435,2375,2385,361790,-0.012422360248447228
2018-06-07,2390,2440,2390,2435,390379,0.020964360587002018
2018-06-08,2425,2435,2395,2395,309299,-0.01642710472279263
2018-06-11,2395,2425,2385,2385,252235,-0.0041753653444676075
2018-06-12,2385,2395,2335,2345,410383,-0.016771488469601636
2018-06-14,2365,2365,2315,2315,308873,-0.01279317697228144
2018-06-15,2310,2330,2275,2280,532668,-0.015118790496760237
2018-06-18,2265,2290,2155,2155,777646,-0.054824561403508776
2018-06-19,2105,2160,2085,2085,558254,-0.0324825986078886
2018-06-20,2035,2135,2035,2120,422719,0.01678657074340517
2018-06-21,2100,2195,2080,2090,218909,-0.014150943396226467
2018-06-22,2080,2080,1995,2010,650385,-0.038277511961722466
2018-06-25,1980,2125,1950,2120,560005,0.054726368159204064
2018-06-26,2080,2165,2075,2155,276782,0.01650943396226423
2018-06-27,2145,2170,2100,2105,219223,-0.023201856148491906
2018-06-28,2140,2140,2040,2065,172798,-0.019002375296912066
2018-06-29,2025,2090,2020,2055,238084,-0.004842615012106588
2018-07-02,2055,2140,2040,2040,375800,-0.007299270072992692
2018-07-03,2015,2095,1995,2050,358343,0.004901960784313708
2018-07-04,2030,2075,2000,2060,134301,0.004878048780487809
2018-07-05,2060,2160,2060,2100,553100,0.01941747572815533
2018-07-06,2110,2130,2080,2115,180960,0.0071428571428571175
2018-07-09,2130,2210,2090,2160,334435,0.02127659574468077
2018-07-10,2200,2250,2140,2205,571029,0.02083333333333326
2018-07-11,2205,2225,2170,2220,259615,0.006802721088435382
2018-07-12,2205,2260,2190,2210,270454,-0.0045045045045044585
2018-07-13,2215,2255,2190,2230,147125,0.009049773755656076
2018-07-16,2230,2255,2205,2215,180327,-0.006726457399103158
2018-07-17,2220,2230,2195,2215,157071,0.0
2018-07-18,2230,2255,2190,2220,214205,0.0022573363431150906
2018-07-19,2195,2220,2145,2145,230988,-0.03378378378378377
2018-07-20,2145,2215,2145,2190,339841,0.020979020979021046
2018-07-23,2200,2215,2125,2130,214479,-0.0273972602739726
2018-07-24,2105,2125,2060,2060,180513,-0.032863849765258246
2018-07-25,2040,2110,2005,2005,238755,-0.02669902912621358
2018-07-26,2000,2085,2000,2040,157357,0.0174563591022443
2018-07-27,2050,2195,2050,2135,316773,0.04656862745098045
2018-07-30,2190,2190,2125,2170,132063,0.016393442622950838
2018-07-31,2170,2200,2140,2170,99637,0.0
2018-08-01,2170,2195,2150,2170,104389,0.0
2018-08-02,2180,2235,2135,2195,413615,0.011520737327188835
2018-08-03,2190,2235,2165,2215,190561,0.009111617312072884
2018-08-06,2190,2230,2150,2215,299651,0.0
2018-08-07,2215,2370,2200,2345,1923083,0.05869074492099324
2018-08-08,2350,2435,2275,2405,2180854,0.02558635394456288
2018-08-09,2370,2375,2295,2355,918800,-0.02079002079002079
2018-08-10,2350,2350,2255,2270,615068,-0.03609341825902335
2018-08-13,2225,2265,2185,2240,453845,-0.013215859030836996
2018-08-14,2240,2260,2215,2235,242559,-0.0022321428571429047
2018-08-16,2210,2210,2140,2155,330279,-0.03579418344519014
2018-08-17,2180,2195,2150,2160,219165,0.002320185614849146
2018-08-20,2160,2185,2115,2120,245431,-0.01851851851851849
2018-08-21,2120,2195,2120,2195,272937,0.03537735849056611
2018-08-22,2200,2215,2145,2185,216965,-0.004555808656036442
2018-08-23,2185,2200,2120,2125,283732,-0.027459954233409634
2018-08-24,2130,2145,2120,2135,182555,0.004705882352941115
2018-08-27,2135,2160,2115,2125,256473,-0.004683840749414525
2018-08-28,2130,2175,2130,2140,180315,0.007058823529411784
2018-08-29,2150,2170,2130,2160,163396,0.009345794392523255
2018-08-30,2165,2200,2135,2170,239756,0.004629629629629539
2018-08-31,2180,2190,2150,2175,139219,0.0023041474654377225
2018-09-03,2180,2185,2130,2140,200478,-0.016091954022988464
2018-09-04,2190,2240,2155,2190,553649,0.02336448598130847
2018-09-05,2190,2245,2180,2180,229950,-0.004566210045662156
2018-09-06,2205,2205,2145,2170,241508,-0.004587155963302725
2018-09-07,2150,2180,2135,2150,217835,-0.009216589861751112
2018-09-10,2165,2170,2140,2155,130582,0.0023255813953488857
2018-09-11,2140,2205,2135,2190,296591,0.016241299303944245
2018-09-12,2190,2205,2135,2155,332204,-0.01598173515981738
2018-09-13,2150,2165,2115,2120,152809,-0.016241299303944357
2018-09-14,2135,2160,2130,2145,177106,0.011792452830188704
2018-09-17,2135,2155,2055,2110,287825,-0.01631701631701632
2018-09-18,2130,2165,2110,2125,127021,0.007109004739336511
2018-09-19,2115,2150,2085,2105,245616,-0.009411764705882342
2018-09-20,2085,2095,2040,2050,409445,-0.026128266033254133
2018-09-21,2055,2125,2050,2085,324400,0.017073170731707332
2018-09-27,2110,2130,2070,2120,173083,0.01678657074340517
2018-09-28,2120,2145,2080,2095,176654,-0.011792452830188704
2018-10-01,2095,2120,2070,2100,105173,0.0023866348448686736
2018-10-02,2075,2100,2055,2055,158317,-0.021428571428571463
2018-10-04,2040,2065,2000,2015,232164,-0.019464720194647178
2018-10-05,2010,2030,1945,1970,363483,-0.022332506203473934
2018-10-08,1970,2025,1925,1925,249679,-0.022842639593908642
2018-10-10,1925,1980,1835,1860,485196,-0.03376623376623378
2018-10-11,1725,1800,1615,1615,1195794,-0.13172043010752688
2018-10-12,1555,1705,1550,1670,720913,0.034055727554179516
2018-10-15,1680,1700,1615,1650,241950,-0.0119760479041916
2018-10-16,1660,1710,1660,1695,157877,0.027272727272727337
2018-10-17,1725,1755,1695,1720,237072,0.014749262536873253
2018-10-18,1735,1895,1730,1830,723008,0.06395348837209291
2018-10-19,1800,1830,1760,1825,190621,-0.002732240437158473
2018-10-22,1825,1825,1755,1770,229099,-0.03013698630136985
2018-10-23,1800,1815,1670,1680,259799,-0.05084745762711862
2018-10-24,1675,1715,1640,1675,171769,-0.0029761904761904656
2018-10-25,1565,1650,1560,1600,505988,-0.04477611940298509
2018-10-26,1605,1610,1530,1545,357636,-0.034375000000000044
2018-10-29,1515,1570,1375,1375,678642,-0.11003236245954695
2018-10-30,1320,1480,1300,1430,523320,0.040000000000000036
2018-10-31,1445,1495,1400,1495,259341,0.045454545454545414
2018-11-01,1535,1590,1520,1540,214153,0.030100334448160515
2018-11-02,1560,1605,1545,1590,301126,0.032467532467532534
2018-11-05,1610,1610,1550,1605,198740,0.009433962264151052
2018-11-06,1610,1690,1560,1585,292525,-0.012461059190031154
2018-11-07,1620,1620,1525,1570,292787,-0.009463722397476393
2018-11-08,1615,1755,1615,1645,703314,0.047770700636942776
2018-11-09,1645,1655,1590,1605,230441,-0.024316109422492405
2018-11-12,1650,1650,1590,1605,178552,0.0
2018-11-13,1560,1605,1525,1605,199107,0.0
2018-11-14,1595,1625,1560,1615,143469,0.006230529595015577
2018-11-15,1630,1635,1585,1625,103258,0.006191950464396356
2018-11-16,1630,1655,1620,1640,150778,0.009230769230769154
2018-11-19,1645,1695,1630,1690,217332,0.030487804878048808
2018-11-20,1675,1675,1630,1660,186954,-0.017751479289940808
2018-11-21,1655,1670,1615,1670,104944,0.006024096385542244
2018-11-22,1655,1705,1635,1650,198656,-0.0119760479041916
2018-11-23,1650,1680,1620,1635,82981,-0.009090909090909038
2018-11-26,1640,1670,1630,1640,135572,0.003058103975535076
2018-11-27,1670,1670,1640,1655,79735,0.009146341463414531
2018-11-28,1670,1710,1650,1650,322604,-0.0030211480362537513
2018-11-29,1700,1700,1655,1670,136737,0.0121212121212122
2018-11-30,1660,1690,1640,1680,157526,0.0059880239520957446
2018-12-03,1680,1705,1670,1695,174132,0.008928571428571397
2018-12-04,1710,1715,1685,1695,160805,0.0
2018-12-05,1665,1720,1650,1665,201882,-0.017699115044247815
2018-12-06,1665,1705,1655,1660,165596,-0.0030030030030030463
2018-12-07,1665,1725,1665,1725,245535,0.03915662650602414
2018-12-10,1730,1775,1695,1775,393733,0.02898550724637672
2018-12-11,1790,1880,1775,1785,1719875,0.005633802816901401
2018-12-12,1785,1835,1775,1795,381048,0.0056022408963585235
2018-12-13,1810,1860,1750,1850,525855,0.03064066852367686
2018-12-14,1850,1870,1805,1870,449249,0.0108108108108107
2018-12-17,1870,1870,1805,1820,300000,-0.0267379679144385
2018-12-18,1800,1845,1760,1840,428215,0.01098901098901095
2018-12-19,1835,1865,1815,1840,229177,0.0
2018-12-20,1840,1865,1815,1825,260932,-0.008152173913043459
2018-12-21,1835,1835,1770,1785,210581,-0.021917808219178103
2018-12-24,1785,1815,1725,1725,164275,-0.03361344537815125
2018-12-26,1675,1715,1650,1660,185049,-0.03768115942028982
2018-12-27,1700,1720,1675,1700,111859,0.024096385542168752
2018-12-28,1720,1740,1715,1725,72081,0.014705882352941124
2019-01-02,1730,1765,1730,1735,63172,0.005797101449275255
2019-01-03,1770,1770,1670,1700,142315,-0.02017291066282423
2019-01-04,1675,1710,1655,1690,91029,-0.00588235294117645
2019-01-07,1735,1735,1675,1710,136848,0.01183431952662728
2019-01-08,1705,1730,1685,1705,125449,-0.0029239766081871066
2019-01-09,1700,1740,1700,1720,108658,0.008797653958944274
2019-01-10,1720,1745,1695,1725,135419,0.0029069767441860517
2019-01-11,1740,1910,1730,1775,1115010,0.02898550724637672
2019-01-14,1805,1815,1760,1785,176152,0.005633802816901401
2019-01-15,1800,1805,1770,1795,169189,0.0056022408963585235
2019-01-16,1830,1830,1785,1795,122917,0.0
2019-01-17,1800,1825,1775,1810,319555,0.008356545961002881
2019-01-18,1830,1880,1820,1860,545581,0.027624309392265234
2019-01-21,1860,1970,1850,1955,1014339,0.051075268817204256
2019-01-22,2000,2030,1950,1975,1151293,0.010230179028132946
2019-01-23,1970,2045,1950,2010,383025,0.017721518987341867
2019-01-24,2000,2030,1970,1970,254835,-0.01990049751243783
2019-01-25,1970,2015,1970,1975,243447,0.002538071065989911
2019-01-28,1965,1990,1920,1925,331277,-0.025316455696202556
2019-01-29,1950,1975,1910,1935,136975,0.0051948051948051965
2019-01-30,1935,1950,1890,1935,270296,0.0
2019-01-31,1935,1950,1880,1890,249181,-0.023255813953488413
2019-02-01,1920,1925,1875,1920,200584,0.015873015873015817
2019-02-07,1955,2010,1935,1990,438213,0.03645833333333326
2019-02-08,1990,2015,1955,1980,191530,-0.005025125628140725
2019-02-11,1990,2000,1900,1945,206364,-0.017676767676767624
2019-02-12,1960,2035,1955,2000,648130,0.028277634961439535
2019-02-13,2005,2065,1985,2035,367532,0.01750000000000007
2019-02-14,2050,2075,2000,2075,524603,0.019656019656019597
2019-02-15,2095,2100,2030,2070,459247,-0.002409638554216831
2019-02-18,2100,2100,2045,2060,198663,-0.004830917874396157
2019-02-19,2060,2120,2050,2075,611970,0.00728155339805836
2019-02-20,2100,2165,2090,2110,725534,0.01686746987951815
2019-02-21,2135,2150,2045,2055,645635,-0.026066350710900466
2019-02-22,2055,2080,2000,2020,311904,-0.01703163017031628
2019-02-25,2055,2065,2025,2050,153209,0.014851485148514865
2019-02-26,2065,2065,2015,2020,249076,-0.014634146341463428
2019-02-27,2015,2065,2000,2010,308101,-0.004950495049504955
2019-02-28,2000,2030,1890,1910,540581,-0.04975124378109452
2019-03-04,1975,1975,1925,1940,354290,0.015706806282722585
2019-03-05,1980,1980,1910,1955,216878,0.0077319587628865705
2019-03-06,1960,1960,1920,1920,214523,-0.01790281329923271
2019-03-07,1930,1950,1885,1915,244179,-0.0026041666666666297
2019-03-08,1900,1915,1880,1880,146783,-0.018276762402088753
2019-03-11,1900,1930,1795,1870,212430,-0.005319148936170248
2019-03-12,1880,1965,1855,1935,343433,0.03475935828876997
2019-03-13,1930,1965,1920,1930,121292,-0.0025839793281653423
2019-03-14,1960,1985,1915,1965,224119,0.0181347150259068
2019-03-15,1970,1975,1920,1935,161242,-0.01526717557251911
2019-03-18,1930,1950,1925,1940,141705,0.0025839793281654533
2019-03-19,1935,1950,1925,1940,133924,0.0
2019-03-20,1920,1945,1885,1900,194897,-0.020618556701030966
2019-03-21,1880,1915,1875,1880,158431,-0.010526315789473717
2019-03-22,1905,1925,1875,1900,127975,0.010638297872340496
2019-03-25,1880,1900,1855,1860,141825,-0.021052631578947323
2019-03-26,1860,1890,1855,1860,68468,0.0
2019-03-27,1885,1890,1845,1885,123220,0.013440860215053752
2019-03-28,1900,1925,1865,1890,119461,0.0026525198938991412
2019-03-29,1950,2040,1900,1905,1317749,0.007936507936507908
2019-04-01,1930,1980,1910,1975,491058,0.036745406824147064
2019-04-02,2000,2010,1945,1950,271399,-0.012658227848101222
2019-04-03,1970,2010,1955,2005,433377,0.028205128205128105
2019-04-04,2010,2010,1960,1995,265831,-0.004987531172069848
2019-04-05,2000,2025,1985,2000,258636,0.0025062656641603454
2019-04-08,2025,2065,1985,2020,431239,0.010000000000000009
2019-04-09,2035,2035,1990,2020,196246,0.0
2019-04-10,2000,2035,1995,2020,196921,0.0
2019-04-11,2020,2050,2010,2035,138193,0.007425742574257432
2019-04-12,2030,2145,2030,2110,1357028,0.03685503685503688
2019-04-15,2110,2175,2090,2100,610504,-0.004739336492891044
2019-04-16,2120,2120,1990,2025,627139,-0.0357142857142857
2019-04-17,2015,2060,2000,2060,253938,0.01728395061728394
2019-04-18,2125,2125,1990,2015,456532,-0.021844660194174748
2019-04-19,2030,2050,2020,2030,150903,0.007444168734491274
2019-04-22,2030,2045,2005,2015,187119,-0.007389162561576401
2019-04-23,2005,2030,1995,2025,188914,0.00496277915632759
2019-04-24,2045,2045,2005,2030,202944,0.0024691358024691024
2019-04-25,2030,2030,1975,1990,266520,-0.019704433497536922
2019-04-26,1980,2010,1930,1950,339880,-0.02010050251256279
2019-04-29,1950,1985,1930,1975,132008,0.012820512820512775
2019-04-30,1975,2050,1975,2030,340762,0.02784810126582271
2019-05-02,2030,2065,2020,2055,168095,0.012315270935960632
2019-05-03,2055,2065,2015,2055,254459,0.0
2019-05-07,2085,2115,2025,2080,772632,0.012165450121654597
2019-05-08,2040,2120,2035,2070,725432,-0.004807692307692291
2019-05-09,2065,2065,1975,1985,426200,-0.04106280193236711
2019-05-10,1990,2020,1910,1970,322048,-0.007556675062972307
2019-05-13,1995,1995,1900,1960,245418,-0.005076142131979711
2019-05-14,1900,1950,1895,1915,279096,-0.022959183673469385
2019-05-15,1920,2015,1910,2010,547310,0.04960835509138373
2019-05-16,2100,2110,2000,2040,1076265,0.014925373134328401
2019-05-17,2135,2165,2045,2060,1612029,0.009803921568627416
2019-05-20,2070,2095,2005,2030,311895,-0.014563106796116498
2019-05-21,2030,2230,2010,2230,3020221,0.09852216748768483
2019-05-22,2200,2220,2130,2140,1820054,-0.04035874439461884
2019-05-23,2140,2180,2090,2125,1091773,-0.007009345794392496
2019-05-24,2125,2260,2100,2185,2221537,0.028235294117647136
2019-05-27,2255,2315,2200,2275,2694565,0.041189931350114506
2019-05-28,2295,2300,2200,2280,1110054,0.00219780219780219
2019-05-29,2295,2305,2130,2175,1719489,-0.046052631578947345
2019-05-30,2160,2230,2110,2190,1006169,0.006896551724137945
2019-05-31,2170,2250,2160,2240,801458,0.022831050228310446
2019-06-03,2205,2260,2190,2235,896938,-0.0022321428571429047
2019-06-04,2215,2395,2215,2340,4280900,0.046979865771812124
2019-06-05,2360,2430,2330,2385,1631413,0.019230769230769162
2019-06-07,2420,2470,2385,2450,2202672,0.027253668763102645
2019-06-10,2495,2695,2440,2685,5449582,0.09591836734693882
2019-06-11,2710,2720,2575,2635,2920985,-0.01862197392923648
2019-06-12,2640,2660,2515,2650,1713642,0.005692599620493288
2019-06-13,2625,2650,2565,2620,1000367,-0.01132075471698113
2019-06-14,2610,2670,2555,2575,1119227,-0.01717557251908397
2019-06-17,2590,2620,2530,2585,753421,0.003883495145631022
2019-06-18,2600,2750,2585,2705,3743904,0.046421663442939964
2019-06-19,2660,2670,2505,2605,3505722,-0.0369685767097967
2019-06-20,2575,2630,2495,2560,1365038,-0.017274472168905985
2019-06-21,2570,2575,2495,2545,928153,-0.005859375
2019-06-24,2530,2555,2440,2450,1042478,-0.037328094302554016
2019-06-25,2460,2570,2445,2465,1543355,0.00612244897959191
2019-06-26,2445,2445,2345,2390,1294941,-0.030425963488843855
2019-06-27,2400,2475,2325,2355,1181586,-0.014644351464435101
2019-06-28,2340,2395,2270,2365,1170966,0.00424628450106157
2019-07-01,2370,2410,2250,2275,917420,-0.038054968287526414
2019-07-02,2280,2330,2220,2320,799325,0.01978021978021971
2019-07-03,2320,2325,2165,2260,1223992,-0.025862068965517238
2019-07-04,2220,2270,2175,2245,959634,-0.006637168141592875
2019-07-05,2255,2265,2170,2175,958457,-0.031180400890868598
2019-07-08,2190,2195,2055,2090,1043196,-0.039080459770114984
2019-07-09,2095,2140,2060,2100,815724,0.004784688995215225
2019-07-10,2115,2145,2090,2120,525815,0.00952380952380949
2019-07-11,2120,2170,2120,2165,545303,0.021226415094339535
2019-07-12,2220,2220,2145,2185,827774,0.009237875288683695
2019-07-15,2230,2230,2145,2200,907252,0.006864988558352492
2019-07-16,2195,2240,2165,2170,763502,-0.013636363636363669
2019-07-17,2200,2210,2140,2205,701765,0.016129032258064502
2019-07-18,2225,2425,2220,2285,4389245,0.03628117913832196
2019-07-19,2270,2335,2245,2280,1089905,-0.002188183807439792
2019-07-22,2285,2375,2265,2275,1085755,-0.002192982456140302
2019-07-23,2280,2335,2265,2300,655169,0.01098901098901095
2019-07-24,2280,2315,2220,2260,609340,-0.017391304347826098
2019-07-25,2250,2280,2150,2255,696745,-0.0022123893805309214
2019-07-26,2340,2400,2255,2280,2189154,0.011086474501108556
2019-07-29,2340,2340,2130,2130,1171724,-0.06578947368421051
2019-07-30,2145,2230,2145,2180,811545,0.023474178403755763
2019-07-31,2180,2210,2080,2190,962317,0.004587155963302836
2019-08-01,2195,2320,2115,2130,2220220,-0.0273972602739726
2019-08-02,2085,2170,2060,2140,764240,0.0046948356807512415
2019-08-05,2140,2160,1915,1915,1465811,-0.10514018691588789
2019-08-06,1890,2000,1705,1870,1845886,-0.023498694516971286
2019-08-07,1890,1955,1870,1925,578267,0.02941176470588225
2019-08-08,1950,2050,1950,2030,834026,0.05454545454545445
2019-08-09,2065,2075,2025,2040,420271,0.0049261083743843415
2019-08-12,2110,2140,2040,2120,497055,0.03921568627450989
2019-08-13,2100,2115,2010,2090,393999,-0.014150943396226467
2019-08-14,2145,2190,2080,2190,988842,0.04784688995215314
2019-08-16,2250,2275,2175,2190,1879077,0.0
2019-08-19,2190,2230,2160,2200,527755,0.004566210045662045
2019-08-20,2250,2265,2200,2250,637304,0.022727272727272707
2019-08-21,2225,2275,2225,2245,352915,-0.0022222222222222365
2019-08-22,2255,2400,2225,2355,2842340,0.04899777282850781
2019-08-23,2320,2330,2265,2275,952694,-0.03397027600849256
2019-08-26,2205,2220,2125,2175,1153895,-0.04395604395604391
2019-08-27,2210,2230,2145,2170,436235,-0.0022988505747126853
2019-08-28,2170,2315,2165,2250,977046,0.03686635944700467
2019-08-29,2250,2350,2220,2325,1751876,0.03333333333333344
2019-08-30,2380,2385,2320,2375,1395093,0.021505376344086002
2019-09-02,2365,2500,2345,2460,2377734,0.03578947368421059
2019-09-03,2445,2515,2425,2475,1079764,0.0060975609756097615
2019-09-04,2495,2535,2460,2515,1126961,0.016161616161616266
2019-09-05,2515,2550,2475,2545,1280155,0.011928429423459175
2019-09-06,2550,2620,2450,2490,1688169,-0.0216110019646365
2019-09-09,2470,2600,2470,2530,1405969,0.016064257028112428
2019-09-10,2570,2590,2510,2510,954155,-0.007905138339920903
2019-09-11,2505,2690,2495,2620,2740148,0.043824701195219085
2019-09-16,2610,2640,2580,2620,1093762,0.0
2019-09-17,2600,2685,2550,2640,1304485,0.007633587786259444
2019-09-18,2625,2670,2590,2650,1160582,0.0037878787878788955
2019-09-19,2650,2800,2610,2690,2095256,0.015094339622641506
2019-09-20,2685,2910,2685,2885,4931087,0.07249070631970267
2019-09-23,2895,2925,2800,2895,2516127,0.0034662045060658286
2019-09-24,2915,3030,2710,2765,4064790,-0.04490500863557856
2019-09-25,2725,2835,2685,2735,2220254,-0.010849909584086825
2019-09-26,2780,2830,2640,2685,1910014,-0.018281535648994485
2019-09-27,2685,2805,2685,2780,2398668,0.035381750465549366
2019-09-30,2790,2955,2785,2850,3932149,0.02517985611510798
2019-10-01,2830,2845,2770,2795,1658011,-0.019298245614035037
2019-10-02,2765,2780,2690,2730,1316889,-0.023255813953488413
2019-10-04,2730,2760,2695,2715,987436,-0.005494505494505475
2019-10-07,2750,2880,2745,2835,2469236,0.04419889502762442
2019-10-08,2820,2825,2750,2795,1271084,-0.014109347442680775
2019-10-10,2795,2820,2760,2790,770505,-0.0017889087656529634
2019-10-11,2810,2930,2785,2805,2276509,0.005376344086021501
2019-10-14,2860,2895,2805,2820,1340599,0.005347593582887722
2019-10-15,2830,2855,2810,2840,1010124,0.007092198581560183
2019-10-16,2875,2945,2840,2845,1869995,0.0017605633802817433
2019-10-17,2825,2825,2660,2690,2566023,-0.054481546572935025
2019-10-18,2740,2755,2685,2700,1232114,0.0037174721189590088
2019-10-21,2700,2715,2595,2605,2037947,-0.03518518518518521
2019-10-22,2645,2675,2615,2650,972688,0.017274472168905985
2019-10-23,2665,2665,2575,2600,1094675,-0.018867924528301883
2019-10-24,2615,2645,2560,2640,925707,0.01538461538461533
2019-10-25,2650,2675,2575,2595,942122,-0.017045454545454586
2019-10-28,2580,2695,2510,2695,1397091,0.038535645472061564
2019-10-29,2710,2790,2645,2750,1824086,0.020408163265306145
2019-10-30,2855,2965,2745,2745,5336640,-0.0018181818181818299
2019-10-31,2755,3175,2740,3140,20503793,0.14389799635701284
2019-11-01,3050,3070,2940,2980,4526670,-0.05095541401273884
2019-11-04,2990,3015,2890,2980,2838284,0.0
2019-11-05,2960,2975,2895,2905,1637068,-0.025167785234899376
2019-11-06,2900,2975,2900,2910,1703346,0.001721170395869276
2019-11-07,2910,2945,2780,2790,2181135,-0.04123711340206182
2019-11-08,2810,2840,2670,2675,2265868,-0.04121863799283154
2019-11-11,2715,2730,2575,2640,2055362,-0.013084112149532756
2019-11-12,2640,2650,2525,2580,2031539,-0.022727272727272707
2019-11-13,2600,2635,2550,2600,1615597,0.007751937984496138
2019-11-14,2600,2680,2495,2540,2522261,-0.023076923076923106
2019-11-15,2540,2625,2520,2605,1298390,0.025590551181102317
2019-11-18,2660,2815,2635,2770,5692507,0.06333973128598847
2019-11-19,2755,2760,2660,2695,1575353,-0.027075812274368283
2019-11-20,2685,2695,2550,2550,1633694,-0.05380333951762528
2019-11-21,2545,2610,2490,2500,1322157,-0.019607843137254943
2019-11-22,2510,2550,2485,2505,718475,0.0020000000000000018
2019-11-25,2515,2640,2515,2635,1375842,0.05189620758483038
2019-11-26,2650,2655,2565,2595,933079,-0.015180265654648917
2019-11-27,2650,2650,2575,2585,835406,-0.003853564547206201
2019-11-28,2580,2655,2570,2635,1084440,0.01934235976789167
2019-11-29,2640,2640,2565,2575,745802,-0.022770398481973486
2019-12-02,2580,2695,2570,2680,1807405,0.040776699029126284
2019-12-03,2680,2725,2650,2705,1732675,0.009328358208955168
2019-12-04,2685,2695,2605,2625,1072350,-0.02957486136783738
2019-12-05,2635,2665,2530,2585,975699,-0.015238095238095273
2019-12-06,2585,2630,2575,2610,1019474,0.009671179883945946
2019-12-09,2610,2625,2555,2585,606605,-0.009578544061302652
2019-12-10,2590,2610,2550,2570,551608,-0.005802707930367523
2019-12-11,2570,2705,2570,2705,2804194,0.05252918287937747
2019-12-12,2745,2880,2720,2750,5439124,0.01663585951940849
2019-12-13,2805,2805,2745,2765,1510930,0.005454545454545379
2019-12-16,2795,2900,2795,2865,3551925,0.03616636528028927
2019-12-17,2865,2875,2825,2855,1362088,-0.003490401396160525
2019-12-18,2880,2890,2770,2780,1267695,-0.02626970227670755
2019-12-19,2765,2825,2750,2780,1007713,0.0
2019-12-20,2785,2880,2760,2880,1534821,0.03597122302158273
2019-12-23,2910,2920,2815,2865,1417556,-0.00520833333333337
2019-12-24,2875,2895,2820,2825,978158,-0.013961605584642212
2019-12-26,2825,2960,2825,2950,2941987,0.04424778761061954
2019-12-27,2955,2990,2890,2955,2205953,0.0016949152542373724
2019-12-30,2960,3125,2925,3100,3909926,0.04906937394247035
2020-01-02,3135,3220,3050,3145,4114459,0.014516129032257963
2020-01-03,3160,3330,3120,3270,5644611,0.03974562798092207
2020-01-06,3230,3390,3190,3350,4894224,0.024464831804281273
2020-01-07,3415,3440,3290,3360,3971751,0.0029850746268655914
2020-01-08,3310,3620,3235,3490,13798741,0.038690476190476275
2020-01-09,3585,4040,3540,3835,14604274,0.09885386819484232
2020-01-10,3855,3930,3610,3655,7778166,-0.046936114732724854
2020-01-13,3610,3725,3580,3645,4090623,-0.002735978112175075
2020-01-14,3655,3840,3600,3645,6139330,0.0
2020-01-15,3655,3710,3615,3635,1993839,-0.002743484224965731
2020-01-16,3630,3685,3530,3650,3055814,0.004126547455295837
2020-01-17,3695,3705,3430,3455,4617707,-0.05342465753424652
2020-01-20,3455,3600,3375,3565,3737614,0.03183791606367592
2020-01-21,3585,3590,3475,3510,1603078,-0.015427769985974726
2020-01-22,3455,3560,3455,3530,1432290,0.005698005698005604
2020-01-23,3535,3540,3450,3510,1262812,-0.005665722379603388
2020-01-28,3300,3455,3275,3370,2751911,-0.03988603988603989
2020-01-29,3450,3560,3430,3500,3176638,0.03857566765578646
2020-01-30,3495,3555,3265,3310,3290069,-0.05428571428571427
2020-01-31,3300,3390,3165,3180,2831474,-0.0392749244712991
2020-02-03,3050,3265,2980,3205,3832882,0.007861635220125729
2020-02-04,3270,3310,3175,3230,2419506,0.007800312012480548
2020-02-05,3255,3260,3145,3170,2108935,-0.018575851393188847
2020-02-06,3230,3245,3160,3190,1901904,0.006309148264984188
2020-02-07,3210,3265,3155,3205,1948156,0.004702194357366851
2020-02-10,3210,3210,3110,3140,1707327,-0.020280811232449292
2020-02-11,3160,3210,3115,3185,1917749,0.014331210191082855
2020-02-12,3210,3310,3170,3310,3412882,0.03924646781789631
2020-02-13,3330,3470,3220,3425,6935091,0.03474320241691853
2020-02-14,3480,3725,3465,3590,10804939,0.04817518248175179
2020-02-17,3655,3745,3630,3675,6224068,0.023676880222841312
2020-02-18,3670,3670,3465,3480,5016569,-0.05306122448979589
2020-02-19,3530,3630,3420,3625,4631007,0.04166666666666674
2020-02-20,3705,3885,3700,3815,16267595,0.05241379310344829
2020-02-21,3715,3785,3600,3660,4980594,-0.0406290956749672
2020-02-24,3450,3595,3440,3515,4356405,-0.0396174863387978
2020-02-25,3480,3680,3410,3650,3587667,0.038406827880512084
2020-02-26,3540,3660,3510,3635,2525670,-0.004109589041095929
2020-02-27,3605,3650,3335,3350,3759555,-0.07840440165061902
2020-02-28,3205,3315,3105,3150,4288532,-0.05970149253731338
2020-03-02,3195,3245,3040,3195,3336080,0.014285714285714235
2020-03-03,3340,3365,3160,3160,2912789,-0.010954616588419452
2020-03-04,3110,3255,3090,3240,2070847,0.025316455696202445
2020-03-05,3310,3350,3265,3330,2396328,0.02777777777777768
2020-03-06,3270,3290,3185,3240,1759873,-0.027027027027026973
2020-03-09,3135,3150,2975,2995,2684393,-0.07561728395061729
2020-03-10,2910,3145,2905,3125,4189176,0.04340567612687818
2020-03-11,3110,3115,2840,2905,3088685,-0.07040000000000002
2020-03-12,2830,2915,2600,2685,4302639,-0.07573149741824436
2020-03-13,2425,2620,2205,2515,5225706,-0.06331471135940414
2020-03-16,2565,2610,2255,2255,3518701,-0.1033797216699801
2020-03-17,2055,2345,2055,2265,3693432,0.0044345898004434225
2020-03-18,2290,2325,2030,2030,4548661,-0.10375275938189843
2020-03-19,2110,2140,1680,1750,5409207,-0.13793103448275867
2020-03-20,1795,1940,1720,1920,6629925,0.0971428571428572
2020-03-23,1750,1850,1725,1805,3596949,-0.05989583333333337
2020-03-24,1880,2035,1850,1995,5095936,0.10526315789473695
2020-03-25,2100,2150,2010,2075,4815517,0.040100250626566414
2020-03-26,2120,2220,2060,2115,5093041,0.01927710843373487
2020-03-27,2240,2240,2020,2120,3528960,0.0023640661938533203
2020-03-30,2055,2150,2000,2130,3194653,0.004716981132075526
2020-03-31,2190,2240,2140,2180,3884114,0.023474178403755763
2020-04-01,2180,2345,2155,2170,5362247,-0.004587155963302725
2020-04-02,2200,2295,2150,2285,4785309,0.05299539170506917
2020-04-03,2350,2660,2310,2500,13418250,0.09409190371991238
2020-04-06,2540,2575,2480,2545,5256439,0.018000000000000016
2020-04-07,2660,2875,2605,2755,11719257,0.0825147347740669
2020-04-08,2780,2845,2625,2710,5392389,-0.016333938294010864
2020-04-09,2795,2795,2665,2715,3639462,0.0018450184501845879
2020-04-10,2740,2745,2530,2635,3249715,-0.029465930018416242
2020-04-13,2635,2640,2470,2475,2913109,-0.06072106261859578
2020-04-14,2505,2570,2505,2545,1681911,0.028282828282828243
2020-04-16,2535,2725,2490,2695,4546824,0.058939096267190516
2020-04-17,2715,2835,2695,2725,6100414,0.011131725417439675
2020-04-20,2755,2760,2690,2705,2258569,-0.007339449541284404
2020-04-21,2660,2785,2530,2720,4767398,0.005545286506469571
2020-04-22,2680,2710,2605,2700,1924996,-0.007352941176470562
2020-04-23,2750,2750,2690,2695,1773543,-0.0018518518518518823
2020-04-24,2670,2695,2585,2620,1603927,-0.0278293135435993
2020-04-27,2670,2700,2630,2685,2030661,0.024809160305343525
2020-04-28,2750,2750,2650,2690,1949946,0.0018621973929235924
2020-04-29,2690,2715,2670,2690,1345889,0.0
2020-05-04,2650,2890,2625,2840,9801788,0.055762081784386686
2020-05-06,2855,2880,2770,2845,3819544,0.0017605633802817433
2020-05-07,2845,2995,2820,2945,8521380,0.03514938488576447
2020-05-08,2950,2970,2915,2940,3173209,-0.001697792869269965
2020-05-11,2920,3035,2880,2915,4980111,-0.008503401360544172
2020-05-12,2930,2985,2820,2875,3024199,-0.013722126929674117
2020-05-13,2875,2905,2850,2895,3230950,0.006956521739130528
2020-05-14,2855,2900,2800,2815,2065529,-0.02763385146804831
2020-05-15,2840,2885,2810,2855,2289769,0.014209591474245054
2020-05-18,2870,2940,2760,2825,3019753,-0.010507880910682998
2020-05-19,2940,2955,2870,2875,4535196,0.017699115044247815
2020-05-20,2890,3050,2875,3050,10665773,0.0608695652173914
2020-05-21,3110,3135,3005,3025,5603574,-0.008196721311475419
2020-05-22,3040,3050,2920,2950,3602473,-0.024793388429752095
2020-05-25,3005,3075,2980,3060,5239658,0.03728813559322042
2020-05-26,3100,3210,3075,3135,9047065,0.02450980392156854
2020-05-27,3160,3160,3050,3080,2771663,-0.01754385964912286
2020-05-28,3100,3165,2900,2965,4266982,-0.037337662337662336
2020-05-29,2920,2990,2890,2965,1885234,0.0
2020-06-01,2965,3055,2960,3015,1850487,0.01686340640809436
2020-06-02,3025,3065,2980,3010,1537746,-0.0016583747927031434
2020-06-03,3040,3040,2965,2975,2016196,-0.011627906976744207
2020-06-04,3000,3090,2995,3045,3730384,0.0235294117647058
2020-06-05,3050,3055,2995,3005,1650534,-0.013136288998357948
2020-06-08,3015,3030,2970,2980,2220894,-0.008319467554076532
2020-06-09,3005,3025,2955,2980,1822673,0.0
2020-06-10,2975,2980,2890,2905,2421706,-0.025167785234899376
2020-06-11,2920,2925,2800,2805,2717315,-0.03442340791738385
2020-06-12,2605,2730,2600,2730,2800167,-0.0267379679144385
2020-06-15,2740,2750,2485,2500,3121510,-0.08424908424908428
2020-06-16,2560,2635,2560,2620,1736106,0.04800000000000004
2020-06-17,2585,2710,2555,2630,2141363,0.003816793893129722
2020-06-18,2630,2630,2580,2600,997648,-0.011406844106463865
2020-06-19,2630,2650,2585,2620,887589,0.007692307692307665
2020-06-22,2610,2665,2600,2615,1016140,-0.001908396946564861
2020-06-23,2645,2720,2615,2670,1452255,0.021032504780114758
2020-06-24,2695,2730,2670,2725,1445691,0.020599250936329527
2020-06-25,2655,2710,2635,2650,899837,-0.02752293577981646
2020-06-26,2685,2700,2630,2675,904410,0.009433962264151052
2020-06-29,2625,2655,2585,2595,953440,-0.029906542056074792
2020-06-30,2620,2695,2610,2655,1120142,0.023121387283236983
2020-07-01,2705,2715,2600,2610,1168920,-0.016949152542372836
2020-07-02,2640,2700,2640,2700,1068831,0.034482758620689724
2020-07-03,2710,2840,2700,2795,4107600,0.03518518518518521
2020-07-06,2855,2865,2800,2800,1836191,0.0017889087656528524
2020-07-07,2825,2850,2755,2780,1376448,-0.0071428571428571175
2020-07-08,2810,2910,2765,2830,5256383,0.017985611510791477
2020-07-09,2830,2865,2800,2845,1634490,0.005300353356890497
2020-07-10,2845,2850,2770,2780,1507060,-0.02284710017574687
2020-07-13,2830,2990,2800,2980,11359355,0.07194244604316546
2020-07-14,3000,3025,2930,3020,6033610,0.01342281879194629
2020-07-15,3100,3145,3000,3005,7316479,-0.004966887417218513
2020-07-16,2980,3050,2955,2985,4313205,-0.006655574043261225
2020-07-17,3020,3045,2970,2985,2619159,0.0
2020-07-20,3025,3100,2990,3055,5196816,0.02345058626465657
2020-07-21,3110,3115,3035,3040,4072449,-0.004909983633387904
2020-07-22,3045,3245,3000,3130,11915063,0.02960526315789469
2020-07-23,3130,3175,3080,3080,4036517,-0.015974440894568676
2020-07-24,3065,3135,3000,3060,3933109,-0.00649350649350644
2020-07-27,3045,3125,3030,3075,2794061,0.004901960784313708
2020-07-28,3110,3215,3085,3120,7339341,0.014634146341463428
2020-07-29,3185,3375,3160,3350,20846495,0.07371794871794868
2020-07-30,3375,3430,3240,3295,10901109,-0.016417910447761197
2020-07-31,3290,3295,3170,3215,3869493,-0.02427921092564489
2020-08-03,3215,3215,3095,3170,3640570,-0.013996889580093264
2020-08-04,3180,3290,3180,3235,4600718,0.020504731861198833
2020-08-05,3275,3275,3175,3185,3381764,-0.015455950540958274
2020-08-06,3215,3385,3195,3240,12646099,0.017268445839874413
2020-08-07,3295,3360,3230,3235,4729627,-0.0015432098765432167
2020-08-10,3330,3330,3230,3245,2778068,0.0030911901081915882
2020-08-11,3250,3295,3220,3225,2565845,-0.006163328197226536
2020-08-12,3225,3235,3080,3120,2826262,-0.032558139534883734
2020-08-13,3160,3235,3145,3200,2456987,0.02564102564102555
2020-08-14,3225,3230,3090,3115,2822972,-0.026562500000000044
2020-08-18,3060,3060,2845,2860,4294966,-0.0818619582664526
2020-08-19,2915,2955,2855,2895,1720383,0.012237762237762295
2020-08-20,2900,2910,2660,2705,3388446,-0.0656303972366149
2020-08-21,2720,2770,2655,2700,1642024,-0.001848428835489857
2020-08-24,2670,2760,2600,2760,1374637,0.022222222222222143
2020-08-25,2815,2865,2800,2865,1430450,0.03804347826086962
2020-08-26,2895,2900,2795,2830,1046095,-0.012216404886561949
2020-08-27,2835,2850,2725,2745,1482609,-0.030035335689045928
2020-08-28,2770,2845,2745,2790,1588182,0.016393442622950838
2020-08-31,2820,2840,2780,2815,981461,0.008960573476702427
2020-09-01,2805,2875,2795,2845,1201866,0.010657193605683846
2020-09-02,2870,3280,2845,3010,19931785,0.05799648506151134
2020-09-03,3005,3035,2965,3000,2072413,-0.0033222591362126463
2020-09-04,2850,2955,2810,2925,3143033,-0.025000000000000022
2020-09-07,2925,3030,2895,2965,2706114,0.013675213675213627
2020-09-08,3005,3050,2975,3020,3714351,0.018549747048903775
2020-09-09,2990,3050,2940,2985,2267635,-0.011589403973509937
2020-09-10,3040,3130,3020,3050,5515055,0.021775544388609624
2020-09-11,3050,3105,3015,3040,2210045,-0.003278688524590123
2020-09-14,3130,3190,3075,3150,5600726,0.03618421052631571
2020-09-15,3190,3280,3110,3120,6306693,-0.00952380952380949
2020-09-16,3130,3160,3025,3080,2314409,-0.012820512820512775
2020-09-17,3095,3150,3040,3055,2503928,-0.008116883116883078
2020-09-18,3090,3115,3035,3060,1767075,0.0016366612111293755
2020-09-21,3080,3110,2965,2985,2429796,-0.02450980392156865
2020-09-22,3010,3030,2890,2915,5769386,-0.02345058626465657
2020-09-23,2990,3195,2905,3080,12749929,0.05660377358490565
2020-09-24,3010,3060,2905,2910,3144776,-0.05519480519480524
2020-09-25,2935,2960,2850,2915,1945233,0.0017182130584192379
2020-09-28,2935,2990,2935,2975,1293025,0.020583190394511064
2020-09-29,3025,3050,2990,3005,1444968,0.010084033613445342
2020-10-05,3010,3055,2950,3055,1577373,0.016638935108153063
2020-10-06,3110,3245,3050,3070,9320509,0.004909983633387904
2020-10-07,3070,3140,3055,3095,2123620,0.008143322475570036
2020-10-08,3145,3160,3085,3095,2003976,0.0
2020-10-12,3105,3120,3055,3080,1736944,-0.004846526655896577
2020-10-13,3120,3225,3115,3150,8948474,0.022727272727272707
2020-10-14,3170,3215,3125,3140,3552305,-0.0031746031746031633
2020-10-15,3160,3200,3050,3075,3356894,-0.02070063694267521
2020-10-16,3070,3110,2960,2995,1883052,-0.026016260162601612
2020-10-19,2975,3020,2935,2945,1175323,-0.016694490818030094
2020-10-20,2900,3005,2900,2980,1685892,0.011884550084889645
2020-10-21,3000,3005,2945,2965,834596,-0.005033557046979831
2020-10-22,2940,3015,2930,2955,1271512,-0.003372681281618939
2020-10-23,2970,2990,2930,2940,890414,-0.005076142131979711
2020-10-26,2965,2990,2835,2865,1835970,-0.025510204081632626
2020-10-27,2860,2895,2790,2820,1898652,-0.015706806282722474
2020-10-28,2805,2890,2805,2865,1152200,0.015957446808510634
2020-10-29,2780,2830,2750,2830,1301956,-0.012216404886561949
2020-10-30,2815,2840,2710,2720,974644,-0.03886925795053009
2020-11-02,2720,2760,2705,2740,590376,0.007352941176470562
2020-11-03,2745,2825,2745,2785,798796,0.01642335766423364
2020-11-04,2810,2835,2770,2810,781239,0.008976660682226134
2020-11-05,2840,2860,2820,2855,637302,0.016014234875444844
2020-11-06,2880,2885,2800,2820,685900,-0.012259194395796813
2020-11-09,2880,2880,2820,2830,1108783,0.0035460992907800915
2020-11-10,2830,2880,2805,2865,1422074,0.012367491166077826
2020-11-11,2860,2895,2830,2895,1193660,0.010471204188481575
2020-11-12,2900,2905,2860,2875,838648,-0.006908462867012077
2020-11-13,2875,2905,2840,2850,1013597,-0.008695652173912993
2020-11-16,2865,2940,2855,2905,1693265,0.019298245614035148
2020-11-17,2920,2925,2845,2865,866882,-0.013769363166953541
2020-11-18,2890,2905,2850,2865,841089,0.0
2020-11-19,2835,2885,2830,2855,1161792,-0.003490401396160525
2020-11-20,2825,2880,2825,2865,1203817,0.003502626970227629
2020-11-23,2865,2890,2850,2875,988242,0.003490401396160525
2020-11-24,2895,2980,2865,2950,2540957,0.026086956521739202
2020-11-25,2970,2980,2830,2880,1897094,-0.023728813559321993
2020-11-26,2880,2890,2835,2845,894892,-0.01215277777777779
2020-11-27,2855,2875,2840,2860,810546,0.005272407732864748
2020-11-30,2875,2885,2825,2825,1062356,-0.012237762237762184
2020-12-01,2820,2855,2820,2845,852027,0.0070796460176991705
2020-12-02,2845,2865,2825,2835,759689,-0.0035149384885764245
2020-12-03,2845,2860,2800,2830,1014877,-0.0017636684303351524
2020-12-04,2835,2865,2810,2815,1297587,-0.005300353356890497
2020-12-07,2820,2825,2760,2765,1071086,-0.017761989342806372
2020-12-08,2755,2805,2755,2775,738193,0.003616636528029016
2020-12-09,2790,2795,2760,2765,770095,-0.003603603603603567
2020-12-10,2765,2765,2730,2740,886957,-0.009041591320072317
2020-12-11,2740,2790,2730,2770,841215,0.010948905109489093
2020-12-14,2770,2770,2720,2730,975703,-0.014440433212996373
2020-12-15,2720,2740,2680,2700,1086086,-0.01098901098901095
2020-12-16,2705,2765,2700,2740,1314403,0.014814814814814836
2020-12-17,2760,2855,2745,2810,3290120,0.025547445255474477
2020-12-18,2830,2830,2780,2795,853018,-0.005338078291814985
2020-12-21,2800,2800,2730,2760,1015963,-0.012522361359570633
2020-12-22,2745,2850,2705,2740,2381481,-0.007246376811594235
2020-12-23,2730,2895,2730,2835,5293789,0.034671532846715314
2020-12-24,2840,2870,2785,2800,1212204,-0.012345679012345734
2020-12-28,2780,2815,2725,2725,1422438,-0.0267857142857143
2020-12-29,2730,2780,2730,2780,717545,0.020183486238532167
2020-12-30,2785,2825,2780,2795,1127349,0.0053956834532373765
2021-01-04,2825,2870,2800,2870,1965701,0.02683363148479434
2021-01-05,2850,2870,2810,2830,1472200,-0.013937282229965153
2021-01-06,2840,2915,2810,2840,3459250,0.0035335689045936647
2021-01-07,2850,2910,2835,2855,2147342,0.005281690140845008
2021-01-08,2895,2985,2860,2910,5846938,0.019264448336252293
2021-01-11,2940,3015,2825,2880,4544376,-0.010309278350515427
2021-01-12,2870,2930,2820,2895,2291534,0.005208333333333259
2021-01-13,2925,3070,2910,3050,11527472,0.05354058721934374
2021-01-14,3120,3145,3020,3060,6715216,0.003278688524590123
2021-01-15,3105,3170,3060,3105,8336393,0.014705882352941124
2021-01-18,3110,3135,3010,3065,4100846,-0.012882447665056307
2021-01-19,3060,3100,2970,3060,2817617,-0.0016313213703099683
2021-01-20,3080,3325,3055,3180,23054741,0.03921568627450989
2021-01-21,3220,3275,3145,3150,6212293,-0.009433962264150941
2021-01-22,3160,3210,3080,3100,2953259,-0.015873015873015928
2021-01-25,3110,3160,3080,3105,2000121,0.001612903225806539
2021-01-26,3120,3190,3085,3180,3502552,0.024154589371980784
2021-01-27,3180,3210,3130,3130,2378712,-0.01572327044025157
2021-01-28,3060,3135,3020,3060,2260396,-0.022364217252396124
2021-01-29,3090,3115,2865,2930,2481991,-0.042483660130718914
2021-02-01,2900,2945,2815,2935,1305915,0.0017064846416381396
2021-02-02,2935,3025,2905,2940,2420551,0.0017035775127767216
2021-02-03,2960,3100,2950,3020,4941928,0.027210884353741527
2021-02-04,3030,3035,2935,2970,1758786,-0.01655629139072845
2021-02-05,2985,3030,2950,2950,1578420,-0.006734006734006703
2021-02-08,2950,2960,2895,2915,1264158,-0.011864406779661052
2021-02-09,2930,2950,2905,2915,975218,0.0
2021-02-10,2935,3015,2915,2930,2674824,0.005145797598627766
2021-02-15,2940,2970,2910,2960,1340261,0.010238907849829282
2021-02-16,2960,3005,2930,2960,1412391,0.0
2021-02-17,2965,3035,2945,2990,2313905,0.010135135135135087
2021-02-18,2995,3120,2975,3035,5099243,0.015050167224080369
2021-02-19,3040,3045,2935,2960,1917723,-0.02471169686985175
2021-02-22,2965,2990,2910,2915,1529402,-0.015202702702702742
2021-02-23,2920,2975,2905,2920,1848712,0.0017152658662091813
2021-02-24,2920,2940,2745,2745,1756994,-0.05993150684931503
2021-02-25,2800,2805,2770,2785,835321,0.014571948998178597
2021-02-26,2715,2740,2650,2700,1449429,-0.030520646319569078
2021-03-02,2745,2765,2690,2700,858256,0.0
2021-03-03,2680,2740,2680,2735,776732,0.012962962962963065
2021-03-04,2700,2730,2680,2710,692444,-0.009140767824497242
2021-03-05,2695,2710,2640,2665,759540,-0.016605166051660514
2021-03-08,2710,2715,2640,2640,621725,-0.009380863039399667
2021-03-09,2610,2640,2465,2580,1048723,-0.022727272727272707
2021-03-10,2605,2700,2560,2560,886094,-0.007751937984496138
2021-03-11,2535,2590,2535,2580,581135,0.0078125
2021-03-12,2595,2700,2595,2680,876314,0.03875968992248069
2021-03-15,2680,2715,2655,2700,465855,0.00746268656716409
2021-03-16,2700,2815,2695,2755,1517877,0.020370370370370372
2021-03-17,2780,2780,2705,2725,552664,-0.010889292196007205
2021-03-18,2720,2750,2690,2690,876197,-0.012844036697247652
2021-03-19,2650,2685,2645,2675,776910,-0.005576208178438624
2021-03-22,2675,2690,2640,2640,538832,-0.013084112149532756
2021-03-23,2640,2665,2605,2620,538091,-0.007575757575757569
2021-03-24,2595,2635,2575,2610,420427,-0.003816793893129722
2021-03-25,2585,2630,2585,2615,528537,0.0019157088122605526
2021-03-26,2625,2640,2590,2610,336347,-0.0019120458891013214
2021-03-29,2615,2625,2565,2580,731793,-0.011494252873563204
2021-03-30,2580,2610,2565,2605,436838,0.009689922480620172
2021-03-31,2610,2665,2585,2660,737177,0.02111324376199608
2021-04-01,2680,2680,2620,2625,467690,-0.013157894736842146
2021-04-02,2650,2670,2630,2640,608373,0.005714285714285783
2021-04-05,2630,2640,2595,2610,541276,-0.011363636363636354
2021-04-06,2620,2635,2585,2595,540649,-0.005747126436781658
2021-04-07,2600,2605,2580,2605,577194,0.003853564547206201
2021-04-08,2605,2660,2585,2655,689274,0.019193857965451144
2021-04-09,2660,2690,2615,2615,1593430,-0.015065913370998163
2021-04-12,2615,2685,2610,2685,874877,0.026768642447418722
2021-04-13,2685,2710,2650,2690,881839,0.0018621973929235924
2021-04-14,2690,2735,2670,2710,1050191,0.0074349442379182396
2021-04-15,2710,2730,2695,2695,529282,-0.005535055350553542
2021-04-16,2700,2705,2640,2645,1348724,-0.01855287569573283
2021-04-19,2645,2670,2635,2650,706727,0.001890359168241984
2021-04-20,2635,2695,2635,2690,906891,0.015094339622641506
2021-04-21,2705,2710,2625,2640,1001474,-0.018587360594795488
2021-04-22,2635,2690,2635,2650,731217,0.0037878787878788955
2021-04-23,2650,2655,2620,2630,567199,-0.007547169811320753
2021-04-26,2630,2655,2605,2615,733358,-0.005703422053231932
2021-04-27,2615,2625,2590,2600,699183,-0.005736137667303964
2021-04-28,2600,2610,2540,2550,814630,-0.019230769230769273
2021-04-29,2550,2555,2500,2520,575040,-0.0117647058823529
2021-04-30,2510,2540,2490,2500,514302,-0.007936507936507908
2021-05-03,2500,2560,2500,2520,414449,0.008000000000000007
2021-05-04,2505,2520,2405,2490,929471,-0.011904761904761862
2021-05-06,2470,2515,2465,2490,263923,0.0
2021-05-07,2490,2535,2480,2515,286223,0.010040160642570184
2021-05-10,2515,2555,2505,2535,406189,0.007952286282306265
2021-05-11,2525,2535,2480,2480,481131,-0.021696252465483234
2021-05-12,2490,2495,2415,2440,841995,-0.016129032258064502
2021-05-13,2400,2445,2395,2410,525889,-0.012295081967213073
2021-05-14,2415,2430,2395,2415,345644,0.0020746887966804906
2021-05-17,2395,2405,2190,2210,3165934,-0.08488612836438925
2021-05-18,2210,2215,2145,2195,950980,-0.006787330316742057
2021-05-20,2175,2220,2160,2210,493255,0.006833712984054774
2021-05-21,2215,2255,2205,2210,547024,0.0
2021-05-24,2195,2205,2035,2050,1697128,-0.07239819004524883
2021-05-25,2055,2145,2050,2120,1508541,0.034146341463414664
2021-05-26,2130,2260,2130,2235,1086773,0.054245283018867996
2021-05-27,2250,2255,2185,2215,572758,-0.008948545861297563
2021-05-28,2235,2360,2235,2285,1566586,0.03160270880361171
2021-05-31,2285,2315,2250,2285,644596,0.0
2021-06-01,2285,2310,2270,2295,361179,0.004376367614879584
2021-06-02,2300,2300,2245,2265,518373,-0.013071895424836555
2021-06-03,2270,2345,2265,2320,821090,0.024282560706401668
2021-06-04,2315,2325,2285,2320,380445,0.0
2021-06-07,2330,2340,2280,2305,420758,-0.006465517241379337
2021-06-08,2295,2300,2270,2285,375811,-0.008676789587852451
2021-06-09,2280,2295,2235,2255,476148,-0.013129102844638973
2021-06-10,2255,2295,2235,2270,357620,0.006651884700665134
2021-06-11,2250,2280,2225,2240,519193,-0.013215859030836996
2021-06-14,2230,2240,2175,2205,602618,-0.015625
2021-06-15,2200,2225,2195,2215,379159,0.0045351473922903285
2021-06-16,2225,2225,2190,2200,343889,-0.006772009029345383
2021-06-17,2200,2200,2170,2185,532842,-0.006818181818181834
2021-06-18,2180,2240,2180,2215,553787,0.013729977116704761
2021-06-21,2215,2310,2200,2230,972052,0.006772009029345272
2021-06-22,2230,2270,2230,2245,384022,0.006726457399103047
2021-06-23,2245,2255,2210,2230,529945,-0.006681514476614692
2021-06-24,2230,2260,2190,2205,405610,-0.011210762331838597
2021-06-25,2200,2240,2195,2205,367157,0.0
2021-06-28,2205,2300,2205,2300,918668,0.04308390022675734
2021-06-29,2310,2315,2255,2275,562470,-0.010869565217391353
2021-06-30,2275,2290,2270,2290,368195,0.00659340659340657
2021-07-01,2295,2355,2290,2325,1186823,0.015283842794759916
2021-07-02,2335,2335,2295,2335,533721,0.004301075268817289
2021-07-05,2330,2330,2285,2305,429985,-0.012847965738758016
2021-07-06,2285,2315,2280,2300,432497,-0.002169197396963085
2021-07-07,2305,2310,2265,2275,487447,-0.010869565217391353
2021-07-08,2265,2275,2195,2210,898617,-0.02857142857142858
2021-07-09,2195,2200,2100,2175,1045471,-0.015837104072398245
2021-07-12,2175,2215,2175,2215,476730,0.01839080459770126
2021-07-13,2220,2350,2220,2330,1885235,0.05191873589164775
2021-07-14,2330,2335,2275,2285,541629,-0.01931330472102999
2021-07-15,2285,2315,2275,2280,505353,-0.002188183807439792
2021-07-16,2270,2290,2245,2280,499287,0.0
2021-07-19,2280,2280,2225,2260,526779,-0.00877192982456143
2021-07-20,2210,2250,2210,2235,475912,-0.011061946902654829
2021-07-21,2250,2260,2205,2215,358866,-0.008948545861297563
2021-07-22,2215,2230,2175,2210,322803,-0.0022573363431150906
2021-07-23,2205,2230,2185,2200,468587,-0.004524886877828038
2021-07-26,2200,2210,2170,2170,331176,-0.013636363636363669
2021-07-27,2160,2190,2160,2175,268256,0.0023041474654377225
2021-07-28,2155,2180,2130,2140,457187,-0.016091954022988464
2021-07-29,2140,2160,2130,2145,278919,0.002336448598130758
2021-07-30,2155,2155,2080,2120,431370,-0.011655011655011704
2021-08-02,2125,2125,2085,2095,285661,-0.011792452830188704
2021-08-03,2100,2120,2065,2100,357915,0.0023866348448686736
2021-08-04,2125,2125,2095,2120,249710,0.00952380952380949
2021-08-05,2110,2170,2110,2165,415419,0.021226415094339535
2021-08-06,2155,2170,2135,2155,208422,-0.004618937644341847
2021-08-09,2150,2155,2125,2140,212839,-0.00696055684454755
2021-08-10,2130,2180,2085,2115,582952,-0.011682242990654235
2021-08-11,2085,2115,2080,2090,258783,-0.011820330969267157
2021-08-12,2100,2100,2055,2060,310019,-0.014354066985645897
2021-08-13,2075,2080,1990,2025,607730,-0.016990291262135915
2021-08-17,1990,2020,1910,1915,897911,-0.05432098765432103
2021-08-18,1850,1955,1850,1950,480017,0.018276762402088753
2021-08-19,1945,1965,1835,1860,705080,-0.0461538461538461
2021-08-20,1865,1890,1740,1770,1033320,-0.048387096774193505
2021-08-23,1775,1885,1735,1825,857175,0.031073446327683607
2021-08-24,1830,1945,1830,1940,498613,0.06301369863013706
2021-08-25,1970,1970,1905,1950,234755,0.005154639175257714
2021-08-26,1970,1970,1905,1920,324332,-0.01538461538461533
2021-08-27,1935,2040,1900,1985,621256,0.03385416666666674
2021-08-30,1995,2045,1980,1990,346850,0.0025188916876575096
2021-08-31,1995,1995,1930,1960,226996,-0.015075376884422065
2021-09-01,1965,2005,1965,2005,293016,0.022959183673469497
2021-09-02,2010,2010,1975,1990,213316,-0.007481296758104716
2021-09-03,1995,2540,1990,2250,35755128,0.1306532663316582
2021-09-06,2250,2375,2245,2265,7580384,0.006666666666666599
2021-09-07,2300,2310,2160,2230,3258299,-0.015452538631346546
2021-09-08,2205,2280,2155,2255,2702249,0.011210762331838486
2021-09-09,2230,2265,2170,2175,1378422,-0.03547671840354771
2021-09-10,2170,2215,2120,2210,1099793,0.016091954022988464
2021-09-13,2190,2230,2155,2160,942982,-0.022624434389140302
2021-09-14,2190,2190,2125,2125,675297,-0.01620370370370372
2021-09-15,2110,2145,2080,2110,812381,-0.007058823529411784
2021-09-16,2110,2145,2070,2070,460108,-0.018957345971563955
2021-09-17,2075,2090,2050,2080,440609,0.004830917874396157
2021-09-23,2060,2070,2010,2010,465629,-0.033653846153846145
2021-09-24,2020,2110,2020,2040,512335,0.014925373134328401
2021-09-27,2050,2085,2010,2045,504733,0.002450980392156854
2021-09-28,2030,2045,1960,1960,840718,-0.041564792176039145
2021-09-29,1925,2020,1915,2015,760022,0.028061224489795977
2021-09-30,1990,2015,1960,1975,494884,-0.01985111662531014
2021-10-01,1940,1990,1885,1890,898629,-0.04303797468354431
2021-10-05,1860,1875,1770,1805,1440211,-0.044973544973545
2021-10-06,1800,1860,1705,1715,1252160,-0.049861495844875314
2021-10-07,1720,1785,1720,1780,505939,0.03790087463556846
2021-10-08,1790,1825,1770,1810,440178,0.016853932584269593
2021-10-12,1810,1825,1765,1810,348892,0.0
2021-10-13,1810,1855,1810,1850,503580,0.022099447513812098
2021-10-14,1855,1895,1855,1880,425501,0.016216216216216273
2021-10-15,1895,1925,1850,1900,464467,0.010638297872340496
2021-10-18,1900,1920,1875,1905,317219,0.002631578947368318
2021-10-19,1900,1925,1895,1915,319432,0.005249343832020914
2021-10-20,1920,1925,1900,1910,234770,-0.0026109660574412663
2021-10-21,1920,1920,1865,1875,255634,-0.01832460732984298
2021-10-22,1860,1880,1855,1855,212098,-0.010666666666666713
2021-10-25,1865,1910,1835,1895,283632,0.02156334231805923
2021-10-26,1920,1920,1890,1910,275712,0.0079155672823219
2021-10-27,1905,1925,1880,1925,243864,0.007853403141361293
2021-10-28,1915,1950,1900,1930,282868,0.0025974025974024872
2021-10-29,1940,1940,1865,1880,250009,-0.025906735751295318
2021-11-01,1880,1895,1865,1865,277673,-0.007978723404255317
2021-11-02,1860,1940,1860,1900,376674,0.018766756032171594
2021-11-03,1905,1920,1875,1900,224698,0.0
2021-11-04,1890,1920,1835,1855,340522,-0.023684210526315752
2021-11-05,1855,1875,1815,1830,343149,-0.013477088948787075
2021-11-08,1820,1835,1795,1830,248071,0.0
2021-11-09,1815,1845,1805,1810,190206,-0.010928961748633892
2021-11-10,1810,1810,1760,1775,277439,-0.01933701657458564
2021-11-11,1790,1790,1755,1770,248153,-0.0028169014084507005
2021-11-12,1775,1835,1775,1810,251001,0.02259887005649719
2021-11-15,1810,1825,1795,1815,316170,0.0027624309392264568
2021-11-16,1820,1830,1790,1790,236373,-0.01377410468319562
2021-11-17,1795,1800,1750,1760,339010,-0.016759776536312887
2021-11-18,1750,1780,1720,1745,292909,-0.008522727272727293
2021-11-19,1750,1825,1750,1825,507145,0.04584527220630363
2021-11-22,1830,1850,1795,1810,342413,-0.008219178082191747
2021-11-23,1790,1895,1790,1860,565285,0.027624309392265234
2021-11-24,1890,1890,1830,1860,347059,0.0
2021-11-25,1860,1860,1805,1845,361753,-0.008064516129032251
2021-11-26,1900,1910,1760,1770,887741,-0.04065040650406504
2021-11-29,1705,1750,1670,1670,757475,-0.05649717514124297
2021-11-30,1700,1715,1565,1580,537951,-0.053892215568862256
2021-12-01,1550,1620,1550,1615,307298,0.02215189873417711
2021-12-02,1585,1695,1585,1695,342619,0.049535603715170184
2021-12-03,1705,1705,1665,1700,245911,0.002949852507374562
2021-12-06,1700,1705,1610,1700,175086,0.0
2021-12-07,1700,1735,1700,1735,375108,0.020588235294117574
2021-12-08,1755,1770,1715,1730,324234,-0.0028818443804035088
2021-12-09,1715,1775,1715,1755,344767,0.014450867052023142
2021-12-10,1755,1780,1730,1760,328718,0.002849002849002913
2021-12-13,1780,1825,1745,1800,442430,0.022727272727272707
2021-12-14,1770,1800,1750,1775,313344,-0.01388888888888884
2021-12-15,1775,1785,1740,1750,181998,-0.014084507042253502
2021-12-16,1750,1795,1750,1770,215006,0.011428571428571344
2021-12-17,1765,1805,1755,1785,430174,0.008474576271186418
2021-12-20,1790,1800,1735,1760,381402,-0.014005602240896309
2021-12-21,1760,1770,1710,1725,266236,-0.019886363636363646
2021-12-22,1735,1770,1725,1750,270316,0.01449275362318847
2021-12-23,1750,1810,1750,1810,494755,0.03428571428571425
2021-12-24,1830,1830,1775,1800,184535,-0.0055248618784530246
2021-12-27,1800,1825,1785,1800,353789,0.0
2021-12-28,1800,1810,1765,1770,375114,-0.01666666666666672
2021-12-29,1770,1805,1765,1805,194281,0.019774011299435124
2021-12-30,1805,1870,1800,1865,745611,0.0332409972299168
2022-01-03,1870,1870,1825,1850,458852,-0.008042895442359255
2022-01-04,1860,1910,1860,1905,751595,0.029729729729729648
2022-01-05,1900,1920,1840,1850,457184,-0.02887139107611547
2022-01-06,1820,1875,1820,1870,436535,0.0108108108108107
2022-01-07,1860,1960,1860,1955,1290062,0.045454545454545414
2022-01-10,1975,1985,1930,1955,984785,0.0
2022-01-11,1980,2155,1905,1905,7904267,-0.025575447570332477
2022-01-12,1895,1990,1895,1960,1371821,0.028871391076115582
2022-01-13,1975,2010,1895,1980,1635351,0.010204081632652962
2022-01-14,1980,2030,1935,1980,1644975,0.0
2022-01-17,1980,2175,1910,1920,6199997,-0.030303030303030276
2022-01-18,1905,1965,1900,1935,720116,0.0078125
2022-01-19,1895,1945,1885,1895,581331,-0.02067183462532296
2022-01-20,1880,2000,1880,1970,1132104,0.0395778364116095
2022-01-21,1975,1985,1900,1925,732266,-0.022842639593908642
2022-01-24,1905,1910,1815,1825,616759,-0.051948051948051965
2022-01-25,1825,1840,1700,1715,731012,-0.0602739726027397
2022-01-26,1700,1755,1690,1720,407449,0.00291545189504383
2022-01-27,1720,1725,1645,1650,422123,-0.04069767441860461
2022-01-28,1650,1720,1635,1710,393779,0.036363636363636376
2022-02-03,1740,1780,1735,1755,379451,0.026315789473684292
2022-02-04,1745,1780,1720,1775,271851,0.01139601139601143
2022-02-07,1785,1790,1750,1755,184842,-0.011267605633802802
2022-02-08,1750,1770,1715,1735,222886,-0.01139601139601143
2022-02-09,1755,1785,1735,1775,195865,0.023054755043227626
2022-02-10,1775,1800,1750,1765,201615,-0.005633802816901401
2022-02-11,1760,1795,1725,1770,249686,0.0028328611898016387
2022-02-14,1730,1745,1690,1695,269488,-0.0423728813559322
2022-02-15,1690,1715,1660,1665,238649,-0.017699115044247815
2022-02-16,1675,1720,1675,1720,162942,0.033033033033033066
2022-02-17,1730,1745,1680,1725,360808,0.0029069767441860517
2022-02-18,1695,1925,1670,1785,3053527,0.034782608695652195
2022-02-21,1755,1805,1750,1785,489368,0.0
2022-02-22,1715,1780,1715,1740,409235,-0.025210084033613467
2022-02-23,1730,1750,1715,1740,240023,0.0
2022-02-24,1720,1730,1655,1660,479881,-0.04597701149425293
2022-02-25,1705,1715,1670,1685,198300,0.015060240963855387
2022-02-28,1685,1730,1685,1700,174671,0.008902077151335286
2022-03-02,1685,1795,1685,1745,329424,0.026470588235294024
2022-03-03,1770,1770,1730,1755,309541,0.005730659025787954
2022-03-04,1735,1755,1720,1730,203867,-0.014245014245014231
2022-03-07,1730,1740,1690,1705,196619,-0.014450867052023142
2022-03-08,1705,1710,1665,1695,161135,-0.0058651026392961825
2022-03-10,1715,1725,1690,1710,180403,0.008849557522123908
2022-03-11,1700,1715,1680,1695,214679,-0.00877192982456143
2022-03-14,1685,1695,1655,1665,272064,-0.017699115044247815
2022-03-15,1650,1680,1645,1655,154660,-0.006006006006005982
2022-03-16,1680,1685,1645,1680,219448,0.015105740181268867
2022-03-17,1690,1715,1690,1705,172371,0.014880952380952328
2022-03-18,1700,1730,1680,1730,257828,0.014662756598240456
2022-03-21,1730,1745,1715,1720,205369,-0.005780346820809301
2022-03-22,1705,1750,1705,1740,261904,0.011627906976744207
2022-03-23,1740,1750,1725,1735,133000,-0.002873563218390829
2022-03-24,1720,1735,1710,1730,127990,-0.0028818443804035088
2022-03-25,1730,1745,1725,1730,133918,0.0
2022-03-28,1730,1745,1720,1740,180964,0.005780346820809301
2022-03-29,1750,1860,1730,1755,2096762,0.008620689655172376
2022-03-30,1760,1810,1745,1795,625267,0.02279202279202286
2022-03-31,1785,1825,1775,1785,493793,-0.005571030640668551
2022-04-01,1820,1825,1790,1825,453202,0.022408963585434094
2022-04-04,1835,1985,1795,1920,7084529,0.05205479452054784
2022-04-05,1910,1910,1865,1880,816079,-0.02083333333333337
2022-04-06,1880,1885,1830,1830,438346,-0.02659574468085102
2022-04-07,1850,2195,1845,1975,50724182,0.0792349726775956
2022-04-08,2020,2080,1960,2015,8905495,0.020253164556962133
2022-04-11,2000,2040,1960,1960,3274223,-0.027295285359801524
2022-04-12,1915,1940,1875,1925,1708395,-0.017857142857142905
2022-04-13,1925,1930,1885,1905,897896,-0.010389610389610393
2022-04-14,1910,1920,1870,1900,739951,-0.002624671916010457
2022-04-15,1890,1895,1855,1890,595167,-0.0052631578947368585
2022-04-18,1890,1945,1865,1930,1014605,0.021164021164021163
2022-04-19,1930,1940,1910,1930,631075,0.0
2022-04-20,1940,1945,1915,1935,650830,0.002590673575129543
2022-04-21,1935,1940,1890,1890,540028,-0.023255813953488413
2022-04-22,1900,1920,1860,1915,516730,0.013227513227513255
2022-04-25,1895,1900,1855,1860,496051,-0.02872062663185382
2022-04-26,1860,1880,1835,1835,548159,-0.013440860215053752
2022-04-27,1790,1820,1775,1820,439115,-0.008174386920980936
2022-04-28,1810,1840,1795,1825,267834,0.0027472527472527375
2022-04-29,1810,1870,1810,1840,341300,0.008219178082191858
2022-05-02,1835,1880,1780,1880,383575,0.021739130434782705
2022-05-03,1875,1890,1850,1855,348329,-0.013297872340425565
2022-05-04,1860,1885,1850,1885,439822,0.016172506738544534
2022-05-06,1840,1860,1815,1825,324985,-0.03183023872679047
2022-05-09,1825,1825,1770,1795,437361,-0.016438356164383605
2022-05-10,1780,1800,1705,1795,511804,0.0
2022-05-11,1795,1820,1785,1815,237688,0.011142061281337101
2022-05-12,1770,1795,1695,1710,506477,-0.05785123966942152
2022-05-13,1720,1785,1720,1755,316722,0.026315789473684292
2022-05-16,1755,1850,1755,1840,466511,0.04843304843304841
2022-05-17,1840,1855,1805,1850,266560,0.005434782608695565
2022-05-18,1865,1865,1820,1845,245162,-0.002702702702702675
2022-05-19,1800,1875,1795,1855,298040,0.005420054200542035
2022-05-20,1865,1900,1855,1860,441586,0.0026954177897573484
2022-05-23,1865,1910,1835,1875,415792,0.008064516129032251
2022-05-24,1880,1885,1840,1855,366743,-0.010666666666666713
2022-05-25,1855,1885,1835,1860,288892,0.0026954177897573484
2022-05-26,1860,1900,1860,1885,392444,0.013440860215053752
2022-05-27,1895,1895,1865,1875,381413,-0.0053050397877983935
2022-05-30,1910,1915,1885,1910,496651,0.01866666666666661
2022-05-31,1920,1970,1910,1960,1277606,0.02617801047120416
2022-06-02,1940,1975,1925,1970,679908,0.005102040816326481
2022-06-03,1970,1975,1940,1950,438502,-0.010152284263959421
2022-06-07,1945,1945,1880,1915,450474,-0.017948717948717996
2022-06-08,1915,2130,1910,2055,20315661,0.07310704960835501
2022-06-09,2270,2660,2250,2435,111038658,0.18491484184914841
2022-06-10,2410,2600,2325,2370,52140205,-0.026694045174537995
2022-06-13,2650,2770,2445,2480,61138696,0.04641350210970474
2022-06-14,2390,2525,2330,2520,20752717,0.016129032258064502
2022-06-15,2395,2400,2225,2245,10813486,-0.10912698412698407
2022-06-16,2275,2340,2195,2215,9211518,-0.013363028953229383
2022-06-17,2160,2225,2105,2200,6503385,-0.006772009029345383
2022-06-20,2210,2220,2015,2055,6176194,-0.06590909090909092
2022-06-21,2070,2180,2040,2130,8377879,0.03649635036496357
2022-06-22,2150,2215,2005,2030,7522530,-0.04694835680751175
2022-06-23,2015,2090,1885,1905,5899439,-0.061576354679802936
2022-06-24,1910,2035,1910,1990,5370384,0.044619422572178546
2022-06-27,2000,2120,1985,2055,6021491,0.03266331658291466
2022-06-28,2195,2285,2100,2110,18160739,0.02676399026763998
2022-06-29,2050,2270,2035,2240,19522105,0.06161137440758302
2022-06-30,2200,2220,2050,2050,7191742,-0.0848214285714286
2022-07-01,2075,2120,1945,1950,4795629,-0.04878048780487809
2022-07-04,1995,2190,1975,2190,26170029,0.12307692307692308
2022-07-05,2280,2330,2190,2225,25744410,0.015981735159817267
2022-07-06,2235,2305,2135,2165,11394346,-0.026966292134831482
2022-07-07,2175,2265,2140,2210,8673204,0.020785219399538146
2022-07-08,2220,2345,2160,2300,28506913,0.040723981900452566
2022-07-11,2250,2295,2175,2190,8206299,-0.047826086956521685
2022-07-12,2145,2155,2030,2060,4148249,-0.05936073059360736
2022-07-13,2065,2100,2020,2075,2548883,0.00728155339805836
2022-07-14,2055,2070,2010,2020,2112054,-0.026506024096385583
2022-07-15,2030,2135,2000,2085,6517851,0.03217821782178221
2022-07-18,2105,2165,2090,2120,4398284,0.01678657074340517
2022-07-19,2095,2155,2075,2155,2640193,0.01650943396226423
2022-07-20,2180,2180,2100,2100,3332175,-0.025522041763341052
2022-07-21,2115,2210,2095,2135,4971610,0.016666666666666607
2022-07-22,2135,2195,2095,2095,3835967,-0.0187353629976581
2022-07-25,2090,2115,2040,2050,1849291,-0.021479713603818618
2022-07-26,2075,2130,2060,2060,1919539,0.004878048780487809
2022-07-27,2045,2095,2045,2080,1134839,0.009708737864077666
2022-07-28,2120,2220,2080,2195,9121070,0.05528846153846145
2022-07-29,2185,2210,2155,2160,3058902,-0.015945330296127547
2022-08-01,2170,2245,2145,2205,3920673,0.02083333333333326
2022-08-02,2200,2225,2175,2185,5101771,-0.009070294784580546
2022-08-03,2400,2565,2285,2365,75319567,0.08237986270022879
2022-08-04,2440,2535,2355,2385,27462205,0.008456659619450413
2022-08-05,2400,3055,2375,2920,184519206,0.22431865828092246
2022-08-08,2925,2930,2785,2805,28998989,-0.03938356164383561
2022-08-09,2790,2835,2730,2815,25388406,0.0035650623885918886
2022-08-10,2695,2725,2650,2680,12517485,-0.047957371225577305
2022-08-11,2685,2765,2640,2650,15344486,-0.011194029850746245
2022-08-12,2640,2785,2620,2630,18487436,-0.007547169811320753
2022-08-16,2640,2740,2630,2705,9985174,0.028517110266159662
2022-08-17,2730,2730,2590,2590,5866454,-0.04251386321626616
2022-08-18,2595,2630,2555,2590,3536764,0.0
2022-08-19,2580,2660,2490,2500,6602788,-0.03474903474903479
2022-08-22,2470,2520,2410,2435,3784480,-0.026000000000000023
2022-08-23,2390,2440,2360,2385,3599263,-0.02053388090349073
2022-08-24,2400,2430,2330,2375,3487437,-0.004192872117400381
2022-08-25,2465,2580,2435,2440,19662003,0.027368421052631486
2022-08-26,2480,2515,2360,2385,4344696,-0.02254098360655743
2022-08-29,2280,2330,2260,2315,2804454,-0.02935010482180289
2022-08-30,2305,2375,2305,2375,2542015,0.02591792656587466
2022-08-31,2350,2440,2335,2430,2969996,0.023157894736842044
2022-09-01,2410,2460,2360,2370,2361877,-0.024691358024691357
2022-09-02,2375,2395,2280,2280,3132829,-0.03797468354430378
2022-09-05,2255,2300,2220,2240,2455836,-0.01754385964912286
2022-09-06,2230,2295,2230,2280,1704835,0.017857142857142794
2022-09-07,2280,2285,2190,2220,2020916,-0.02631578947368418
2022-09-08,2235,2270,2195,2215,1675103,-0.0022522522522522292
2022-09-13,2260,2335,2255,2315,2431318,0.04514672686230248
2022-09-14,2225,2375,2225,2375,3083300,0.02591792656587466
2022-09-15,2410,2410,2315,2330,2643544,-0.0189473684210526
2022-09-16,2315,2490,2275,2460,10536590,0.05579399141630903
2022-09-19,2410,2430,2335,2360,4445753,-0.04065040650406504
2022-09-20,2405,2500,2395,2405,12740831,0.019067796610169552
2022-09-21,2400,2500,2395,2440,8476071,0.01455301455301461
2022-09-22,2400,2465,2315,2375,3795220,-0.026639344262295084
2022-09-23,2350,2365,2210,2210,3417493,-0.06947368421052635
2022-09-26,2160,2185,1995,2000,4428563,-0.09502262443438914
2022-09-27,1985,2035,1925,1975,3664970,-0.012499999999999956
2022-09-28,1985,2045,1815,1820,4396019,-0.07848101265822782
2022-09-29,1860,1925,1820,1820,2286376,0.0
2022-09-30,1770,1855,1765,1815,2193459,-0.0027472527472527375
2022-10-04,1870,1920,1860,1900,2543532,0.04683195592286493
2022-10-05,1935,1945,1840,1860,1773241,-0.021052631578947323
2022-10-06,1865,2205,1865,2050,26559784,0.10215053763440851
2022-10-07,2040,2085,2000,2035,4640284,-0.007317073170731714
2022-10-11,2065,2125,1975,2040,9280042,0.002457002457002533
2022-10-12,2010,2590,1980,2330,60266494,0.14215686274509798
2022-10-13,2365,2365,2175,2210,11512522,-0.05150214592274682
2022-10-14,2275,2340,2230,2240,14353815,0.013574660633484115
2022-10-17,2190,2280,2165,2270,5126249,0.013392857142857206
2022-10-18,2285,2390,2265,2285,10143601,0.0066079295154184425
2022-10-19,2340,2520,2325,2340,29595496,0.024070021881838155
2022-10-20,2315,2465,2255,2360,15558417,0.008547008547008517
2022-10-21,2320,2355,2195,2195,4840911,-0.06991525423728817
2022-10-24,2285,2355,2215,2215,5831004,0.009111617312072884
2022-10-25,2235,2310,2230,2280,4011389,0.02934537246049662
2022-10-26,2290,2290,2180,2195,3631796,-0.037280701754385914
2022-10-27,2215,2240,2185,2185,3570864,-0.004555808656036442
2022-10-28,2160,2165,2065,2075,2730892,-0.05034324942791757
2022-10-31,2105,2130,2075,2090,1937802,0.0072289156626506035
2022-11-01,2090,2130,2060,2105,1576605,0.0071770334928229484
2022-11-02,2095,2145,2075,2095,1839328,-0.004750593824228044
2022-11-03,2040,2095,2015,2070,1183087,-0.011933174224343701
2022-11-04,2055,2120,2055,2070,1145184,0.0
2022-11-07,2090,2145,2090,2120,1845509,0.024154589371980784
2022-11-08,2115,2150,2115,2125,1378041,0.002358490566037652
2022-11-09,2125,2140,2090,2095,1590482,-0.014117647058823568
2022-11-10,2065,2090,2060,2060,1213097,-0.01670644391408116
2022-11-11,2120,2130,2075,2090,1860445,0.014563106796116498
2022-11-14,2100,2165,2090,2125,2442875,0.01674641148325362
2022-11-15,2125,2160,2120,2150,1575703,0.0117647058823529
2022-11-16,2160,2180,2120,2150,1559430,0.0
2022-11-17,2150,2150,2080,2080,1135832,-0.032558139534883734
2022-11-18,2090,2135,2080,2080,827922,0.0
2022-11-21,2100,2105,2015,2025,1211578,-0.02644230769230771
2022-11-22,2010,2045,1995,1995,921647,-0.014814814814814836
2022-11-23,2010,2040,2010,2015,730738,0.010025062656641603
2022-11-24,2035,2085,2030,2055,877427,0.01985111662531014
2022-11-25,2065,2145,2055,2075,2361139,0.009732360097323589
2022-11-28,2120,2155,2085,2095,1733165,0.009638554216867545
2022-11-29,2090,2150,2090,2115,1239128,0.009546539379474916
2022-11-30,2120,2240,2110,2155,5579301,0.01891252955082745
2022-12-01,2185,2200,2155,2170,2034832,0.006960556844547661
2022-12-02,2185,2190,2120,2175,1835459,0.0023041474654377225
2022-12-05,2155,2180,2120,2135,1030200,-0.01839080459770115
2022-12-06,2105,2115,2075,2080,1024544,-0.025761124121779888
2022-12-07,2040,2070,2020,2035,1027508,-0.02163461538461542
2022-12-08,2035,2055,1985,1990,1066111,-0.02211302211302213
2022-12-09,2020,2220,2010,2050,10470419,0.03015075376884413
2022-12-12,2050,2090,2030,2035,1127183,-0.007317073170731714
2022-12-13,2040,2070,2005,2005,1103563,-0.014742014742014753
2022-12-14,2005,2055,2005,2040,818468,0.0174563591022443
2022-12-15,2015,2060,2010,2040,635839,0.0
2022-12-16,2000,2030,1990,1995,1128851,-0.022058823529411797
2022-12-19,2000,2005,1950,1950,1133671,-0.022556390977443663
2022-12-20,1945,1960,1880,1880,1193378,-0.03589743589743588
2022-12-21,1890,1930,1865,1875,730091,-0.0026595744680850686
2022-12-22,1890,1920,1890,1895,592898,0.010666666666666602
2022-12-23,1865,1875,1815,1820,980201,-0.0395778364116095
2022-12-26,1820,1855,1805,1815,821588,-0.0027472527472527375
2022-12-27,1815,1850,1805,1815,642999,0.0
2022-12-28,1815,1830,1795,1800,507211,-0.008264462809917328
2022-12-29,1785,1800,1730,1755,935577,-0.025000000000000022
2023-01-02,1770,1805,1705,1705,758205,-0.028490028490028463
2023-01-03,1695,1755,1680,1750,786872,0.02639296187683282
2023-01-04,1735,1805,1725,1795,830888,0.0257142857142858
2023-01-05,1795,1815,1785,1795,491512,0.0
2023-01-06,1770,1865,1770,1835,617734,0.022284122562674202
2023-01-09,1845,1875,1845,1870,427404,0.019073569482288777
2023-01-10,1870,1935,1870,1890,640630,0.010695187165775444
2023-01-11,1905,2040,1905,1910,5526920,0.010582010582010692
2023-01-12,1915,1935,1895,1910,683844,0.0
2023-01-13,1910,1925,1890,1895,540800,-0.007853403141361293
2023-01-16,1900,1930,1890,1895,529397,0.0
2023-01-17,1910,1915,1865,1865,592761,-0.0158311345646438
2023-01-18,1870,2010,1870,1935,4325271,0.03753351206434319
2023-01-19,2300,2445,2115,2120,50069827,0.09560723514211888
2023-01-20,2285,2295,2110,2155,13936773,0.01650943396226423
2023-01-25,2150,2260,2135,2175,6428319,0.009280742459396807
2023-01-26,2200,2265,2165,2190,4713256,0.006896551724137945
2023-01-27,2190,2260,2170,2260,4336287,0.03196347031963476
2023-01-30,2240,2240,2160,2175,2874051,-0.03761061946902655
2023-01-31,2220,2245,2120,2120,3755391,-0.025287356321839094
2023-02-01,2125,2165,2125,2130,1367439,0.004716981132075526
2023-02-02,2150,2200,2145,2175,2258117,0.021126760563380254
2023-02-03,2170,2195,2140,2175,1533433,0.0
2023-02-06,2185,2190,2135,2155,1207584,-0.00919540229885063
2023-02-07,2155,2190,2135,2155,988595,0.0
2023-02-08,2165,2210,2145,2190,1743379,0.016241299303944245
2023-02-09,2180,2190,2140,2145,1248180,-0.020547945205479423
2023-02-10,2145,2170,2075,2095,1918733,-0.023310023310023298
2023-02-13,2090,2265,2055,2120,4589904,0.01193317422434359
2023-02-14,2115,2130,2075,2075,975245,-0.021226415094339646
2023-02-15,2100,2105,2035,2040,1055017,-0.016867469879518038
2023-02-16,2055,2110,2050,2100,932990,0.02941176470588225
2023-02-17,2065,2100,2050,2060,781160,-0.01904761904761909
2023-02-20,2065,2095,2040,2085,767633,0.012135922330097193
2023-02-21,2095,2110,2075,2095,649155,0.004796163069544335
2023-02-22,2070,2085,2045,2050,694570,-0.021479713603818618
2023-02-23,2070,2115,2065,2105,1842978,0.02682926829268295
2023-02-24,1958,1986,1921,1942,4390503,-0.07743467933491688
2023-02-27,1921,1942,1870,1912,1311290,-0.015447991761071034
2023-02-28,1912,2000,1912,1978,2564274,0.03451882845188292
2023-03-02,1980,2010,1957,1972,921331,-0.0030333670374115274
2023-03-03,1969,1991,1947,1963,811459,-0.004563894523326617
2023-03-06,1967,2010,1965,2000,1098773,0.018848700967906362
2023-03-07,1993,2010,1969,1977,838892,-0.011499999999999955
2023-03-08,1977,2015,1939,2005,1278679,0.014162873039959445
2023-03-09,2005,2005,1950,1956,815799,-0.0244389027431422
2023-03-10,1930,1973,1911,1913,718836,-0.021983640081799538
2023-03-13,1899,1912,1861,1885,787375,-0.01463669628855202
2023-03-14,1888,1893,1800,1801,907226,-0.04456233421750666
2023-03-15,1809,1858,1809,1843,552294,0.023320377568017747
2023-03-16,1815,1852,1787,1843,468016,0.0
2023-03-17,1845,1945,1845,1906,934727,0.03418339663591974
2023-03-20,1891,1927,1887,1913,487656,0.003672612801678854
2023-03-21,1920,1920,1874,1876,482192,-0.0193413486670152
2023-03-22,1883,1915,1880,1896,599027,0.010660980810234477
2023-03-23,1878,1915,1872,1892,538026,-0.002109704641350185
2023-03-24,1899,1946,1891,1940,649690,0.025369978858351017
2023-03-27,1956,1957,1896,1926,509307,-0.007216494845360799
2023-03-28,1926,1968,1918,1951,906661,0.012980269989615767
2023-03-29,1952,1968,1936,1951,538115,0.0
2023-03-30,1953,2045,1953,2015,2296085,0.032803690415171616
2023-03-31,2015,2015,1964,1967,867899,-0.023821339950372167
2023-04-03,1971,1979,1936,1966,801098,-0.0005083884087442314
2023-04-04,1961,1989,1945,1947,683696,-0.009664292980671396
2023-04-05,1958,1972,1927,1934,750724,-0.00667693888032872
2023-04-06,1914,1930,1865,1869,1060549,-0.033609100310237894
2023-04-07,1889,1900,1855,1861,737794,-0.004280363830925671
2023-04-10,1850,1858,1699,1809,1355196,-0.027941966684578157
2023-04-11,1800,1830,1777,1810,845586,0.0005527915975678255
2023-04-12,1819,1868,1817,1849,818554,0.021546961325966896
2023-04-13,1869,1869,1815,1830,704630,-0.010275824770145991
2023-04-14,1836,1847,1815,1818,714639,-0.006557377049180357
2023-04-17,1818,1820,1788,1800,712617,-0.00990099009900991
2023-04-18,1800,1810,1781,1784,766324,-0.008888888888888835
2023-04-19,1785,1796,1783,1789,370612,0.002802690582959677
2023-04-20,1788,1820,1739,1739,1167388,-0.02794857462269429
2023-04-21,1740,1746,1709,1722,599105,-0.009775733179988477
2023-04-24,1720,1723,1694,1696,639637,-0.015098722415795574
2023-04-25,1696,1714,1692,1705,593864,0.005306603773584939
2023-04-26,1690,1708,1688,1694,430138,-0.006451612903225823
2023-04-27,1690,1697,1671,1685,492344,-0.005312868949232552
2023-04-28,1686,1711,1661,1675,529504,-0.005934718100890191
2023-05-02,1675,1721,1670,1716,346124,0.024477611940298516
2023-05-03,1695,1730,1695,1713,268286,-0.0017482517482517723
2023-05-04,1697,1713,1696,1712,249151,-0.0005837711617046049
2023-05-08,1713,1754,1713,1738,428516,0.015186915887850372
2023-05-09,1740,1783,1740,1753,571084,0.008630609896432606
2023-05-10,1750,1774,1735,1737,260800,-0.00912721049629206
2023-05-11,1736,1773,1736,1759,452566,0.012665515256188753
2023-05-12,1746,1777,1743,1747,261583,-0.006822057987492913
2023-05-15,1733,1744,1696,1697,463252,-0.028620492272467102
2023-05-16,1693,1712,1685,1685,270020,-0.00707130229817321
2023-05-17,1682,1718,1682,1700,412672,0.008902077151335286
2023-05-18,1718,1768,1718,1755,941189,0.032352941176470695
2023-05-19,1780,1780,1757,1771,497749,0.00911680911680901
2023-05-22,1784,1789,1756,1780,398726,0.005081874647091977
2023-05-23,1789,1791,1761,1764,379243,-0.008988764044943864
2023-05-24,1759,1762,1723,1735,432287,-0.01643990929705219
2023-05-25,1742,1753,1721,1727,330520,-0.004610951008645503
2023-05-26,1734,1744,1715,1718,283449,-0.005211349160393786
2023-05-30,1720,1754,1720,1754,355207,0.020954598370197974
2023-05-31,1734,1757,1723,1723,358074,-0.01767388825541616
2023-06-01,1723,1726,1705,1705,357593,-0.010446894950667418
2023-06-02,1717,1719,1701,1710,276376,0.0029325513196480912
2023-06-05,1710,1732,1690,1717,389070,0.004093567251461927
2023-06-07,1719,1746,1719,1741,433161,0.013977868375072866
2023-06-08,1735,1751,1719,1727,290481,-0.008041355542791506
2023-06-09,1725,1741,1723,1734,312468,0.004053271569195216
2023-06-12,1734,1867,1727,1770,2695113,0.02076124567474058
2023-06-13,1770,1792,1766,1774,827685,0.002259887005649608
2023-06-14,1785,1785,1711,1712,944273,-0.03494926719278468
2023-06-15,1715,1738,1700,1732,438073,0.011682242990654235
2023-06-16,1732,1747,1727,1733,280555,0.0005773672055426893
2023-06-19,1731,1731,1706,1717,354515,-0.009232544720138458
2023-06-20,1718,1728,1709,1714,353655,-0.0017472335468841083
2023-06-21,1714,1721,1700,1701,399370,-0.0075845974329055155
2023-06-22,1697,1712,1691,1697,296674,-0.0023515579071134995
2023-06-23,1700,1707,1692,1698,379016,0.0005892751915144157
2023-06-26,1687,1695,1675,1690,354981,-0.004711425206124886
2023-06-27,1684,1765,1683,1712,975835,0.013017751479289963
2023-06-28,1716,1721,1694,1702,363882,-0.005841121495327117
2023-06-29,1703,1706,1679,1679,448228,-0.013513513513513487
2023-06-30,1681,1684,1653,1667,393038,-0.007147111375818915
2023-07-03,1664,1681,1663,1670,300482,0.00179964007198552
2023-07-04,1665,1669,1640,1640,655674,-0.017964071856287456
2023-07-05,1640,1657,1624,1625,391996,-0.009146341463414642
2023-07-06,1620,1625,1561,1564,949986,-0.03753846153846152
2023-07-07,1560,1565,1520,1523,676754,-0.026214833759590772
2023-07-10,1518,1669,1516,1545,1033555,0.014445173998686833
2023-07-11,1545,1591,1545,1587,435683,0.027184466019417375
2023-07-12,1588,1622,1581,1588,333984,0.000630119722747402
2023-07-13,1583,1632,1583,1603,476334,0.009445843828715272
2023-07-14,1603,1657,1591,1657,774313,0.03368683718028698
2023-07-17,1670,1717,1649,1658,888534,0.0006035003017501595
2023-07-18,1646,1665,1597,1598,543493,-0.03618817852834744
2023-07-19,1598,1617,1548,1548,696740,-0.03128911138923651
2023-07-20,1546,1549,1530,1532,328853,-0.01033591731266148
2023-07-21,1527,1532,1511,1515,497316,-0.011096605744125299
2023-07-24,1518,1520,1434,1436,856207,-0.052145214521452155
2023-07-25,1426,1437,1396,1398,625700,-0.026462395543175532
2023-07-26,1398,1490,1365,1425,1220291,0.0193133047210301
2023-07-27,1396,1482,1396,1445,529792,0.01403508771929829
2023-07-28,1450,1474,1445,1461,320984,0.01107266435986154
2023-07-31,1461,1499,1461,1485,316624,0.01642710472279263
2023-08-01,1487,1504,1481,1485,231379,0.0
2023-08-02,1480,1600,1480,1528,1580996,0.028956228956228847
2023-08-03,1544,1560,1492,1536,343212,0.005235602094240788
2023-08-04,1526,1628,1526,1620,939655,0.0546875
2023-08-07,1591,1611,1558,1590,431958,-0.01851851851851849
2023-08-08,1590,1615,1582,1587,530302,-0.0018867924528301883
2023-08-09,1586,1590,1551,1562,251800,-0.015752993068683052
2023-08-10,1562,1563,1539,1539,306497,-0.01472471190781055
2023-08-11,1536,1592,1536,1570,319809,0.020142949967511425
2023-08-14,1589,1589,1507,1511,364248,-0.037579617834394896
2023-08-16,1500,1505,1445,1460,500255,-0.03375248180013235
2023-08-17,1445,1477,1430,1467,293716,0.004794520547945158
2023-08-18,1452,1477,1425,1461,327007,-0.004089979550102263
2023-08-21,1476,1522,1451,1451,462859,-0.006844626967830281
2023-08-22,1451,1463,1443,1448,200780,-0.002067539627842896
2023-08-23,1448,1491,1436,1475,244981,0.018646408839779083
2023-08-24,1475,1495,1464,1469,265835,-0.004067796610169538
2023-08-25,1467,1468,1445,1449,168117,-0.013614703880190593
2023-08-28,1449,1491,1444,1484,254693,0.024154589371980784
2023-08-29,1483,1506,1483,1491,152956,0.004716981132075526
2023-08-30,1486,1550,1485,1526,479964,0.023474178403755763
2023-08-31,1515,1547,1491,1499,323552,-0.017693315858453462
2023-09-01,1499,1515,1480,1487,318631,-0.008005336891260817
2023-09-04,1488,1528,1487,1487,629100,0.0
2023-09-05,1861,1899,1624,1640,30769920,0.10289172831203763
2023-09-06,1632,1632,1549,1550,4222495,-0.054878048780487854
2023-09-07,1540,1590,1505,1511,2296591,-0.02516129032258063
2023-09-08,1504,1529,1493,1529,1392262,0.011912640635340921
2023-09-11,1540,1589,1522,1546,1458720,0.011118378024852937
2023-09-12,1567,1962,1562,1786,75043483,0.15523932729624845
2023-09-13,1777,1846,1657,1665,11634040,-0.06774916013437848
2023-09-14,1720,1818,1676,1708,12505349,0.025825825825825932
2023-09-15,1712,1778,1690,1690,4441460,-0.010538641686182681
2023-09-18,1695,1718,1642,1651,2297000,-0.023076923076923106
2023-09-19,1657,1678,1616,1619,1683581,-0.019382192610539084
2023-09-20,1606,1633,1581,1625,1591324,0.0037059913526868993
2023-09-21,1598,1620,1568,1576,1374426,-0.030153846153846198
2023-09-22,1562,1581,1530,1548,782600,-0.017766497461928932
2023-09-25,1552,1650,1504,1508,1772657,-0.025839793281653756
2023-09-26,1511,1543,1496,1501,944974,-0.004641909814323553
2023-09-27,1490,1516,1482,1504,658325,0.0019986675549632515
2023-10-04,1481,1502,1424,1424,1453102,-0.05319148936170215
2023-10-05,1455,1455,1387,1387,748055,-0.025983146067415697
2023-10-06,1380,1438,1380,1437,432512,0.03604902667627985
2023-10-10,1455,1464,1385,1385,754420,-0.036186499652052895
2023-10-11,1403,1435,1403,1409,393601,0.017328519855595692
2023-10-12,1409,1454,1409,1443,524554,0.024130589070262554
2023-10-13,1443,1449,1418,1420,337874,-0.01593901593901592
2023-10-16,1420,1420,1380,1390,580910,-0.021126760563380254
2023-10-17,1395,1422,1395,1410,365838,0.014388489208633004
2023-10-18,1401,1417,1395,1406,400388,-0.0028368794326241176
2023-10-19,1388,1406,1352,1366,683515,-0.028449502133712667
2023-10-20,1351,1359,1300,1330,805007,-0.026354319180087793
2023-10-23,1306,1590,1306,1415,23628503,0.06390977443609014
2023-10-24,1385,1408,1335,1381,2131480,-0.024028268551236742
2023-10-25,1400,1410,1365,1390,949250,0.006517016654598029
2023-10-26,1360,1374,1341,1349,749370,-0.029496402877697836
2023-10-27,1344,1380,1334,1348,856347,-0.000741289844329085
2023-10-30,1340,1358,1340,1351,472963,0.002225519287833766
2023-10-31,1353,1371,1310,1310,763391,-0.030347890451517423
2023-11-01,1313,1439,1313,1324,1459781,0.010687022900763399
2023-11-02,1335,1378,1335,1368,633801,0.0332326283987916
2023-11-03,1370,1447,1370,1444,1678912,0.05555555555555558
2023-11-06,1444,1459,1424,1451,995296,0.00484764542936289
2023-11-07,1441,1466,1421,1457,669952,0.004135079255685792
2023-11-08,1458,1472,1438,1443,560258,-0.009608785175017176
2023-11-09,1450,1454,1416,1435,301118,-0.005544005544005581
2023-11-10,1435,1436,1381,1399,307878,-0.02508710801393732
2023-11-13,1401,1427,1370,1377,309221,-0.01572551822730517
2023-11-14,1371,1508,1371,1417,4179371,0.029048656499636838
2023-11-15,1417,1450,1417,1443,640623,0.0183486238532109
2023-11-16,1450,1465,1440,1457,469955,0.00970200970200974
2023-11-17,1457,1457,1429,1433,367338,-0.016472203157172238
2023-11-20,1427,1456,1421,1446,379216,0.009071877180739651
2023-11-21,1450,1475,1435,1447,226605,0.0006915629322268302
2023-11-22,1447,1454,1430,1454,267672,0.004837595024187902
2023-11-23,1454,1467,1407,1407,689078,-0.03232462173314998
2023-11-24,1407,1424,1388,1392,444102,-0.010660980810234588
2023-11-27,1392,1400,1376,1378,324201,-0.010057471264367845
2023-11-28,1379,1398,1378,1391,272884,0.009433962264151052
2023-11-29,1394,1408,1373,1381,246905,-0.007189072609633307
2023-11-30,1370,1388,1370,1381,201171,0.0
2023-12-01,1381,1393,1372,1381,417585,0.0
2023-12-04,1381,1406,1377,1397,382477,0.011585807385952274
2023-12-05,1390,1403,1379,1379,380910,-0.012884753042233354
2023-12-06,1371,1400,1371,1387,278781,0.005801305293691161
2023-12-07,1370,1400,1368,1378,773305,-0.006488824801730408
2023-12-08,1390,1393,1373,1383,335024,0.0036284470246734646
2023-12-11,1384,1410,1381,1402,460977,0.013738250180766354
2023-12-12,1409,1424,1400,1414,486957,0.008559201141226769
2023-12-13,1408,1435,1404,1413,510012,-0.0007072135785006761
2023-12-14,1414,1430,1401,1412,433866,-0.0007077140835102247
2023-12-15,1410,1437,1410,1422,365329,0.007082152974504208
2023-12-18,1428,1432,1418,1429,318270,0.004922644163150469
2023-12-19,1427,1444,1399,1443,606684,0.009797060881735487
2023-12-20,1443,1475,1438,1453,697619,0.006930006930006893
2023-12-21,1443,1458,1428,1436,420263,-0.0116999311768754
2023-12-22,1436,1445,1422,1422,295549,-0.00974930362116988
2023-12-26,1422,1427,1399,1400,362133,-0.015471167369901506
2023-12-27,1386,1414,1381,1414,288484,0.010000000000000009
2023-12-28,1416,1438,1403,1422,134186,0.005657708628005631
2024-01-02,1429,1449,1418,1438,266416,0.011251758087201136
2024-01-03,1438,1469,1422,1458,402890,0.013908205841446364
2024-01-04,1444,1458,1431,1432,322427,-0.017832647462277085
2024-01-05,1433,1444,1426,1432,211857,0.0
2024-01-08,1432,1462,1430,1458,427638,0.018156424581005526
2024-01-09,1468,1484,1455,1484,629438,0.017832647462277196
2024-01-10,1491,1491,1459,1476,429067,-0.005390835579514808
2024-01-11,1476,1521,1470,1509,1245669,0.022357723577235866
2024-01-12,1515,1515,1479,1504,526713,-0.0033134526176276102
2024-01-15,1504,1607,1471,1484,4358240,-0.013297872340425565
2024-01-16,1470,1520,1467,1473,825425,-0.0074123989218328745
2024-01-17,1474,1485,1435,1436,596390,-0.02511880515953835
2024-01-18,1436,1524,1434,1497,1272642,0.04247910863509752
2024-01-19,1505,1520,1498,1511,623173,0.009352037408149716
2024-01-22,1531,1590,1519,1558,2428087,0.031105228325612133
2024-01-23,1560,1586,1535,1559,967133,0.0006418485237484894
2024-01-24,1554,1561,1510,1528,535981,-0.019884541372674813
2024-01-25,1529,1585,1517,1532,1103769,0.002617801047120505
2024-01-26,1532,1635,1522,1587,3924319,0.03590078328981727
2024-01-29,1676,1779,1601,1607,9104517,0.012602394454946486
2024-01-30,1640,1647,1555,1581,1657481,-0.016179215930304913
2024-01-31,1631,1815,1621,1632,24582667,0.032258064516129004
2024-02-01,1561,1597,1533,1570,3122042,-0.03799019607843135
2024-02-02,1574,1645,1561,1598,2351309,0.017834394904458595
2024-02-05,1603,1603,1543,1554,1120968,-0.027534418022528206
2024-02-06,1545,1545,1486,1486,1153386,-0.04375804375804371
2024-02-07,1486,1513,1485,1503,466233,0.01144010767160153
2024-02-08,1503,1534,1503,1512,381983,0.0059880239520957446
2024-02-13,1526,1538,1515,1533,382432,0.01388888888888884
2024-02-14,1519,1546,1510,1544,396117,0.0071754729288975305
2024-02-15,1550,1586,1539,1571,847557,0.017487046632124414
2024-02-16,1575,1600,1556,1570,541792,-0.0006365372374284028
2024-02-19,1565,1584,1559,1573,481984,0.0019108280254778176
2024-02-20,1573,1580,1554,1559,329916,-0.008900190718372558
2024-02-21,1551,1564,1530,1530,530788,-0.018601667735728022
2024-02-22,1530,1555,1525,1535,300099,0.0032679738562091387
2024-02-23,1547,1547,1514,1529,381993,-0.003908794788273662
2024-02-26,1511,1547,1506,1535,473662,0.003924133420536213
2024-02-27,1535,1535,1491,1494,487015,-0.026710097719869652
2024-02-28,1494,1509,1485,1500,341113,0.004016064257028162
2024-02-29,1491,1505,1463,1489,406399,-0.007333333333333303
2024-03-04,1495,1572,1495,1520,675715,0.02081934184016121
2024-03-05,1502,1520,1481,1485,368447,-0.023026315789473673
2024-03-06,1486,1506,1475,1485,221818,0.0
2024-03-07,1480,1499,1435,1446,734487,-0.02626262626262621
2024-03-08,1444,1463,1430,1444,359280,-0.0013831258644536604
2024-03-11,1435,1466,1431,1458,259760,0.00969529085872578
2024-03-12,1460,1460,1430,1433,309291,-0.01714677640603568
2024-03-13,1448,1452,1430,1446,288214,0.009071877180739651
2024-03-14,1446,1452,1431,1437,220323,-0.006224066390041472
2024-03-15,1437,1439,1415,1415,353573,-0.015309672929714635
2024-03-18,1414,1421,1401,1408,247532,-0.004946996466431042
2024-03-19,1406,1417,1398,1411,175520,0.0021306818181818787
2024-03-20,1409,1462,1409,1442,486998,0.021970233876683176
2024-03-21,1444,1457,1439,1449,258410,0.004854368932038833
2024-03-22,1460,1605,1436,1497,3343823,0.0331262939958592
2024-03-25,1503,1504,1479,1479,449913,-0.012024048096192397
2024-03-26,1480,1497,1468,1476,305611,-0.0020283975659228792
2024-03-27,1500,1502,1469,1477,322802,0.0006775067750677266
2024-03-28,1470,1484,1458,1460,279780,-0.011509817197021044
2024-03-29,1460,1474,1458,1465,222139,0.003424657534246478
2024-04-01,1475,1487,1461,1474,231273,0.006143344709897525
2024-04-02,1493,1493,1463,1476,237275,0.0013568521031208647
2024-04-03,1468,1475,1455,1457,175661,-0.01287262872628725
2024-04-04,1457,1480,1457,1470,242075,0.008922443376801592
2024-04-05,1466,1478,1451,1461,183601,-0.006122448979591799
2024-04-08,1502,1502,1451,1462,387795,0.000684462696783017
2024-04-09,1462,1470,1453,1453,225865,-0.006155950752393946
2024-04-11,1450,1463,1400,1427,293382,-0.01789401238816246
2024-04-12,1423,1449,1414,1415,247797,-0.008409250175192673
2024-04-15,1404,1415,1362,1400,331359,-0.010600706713780883
2024-04-16,1387,1404,1366,1378,466105,-0.01571428571428568
2024-04-17,1378,1405,1378,1391,158490,0.009433962264151052
2024-04-18,1391,1410,1391,1396,163105,0.0035945363048166534
2024-04-19,1396,1401,1375,1393,276013,-0.0021489971346705383
2024-04-22,1398,1398,1374,1378,343757,-0.01076812634601576
2024-04-23,1380,1393,1370,1372,260699,-0.004354136429608135
2024-04-24,1375,1441,1372,1410,639311,0.0276967930029155
2024-04-25,1409,1409,1392,1395,154581,-0.010638297872340385
2024-04-26,1400,1407,1389,1403,248211,0.005734767025089571
2024-04-29,1403,1415,1402,1411,154434,0.005702066999287325
2024-04-30,1425,1470,1412,1414,538116,0.002126151665485576
2024-05-02,1415,1419,1408,1408,216861,-0.004243281471004279
2024-05-03,1395,1412,1393,1400,322546,-0.005681818181818232
2024-05-07,1405,1422,1397,1419,307486,0.013571428571428568
2024-05-08,1405,1432,1405,1430,257211,0.007751937984496138
2024-05-09,1426,1433,1421,1428,142507,-0.0013986013986013734
2024-05-10,1430,1436,1415,1420,169239,-0.0056022408963585235
2024-05-13,1418,1433,1401,1409,225172,-0.007746478873239426
2024-05-14,1420,1427,1408,1418,179965,0.0063875088715401596
2024-05-16,1421,1430,1414,1423,190023,0.0035260930888576514
2024-05-17,1425,1428,1411,1412,117971,-0.007730147575544577
2024-05-20,1412,1414,1392,1395,250245,-0.012039660056657242
2024-05-21,1395,1395,1380,1391,282597,-0.0028673835125447855
2024-05-22,1391,1397,1311,1317,1399454,-0.05319913731128689
2024-05-23,1330,1368,1318,1335,412679,0.013667425968109326
2024-05-24,1355,1355,1315,1325,395359,-0.0074906367041198685
2024-05-27,1326,1354,1322,1331,301700,0.004528301886792541
2024-05-28,1334,1363,1334,1355,268383,0.018031555221637907
2024-05-29,1349,1355,1340,1340,193802,-0.011070110701106972
2024-05-30,1345,1345,1320,1326,157548,-0.010447761194029903
2024-05-31,1321,1334,1318,1324,212930,-0.0015082956259426794
2024-06-03,1325,1337,1321,1330,180869,0.004531722054380571
2024-06-04,1338,1338,1322,1322,181927,-0.006015037593984918
2024-06-05,1321,1349,1321,1335,193843,0.009833585476550777
2024-06-07,1334,1350,1322,1329,272530,-0.004494382022471877
2024-06-10,1329,1337,1310,1320,211913,-0.006772009029345383
2024-06-11,1311,1329,1311,1317,127632,-0.002272727272727315
2024-06-12,1315,1332,1310,1314,221682,-0.002277904328018221
2024-06-13,1307,1321,1307,1315,161334,0.0007610350076103778
2024-06-14,1310,1323,1300,1309,235875,-0.004562737642585524
2024-06-17,1306,1314,1300,1305,168947,-0.0030557677616500634
2024-06-18,1303,1315,1281,1283,370574,-0.01685823754789273
2024-06-19,1289,1305,1278,1284,214205,0.000779423226812126
2024-06-20,1281,1345,1280,1318,246367,0.026479750778816147
2024-06-21,1332,1334,1296,1300,278702,-0.01365705614567525
2024-06-24,1300,1308,1291,1300,193545,0.0
2024-06-25,1292,1310,1285,1285,238262,-0.011538461538461497
2024-06-26,1283,1294,1258,1267,527547,-0.014007782101167265
2024-06-27,1261,1325,1249,1297,382432,0.023677979479084454
2024-06-28,1297,1314,1292,1313,196613,0.012336160370084892
2024-07-01,1313,1319,1299,1319,196958,0.004569687738004591
2024-07-02,1315,1315,1301,1309,114637,-0.007581501137225222
2024-07-03,1308,1308,1279,1288,190346,-0.016042780748663055
2024-07-04,1280,1290,1263,1273,160122,-0.01164596273291929
2024-07-05,1260,1295,1260,1295,254684,0.01728201099764326
2024-07-08,1295,1299,1260,1282,369563,-0.010038610038610063
2024-07-09,1282,1294,1260,1269,205674,-0.010140405616224646
2024-07-10,1270,1285,1252,1255,257969,-0.011032308904649346
2024-07-11,1265,1273,1256,1268,172422,0.01035856573705174
2024-07-12,1251,1273,1251,1271,155002,0.0023659305993690705
2024-07-15,1271,1320,1249,1317,339184,0.03619197482297398
2024-07-16,1294,1317,1284,1310,311532,-0.005315110098709219
2024-07-17,1303,1315,1295,1308,201779,-0.0015267175572518665
2024-07-18,1294,1299,1258,1272,135800,-0.02752293577981646
2024-07-19,1262,1293,1262,1271,139478,-0.0007861635220125507
2024-07-22,1260,1282,1257,1264,163172,-0.0055074744295829925
2024-07-23,1264,1276,1250,1259,159311,-0.003955696202531667
2024-07-24,1259,1270,1192,1245,308204,-0.011119936457505974
2024-07-25,1210,1239,1210,1222,273567,-0.01847389558232937
2024-07-26,1209,1259,1209,1242,155822,0.016366612111292866
2024-07-29,1235,1253,1235,1239,148141,-0.0024154589371980784
2024-07-30,1224,1247,1211,1230,150906,-0.007263922518159771
2024-07-31,1218,1235,1214,1227,120087,-0.0024390243902439046
2024-08-01,1227,1312,1227,1291,636090,0.05215973920130401
2024-08-02,1289,1289,1234,1243,260963,-0.03718048024786991
2024-08-05,1209,1239,1050,1059,1051649,-0.14802896218825423
2024-08-06,1000,1125,1000,1065,1220104,0.0056657223796034994
2024-08-07,1049,1115,1049,1099,459001,0.03192488262910809
2024-08-08,1088,1106,1068,1087,302838,-0.010919017288444022
2024-08-09,1088,1125,1088,1106,283300,0.01747930082796678
2024-08-12,1116,1177,1108,1160,525547,0.0488245931283906
2024-08-13,1160,1162,1118,1136,422567,-0.020689655172413834
2024-08-14,1136,1175,1136,1158,281521,0.01936619718309851
2024-08-16,1170,1178,1139,1150,284093,-0.006908462867012077
2024-08-19,1160,1160,1123,1125,217048,-0.021739130434782594
2024-08-20,1132,1160,1128,1135,233286,0.008888888888888946
2024-08-21,1153,1154,1120,1142,209690,0.006167400881057272
2024-08-22,1159,1159,1112,1118,202719,-0.021015761821365997
2024-08-23,1110,1125,1086,1107,251704,-0.009838998211091243
2024-08-26,1107,1114,1082,1089,189529,-0.016260162601625994
2024-08-27,1078,1107,1078,1103,219224,0.012855831037649201
2024-08-28,1098,1120,1078,1082,239856,-0.01903898458748865
2024-08-29,1100,1102,1065,1081,157664,-0.0009242144177449285
2024-08-30,1081,1100,1076,1100,122678,0.01757631822386685
2024-09-02,1089,1110,1068,1071,207335,-0.026363636363636367
2024-09-03,1088,1088,1060,1074,176076,0.0028011204481792618
2024-09-04,1057,1057,1019,1027,497226,-0.043761638733705754
2024-09-05,1027,1040,1008,1019,175858,-0.007789678675754641
2024-09-06,1000,1214,1000,1060,10818453,0.04023552502453387
2024-09-09,1019,1127,1019,1093,1815804,0.031132075471698162
2024-09-10,1093,1178,1066,1084,2128416,-0.008234217749313766
2024-09-11,1082,1097,1062,1062,551505,-0.020295202952029467
2024-09-12,1073,1093,1064,1084,338549,0.020715630885122405
2024-09-13,1084,1094,1069,1071,155778,-0.011992619926199266
2024-09-19,1071,1098,1060,1077,259975,0.0056022408963585235
2024-09-20,1078,1130,1078,1095,477220,0.01671309192200554
2024-09-23,1105,1177,1084,1110,1216104,0.013698630136986356
2024-09-24,1117,1132,1103,1132,343780,0.01981981981981984
2024-09-25,1138,1141,1110,1116,302326,-0.014134275618374548
2024-09-26,1116,1166,1110,1133,374348,0.015232974910394326
2024-09-27,1133,1161,1124,1157,714583,0.02118270079435125
2024-09-30,1153,1160,1123,1126,361377,-0.026793431287813307
2024-10-02,1124,1149,1090,1137,222091,0.009769094138543544
2024-10-04,1137,1146,1121,1129,154923,-0.0070360598065083435
2024-10-07,1131,1167,1131,1161,342334,0.02834366696191326
2024-10-08,1157,1188,1153,1179,362998,0.015503875968992276
2024-10-10,1179,1204,1161,1169,251066,-0.008481764206955011
2024-10-11,1160,1399,1160,1241,34512910,0.06159110350727115
2024-10-14,1212,1224,1173,1196,2470044,-0.03626107977437554
2024-10-15,1196,1208,1162,1181,1203513,-0.012541806020066937
2024-10-16,1160,1180,1140,1140,883438,-0.03471634208298058
2024-10-17,1140,1153,1106,1131,757850,-0.007894736842105288
2024-10-18,1115,1140,1104,1111,395772,-0.017683465959328015
2024-10-21,1109,1124,1082,1102,366330,-0.008100810081008047
2024-10-22,1090,1112,1060,1099,484114,-0.0027223230490017736
2024-10-23,1089,1118,1088,1097,214731,-0.0018198362147406888
2024-10-24,1116,1116,1080,1083,203607,-0.012762078395624377
2024-10-25,1075,1099,1061,1068,330231,-0.013850415512465353
2024-10-28,1057,1083,1057,1081,292276,0.01217228464419473
2024-10-29,1075,1090,1060,1076,115574,-0.0046253469010175685
2024-10-30,1095,1095,1065,1073,96540,-0.0027881040892193676
2024-10-31,1069,1083,1060,1065,332597,-0.00745573159366264
2024-11-01,1055,1067,1047,1060,198122,-0.0046948356807511304
2024-11-04,1060,1074,1041,1063,150955,0.002830188679245227
2024-11-05,1069,1071,1058,1065,102252,0.0018814675446847673
2024-11-06,1065,1074,1054,1068,212591,0.0028169014084507005
2024-11-07,1067,1080,1059,1080,166758,0.011235955056179803
2024-11-08,1087,1102,1071,1083,264264,0.002777777777777768
2024-11-11,1083,1087,1035,1045,369412,-0.03508771929824561
2024-11-12,1034,1055,1003,1007,508123,-0.036363636363636376
2024-11-13,1000,1020,929,934,598907,-0.07249255213505457
2024-11-14,934,988,901,930,339018,-0.004282655246252709
2024-11-15,900,965,900,963,229098,0.03548387096774186
2024-11-18,962,992,949,970,130913,0.007268951194184803
2024-11-19,970,991,964,989,140485,0.019587628865979312
2024-11-20,980,997,980,985,173925,-0.004044489383215333
2024-11-21,979,994,977,984,205236,-0.0010152284263958977
2024-11-22,978,989,956,962,180065,-0.022357723577235755
2024-11-25,960,975,960,970,165293,0.008316008316008316
2024-11-26,970,970,946,947,151049,-0.023711340206185594
2024-11-27,947,971,917,919,276513,-0.029567053854276715
2024-11-28,918,940,915,922,199404,0.0032644178454841466
2024-11-29,922,925,893,902,357082,-0.021691973969631184
2024-12-02,888,904,864,864,265900,-0.04212860310421285
2024-12-03,851,874,833,840,506495,-0.02777777777777779
2024-12-04,811,893,811,867,1283189,0.03214285714285725
2024-12-05,865,867,797,812,950348,-0.06343713956170705
2024-12-06,810,817,730,760,1142034,-0.0640394088669951
2024-12-09,716,746,695,730,1622860,-0.03947368421052633
2024-12-10,730,791,727,789,977712,0.08082191780821923
2024-12-11,809,864,789,864,1107282,0.09505703422053235
2024-12-12,865,876,834,857,764738,-0.00810185185185186
2024-12-13,840,895,840,880,676745,0.02683780630105015
2024-12-16,895,906,860,906,409276,0.02954545454545454
2024-12-17,906,906,883,897,290298,-0.009933774834437137
2024-12-18,897,957,809,901,1777729,0.004459308807134965
2024-12-19,888,897,815,879,366738,-0.02441731409544945
2024-12-20,870,879,848,865,257082,-0.015927189988623414
2024-12-23,865,875,855,869,235515,0.0046242774566473965
2024-12-24,865,918,821,860,1003262,-0.010356731875719172
2024-12-26,860,888,851,853,178029,-0.008139534883720878
2024-12-27,857,868,840,848,210714,-0.0058616647127783805
2024-12-30,840,865,832,859,161467,0.01297169811320753
2025-01-02,849,880,844,878,116418,0.022118742724097862
2025-01-03,883,960,878,913,986551,0.03986332574031892
2025-01-06,913,932,905,927,364308,0.01533406352683464
2025-01-07,927,940,918,926,266294,-0.0010787486515642097
2025-01-08,920,935,912,930,340755,0.004319654427645814
2025-01-09,930,950,919,930,270080,0.0
2025-01-10,921,936,920,935,109537,0.005376344086021501
2025-01-13,923,940,919,938,223668,0.0032085561497325887
2025-01-14,920,932,916,921,190410,-0.018123667377398678
2025-01-15,921,921,869,870,674944,-0.055374592833876246
2025-01-16,875,890,868,875,351466,0.005747126436781658
2025-01-17,870,885,849,849,377961,-0.029714285714285693
2025-01-20,854,858,831,843,270331,-0.007067137809187329
2025-01-21,834,864,821,839,341912,-0.004744958481613271
2025-01-22,839,839,829,831,131763,-0.009535160905840279
2025-01-23,836,844,799,802,278229,-0.03489771359807459
2025-01-24,800,825,798,802,266991,0.0
2025-01-31,780,804,774,782,380383,-0.02493765586034913
2025-02-03,774,780,723,753,369022,-0.037084398976982125
2025-02-04,754,810,754,786,264586,0.043824701195219085
2025-02-05,808,810,788,788,107029,0.0025445292620864812
2025-02-06,789,799,737,771,186015,-0.021573604060913687
2025-02-07,770,787,762,771,211100,0.0
2025-02-10,765,790,757,790,140483,0.024643320363164634
2025-02-11,786,794,777,779,204682,-0.013924050632911356
2025-02-12,777,787,750,757,285788,-0.028241335044929428
2025-02-13,750,769,750,760,146767,0.003963011889035695
2025-02-14,760,783,757,767,187897,0.009210526315789558
2025-02-17,768,788,768,779,198821,0.015645371577575062
2025-02-18,779,807,771,802,316737,0.029525032092426295
2025-02-19,823,892,818,832,2111922,0.03740648379052369
2025-02-20,833,833,801,806,397322,-0.03125
2025-02-21,811,815,799,806,178365,0.0
2025-02-24,790,811,784,804,274893,-0.002481389578163795
2025-02-25,803,804,786,788,204557,-0.01990049751243783
2025-02-26,788,802,780,798,162914,0.012690355329949332
2025-02-27,792,805,776,782,227521,-0.020050125313283207
2025-02-28,775,780,745,753,438784,-0.037084398976982125
2025-03-04,750,752,728,744,217139,-0.01195219123505975
2025-03-05,745,752,730,736,289505,-0.010752688172043001
2025-03-06,736,737,714,727,513741,-0.012228260869565188
2025-03-07,720,727,712,712,215016,-0.02063273727647863
2025-03-10,704,719,702,712,158027,0.0
2025-03-11,704,714,693,705,425622,-0.0098314606741573
2025-03-12,706,722,706,719,128463,0.019858156028368823
2025-03-13,723,726,716,719,87414,0.0
2025-03-14,712,723,712,716,97530,-0.004172461752433909
2025-03-17,717,726,714,717,150574,0.0013966480446927498
2025-03-18,710,720,710,719,119868,0.002789400278939924
2025-03-19,715,719,701,710,182473,-0.012517385257301838
2025-03-20,705,710,690,694,330177,-0.022535211267605604
2025-03-21,694,695,674,690,216259,-0.0057636887608069065
2025-03-24,696,704,688,695,124208,0.007246376811594235
2025-03-25,692,707,690,699,188009,0.0057553956834532904
2025-03-26,706,708,699,702,144949,0.0042918454935623185
2025-03-27,690,702,685,696,112371,-0.008547008547008517
2025-03-28,688,700,680,684,186291,-0.017241379310344862
2025-03-31,667,703,659,679,291162,-0.007309941520467822
2025-04-01,676,712,676,707,351667,0.04123711340206193
2025-04-02,705,715,690,700,187119,-0.00990099009900991
2025-04-03,697,697,677,694,334436,-0.008571428571428563
2025-04-04,680,707,672,681,217565,-0.018731988472622474
2025-04-07,679,679,640,651,566385,-0.04405286343612336
2025-04-08,653,671,644,649,422300,-0.003072196620583667
2025-04-09,627,649,627,636,530581,-0.02003081664098616
2025-04-10,670,698,651,666,591382,0.04716981132075482
2025-04-11,660,685,656,683,119865,0.02552552552552556
2025-04-14,683,725,680,703,168695,0.029282576866764165
2025-04-15,703,710,696,703,156910,0.0
2025-04-16,699,707,683,683,101629,-0.028449502133712667
2025-04-17,698,698,683,689,127923,0.008784773060029227
2025-04-18,682,703,682,703,145667,0.020319303338171224
2025-04-21,698,716,696,705,139572,0.002844950213371167
2025-04-22,710,710,695,709,192649,0.005673758865248235
2025-04-23,709,712,700,709,218502,0.0
2025-04-24,716,716,702,708,101557,-0.0014104372355430161
2025-04-25,708,713,703,709,132380,0.0014124293785311437
2025-04-28,709,714,690,702,192812,-0.009873060648801113
2025-04-29,702,710,700,705,74939,0.004273504273504258
2025-04-30,696,710,696,699,124682,-0.008510638297872353
2025-05-02,697,699,680,687,107456,-0.01716738197424894
2025-05-07,687,702,679,702,182611,0.02183406113537112
2025-05-08,702,707,688,694,96922,-0.01139601139601143
2025-05-09,694,695,686,693,98037,-0.0014409221902017544
2025-05-12,693,699,689,698,205732,0.00721500721500723
2025-05-13,698,705,696,699,99540,0.0014326647564470996
2025-05-14,704,704,692,702,130896,0.0042918454935623185
2025-05-15,702,727,696,723,440636,0.029914529914529808
2025-05-16,728,730,714,728,325567,0.006915629322268302
2025-05-19,726,726,712,718,195510,-0.013736263736263687
2025-05-20,718,725,708,721,118657,0.00417827298050133
2025-05-21,721,734,715,727,141625,0.00832177531206657
2025-05-22,717,740,715,738,251645,0.015130674002751032
2025-05-23,739,771,730,755,437446,0.023035230352303593
2025-05-26,755,784,755,773,291148,0.02384105960264904
2025-05-27,766,774,740,750,395988,-0.02975420439844756
2025-05-28,754,763,730,750,233578,0.0
2025-05-29,751,758,742,749,190345,-0.0013333333333332975
2025-05-30,749,749,735,736,119144,-0.01735647530040052
2025-06-02,739,745,727,728,122612,-0.010869565217391353
2025-06-04,729,748,722,742,181302,0.019230769230769162
2025-06-05,742,758,740,750,183949,0.010781671159029615
2025-06-09,750,777,750,761,254681,0.014666666666666606
2025-06-10,761,808,753,792,683126,0.04073587385019706
2025-06-11,801,822,793,809,489387,0.02146464646464641
2025-06-12,808,822,795,803,324217,-0.007416563658838027
2025-06-13,797,806,769,780,501255,-0.028642590286425906
2025-06-16,780,795,764,784,159248,0.00512820512820511
2025-06-17,782,786,765,775,230772,-0.011479591836734748
2025-06-18,773,788,764,788,264026,0.016774193548387162
2025-06-19,781,792,775,788,173525,0.0
2025-06-20,789,828,776,828,599927,0.050761421319796884
2025-06-23,826,845,801,835,626555,0.008454106280193274
2025-06-24,841,858,820,858,455032,0.02754491017964078
2025-06-25,858,858,827,834,298698,-0.027972027972028024
2025-06-26,834,842,812,835,131222,0.0011990407673860837
2025-06-27,835,844,816,825,166040,-0.0119760479041916
2025-06-30,825,847,822,829,152628,0.00484848484848488
2025-07-01,829,859,825,853,385082,0.02895054282267795
2025-07-02,865,893,845,885,739359,0.0375146541617819
2025-07-03,877,892,875,888,229677,0.003389830508474523
2025-07-04,884,884,863,869,272728,-0.021396396396396344
2025-07-07,869,907,866,905,398106,0.04142692750287691
2025-07-08,904,929,898,925,452588,0.022099447513812098
2025-07-09,923,946,918,940,467831,0.016216216216216273
2025-07-10,936,976,936,954,556644,0.014893617021276562
2025-07-11,960,990,948,984,511514,0.03144654088050314
2025-07-14,999,1010,970,1000,690315,0.016260162601626105
2025-07-15,1001,1063,991,1050,955826,0.050000000000000044
2025-07-16,1050,1050,1010,1023,469700,-0.02571428571428569
2025-07-17,1021,1058,1013,1026,304726,0.0029325513196480912
2025-07-18,1030,1049,1014,1024,271694,-0.0019493177387914784
2025-07-21,1024,1030,980,1007,493299,-0.0166015625
2025-07-22,1003,1058,994,1012,365492,0.0049652432969216065
2025-07-23,1012,1030,981,985,244936,-0.02667984189723316
2025-07-24,986,1028,965,975,232990,-0.010152284263959421
2025-07-25,975,998,961,975,250420,0.0
2025-07-28,975,989,961,980,158300,0.00512820512820511
2025-07-29,1010,1010,961,993,145676,0.013265306122449028
2025-07-30,993,1008,980,994,175014,0.001007049345417954
2025-07-31,1000,1031,985,1001,284104,0.007042253521126751
2025-08-01,1000,1000,965,1000,183184,-0.0009990009990009652
2025-08-04,999,1209,960,960,13407416,-0.040000000000000036
2025-08-05,933,963,907,910,1481450,-0.05208333333333337
2025-08-06,911,921,880,921,713598,0.012087912087912045
2025-08-07,918,953,910,938,431251,0.018458197611292082
2025-08-08,921,960,921,951,246094,0.013859275053304865
2025-08-11,951,963,933,938,196184,-0.013669821240799185
2025-08-12,936,955,933,933,206489,-0.005330490405117239
2025-08-13,952,952,918,933,129210,0.0
2025-08-14,946,946,912,915,190829,-0.019292604501607746
2025-08-18,905,908,885,885,208174,-0.032786885245901676
2025-08-19,885,892,862,871,158109,-0.015819209039548032
2025-08-20,862,875,795,853,280349,-0.02066590126291623
2025-08-21,846,874,845,849,126692,-0.004689331770222793
2025-08-22,849,875,833,851,154628,0.002355712603062443
2025-08-25,851,873,849,862,239269,0.01292596944770863
2025-08-26,869,869,852,865,89268,0.0034802784222738303
2025-08-27,865,873,840,864,127598,-0.0011560693641619046
2025-08-28,864,889,855,864,96481,0.0
2025-08-29,883,884,847,861,115041,-0.00347222222222221
2025-09-01,860,860,823,830,217900,-0.03600464576074336
2025-09-02,831,845,824,838,183209,0.009638554216867545
2025-09-03,838,840,817,819,149146,-0.022673031026252954
2025-09-04,812,827,810,823,131259,0.004884004884004867
2025-09-05,829,829,813,814,99608,-0.010935601458080146
2025-09-08,803,819,795,803,197125,-0.013513513513513487
2025-09-09,803,816,802,804,77489,0.001245330012453305
2025-09-10,805,824,803,812,176233,0.00995024875621886
2025-09-11,812,822,808,818,141893,0.00738916256157629
2025-09-12,818,830,817,827,186513,0.011002444987775029
2025-09-15,819,827,819,826,86193,-0.0012091898428052694
2025-09-16,830,830,816,824,132219,-0.002421307506053294
2025-09-17,828,828,811,820,151372,-0.004854368932038833
2025-09-18,830,840,821,838,191777,0.02195121951219514
2025-09-19,841,841,830,835,66826,-0.0035799522673031214
2025-09-22,835,841,811,816,133558,-0.022754491017964118
2025-09-23,809,819,801,804,170979,-0.014705882352941124
2025-09-24,810,810,786,794,207804,-0.01243781094527363
2025-09-25,795,809,780,782,130162,-0.015113350125944613
2025-09-26,773,781,759,777,204369,-0.006393861892583175
2025-09-29,777,800,775,793,102136,0.0205920205920207
2025-09-30,794,805,772,793,97430,0.0
2025-10-01,785,795,770,789,100698,-0.0050441361916772065
2025-10-02,795,796,780,792,110686,0.0038022813688212143
2025-10-10,785,796,774,775,193168,-0.02146464646464652
2025-10-13,745,789,744,755,246183,-0.02580645161290318
2025-10-14,755,778,755,760,173794,0.0066225165562914245
2025-10-15,760,800,760,784,180726,0.03157894736842115
2025-10-16,796,796,781,788,72163,0.005102040816326481
2025-10-17,770,784,761,775,299595,-0.016497461928933976
2025-10-20,775,776,760,760,75989,-0.01935483870967747
2025-10-21,762,787,725,745,545374,-0.019736842105263164
