Date,Open,High,Low,Close,Volume,Change
2013-07-29,8280,8280,8030,8130,508,
2013-07-30,8150,8150,7920,8000,1835,-0.01599015990159902
2013-07-31,8150,8150,7840,8030,750,0.00374999999999992
2013-08-01,8090,8090,7940,8030,629,0.0
2013-08-02,8030,8090,7900,8080,1389,0.0062266500622665255
2013-08-05,7920,8120,7920,8110,496,0.003712871287128605
2013-08-06,8110,8110,7520,7900,2475,-0.025893958076448786
2013-08-07,7950,7950,7750,7900,10482,0.0
2013-08-08,7770,8100,7310,7340,13302,-0.07088607594936713
2013-08-09,7250,7250,6660,6790,61440,-0.07493188010899188
2013-08-12,6780,6800,6590,6780,35139,-0.0014727540500736325
2013-08-13,6780,7780,6780,7100,23768,0.0471976401179941
2013-08-14,7160,7590,6800,7590,26446,0.06901408450704216
2013-08-16,7250,8280,7250,8040,20015,0.059288537549407216
2013-08-19,8000,8020,7870,7900,11027,-0.01741293532338306
2013-08-20,7970,8250,7030,7770,12719,-0.016455696202531622
2013-08-21,7950,8030,7660,7950,2700,0.02316602316602312
2013-08-22,7950,7950,7120,7300,7446,-0.08176100628930816
2013-08-23,7340,7780,7310,7780,7076,0.0657534246575342
2013-08-26,7710,7780,7530,7760,1665,-0.0025706940874036244
2013-08-27,7530,7900,7400,7520,8695,-0.030927835051546393
2013-08-28,7520,7520,7200,7310,3368,-0.027925531914893664
2013-08-29,7560,7620,7400,7490,605,0.024623803009576006
2013-08-30,7620,7620,7300,7340,498,-0.020026702269692942
2013-09-02,7550,7550,7120,7260,883,-0.010899182561307952
2013-09-03,7380,7550,6630,7300,4273,0.005509641873278293
2013-09-04,7340,8270,7340,7720,7904,0.05753424657534256
2013-09-05,7950,8100,7450,7950,8745,0.029792746113989743
2013-09-06,8000,8000,7620,7880,1404,-0.008805031446540879
2013-09-09,7950,8100,7810,8030,1535,0.019035532994923887
2013-09-10,7910,8020,7560,7930,6469,-0.012453300124533051
2013-09-11,7950,7950,7720,7780,434,-0.018915510718789386
2013-09-12,7930,7930,7610,7800,978,0.0025706940874035134
2013-09-13,7860,7860,7710,7800,578,0.0
2013-09-16,7880,8150,7800,8060,11530,0.03333333333333344
2013-09-17,8050,8350,8050,8290,9745,0.028535980148883366
2013-09-23,8320,8320,7950,8200,167,-0.010856453558504175
2013-09-24,8200,8200,7630,7630,2418,-0.06951219512195117
2013-09-25,7840,8030,7640,7960,3479,0.04325032765399728
2013-09-26,7960,7960,7960,7960,33,0.0
2013-09-27,8040,8100,7770,7900,1442,-0.007537688442211032
2013-09-30,8040,8040,7700,7760,2036,-0.017721518987341756
2013-10-01,7960,7960,7680,7800,2574,0.005154639175257714
2013-10-02,7880,7960,7820,7870,266,0.008974358974358942
2013-10-04,7960,7960,7010,7390,2104,-0.0609911054637865
2013-10-07,7430,7690,7380,7690,3248,0.040595399188092074
2013-10-08,7700,7700,7300,7680,690,-0.0013003901170350884
2013-10-10,7700,7700,7650,7670,43,-0.0013020833333333703
2013-10-11,7670,7670,7460,7670,2592,0.0
2013-10-14,7670,7670,7150,7590,236,-0.010430247718383301
2013-10-15,7640,7820,7640,7800,2493,0.027667984189723382
2013-10-16,7800,7880,7680,7680,173,-0.01538461538461533
2013-10-17,7840,7840,7680,7700,268,0.0026041666666667407
2013-10-18,7820,7820,7700,7780,35,0.010389610389610393
2013-10-21,7780,7880,7650,7800,2711,0.0025706940874035134
2013-10-22,7600,8570,7400,7420,11230,-0.04871794871794877
2013-10-23,7600,7640,7360,7420,2649,0.0
2013-10-24,7560,7640,7290,7290,384,-0.01752021563342321
2013-10-25,7480,7550,7290,7300,17281,0.00137174211248281
2013-10-28,7480,7750,7290,7300,3837,0.0
2013-10-29,7480,7480,7050,7300,398,0.0
2013-10-30,7390,7680,7220,7230,4635,-0.009589041095890427
2013-10-31,7230,7350,7010,7290,2520,0.008298755186721962
2013-11-01,7380,7380,7220,7300,123,0.00137174211248281
2013-11-04,7350,7390,7250,7280,2220,-0.002739726027397249
2013-11-05,7350,7370,7250,7350,5748,0.009615384615384581
2013-11-06,7390,7480,7350,7360,20151,0.0013605442176871652
2013-11-07,7540,7540,7290,7290,191,-0.009510869565217406
2013-11-08,7330,7330,7050,7330,1030,0.005486968449931462
2013-11-11,7390,7400,7210,7250,2545,-0.010914051841746208
2013-11-12,7260,7450,6500,7220,10093,-0.004137931034482789
2013-11-13,7220,7310,7050,7220,2363,0.0
2013-11-14,7310,7310,7070,7300,7,0.011080332409972193
2013-11-15,7310,7310,6800,7290,407,-0.00136986301369868
2013-11-18,7300,7300,7080,7280,143,-0.00137174211248281
2013-11-19,7310,7310,7130,7250,153,-0.004120879120879106
2013-11-20,7250,7250,7250,7250,141,0.0
2013-11-21,7310,7310,6900,7200,758,-0.006896551724137945
2013-11-22,7230,7230,7200,7200,2,0.0
2013-11-25,7200,7200,6980,7200,571,0.0
2013-11-26,7230,7230,7000,7200,321,0.0
2013-11-27,7250,7390,7130,7200,3505,0.0
2013-11-28,7390,7390,6880,7210,526,0.001388888888888884
2013-11-29,7230,7460,7080,7210,78,0.0
2013-12-02,7310,7410,6990,7400,1001,0.026352288488210807
2013-12-03,7400,7400,7140,7310,268,-0.012162162162162149
2013-12-04,7300,7300,7300,7300,1,-0.001367989056087593
2013-12-05,7340,7340,7290,7300,54,0.0
2013-12-06,7390,7390,7210,7300,5148,0.0
2013-12-09,7300,7460,7140,7290,1017,-0.00136986301369868
2013-12-10,7450,8280,7400,7450,14892,0.021947873799725626
2013-12-11,7450,7630,6740,7130,2827,-0.04295302013422819
2013-12-12,7170,7230,6950,6960,4092,-0.02384291725105192
2013-12-13,7130,7130,6900,6950,3767,-0.001436781609195359
2013-12-16,7090,7090,6950,6950,970,0.0
2013-12-17,7160,7160,6910,7000,834,0.007194244604316502
2013-12-18,7040,7140,7040,7140,23,0.020000000000000018
2013-12-19,7150,7150,6900,7100,236,-0.0056022408963585235
2013-12-20,6850,7140,6840,7110,630,0.0014084507042253502
2013-12-23,7150,7300,6850,6910,7058,-0.02812939521800284
2013-12-24,6940,7450,6900,7210,4963,0.04341534008683068
2013-12-26,7200,7280,7050,7270,1179,0.00832177531206657
2013-12-27,7110,7310,7110,7280,214,0.0013755158184318717
2013-12-30,7280,7300,7270,7300,106,0.0027472527472527375
2014-01-02,7290,7400,6950,7400,2809,0.013698630136986356
2014-01-03,7400,7430,7130,7380,2710,-0.002702702702702675
2014-01-06,7260,7370,7140,7370,315,-0.0013550135501354532
2014-01-07,7350,7410,7250,7390,329,0.0027137042062415073
2014-01-08,7400,7400,7000,7200,3096,-0.025710419485791558
2014-01-09,7450,7450,7140,7280,943,0.011111111111111072
2014-01-10,7280,7280,7130,7250,58,-0.004120879120879106
2014-01-13,7250,7310,7140,7300,154,0.006896551724137945
2014-01-14,7150,7290,7150,7290,201,-0.00136986301369868
2014-01-15,7160,7280,7010,7190,639,-0.013717421124828544
2014-01-16,7190,7230,7030,7190,2407,0.0
2014-01-17,7230,7230,7190,7190,10305,0.0
2014-01-20,7050,7190,7050,7180,1705,-0.0013908205841446364
2014-01-21,7220,7220,7100,7170,1119,-0.0013927576601671099
2014-01-22,7070,7230,7040,7230,2183,0.008368200836819994
2014-01-23,7310,7470,7300,7470,3447,0.03319502074688807
2014-01-24,7290,7450,7290,7440,1784,-0.004016064257028162
2014-01-27,7430,7440,7120,7430,7789,-0.0013440860215053752
2014-01-28,7310,7880,7310,7600,1189,0.02288021534320328
2014-01-29,7780,7790,7410,7710,1754,0.014473684210526416
2014-02-03,7700,8230,7700,7900,4509,0.024643320363164634
2014-02-04,7610,7950,7610,7720,1332,-0.02278481012658229
2014-02-05,7680,7820,7680,7820,1646,0.012953367875647714
2014-02-06,7820,8000,7820,7990,5623,0.021739130434782705
2014-02-07,7810,7990,7810,7990,166,0.0
2014-02-10,8040,8050,7620,7850,521,-0.017521902377972465
2014-02-11,7890,7920,7770,7840,93,-0.001273885350318471
2014-02-12,7980,7980,7760,7800,483,-0.005102040816326481
2014-02-13,7940,7950,7940,7950,12,0.019230769230769162
2014-02-14,7950,7950,7660,7800,628,-0.018867924528301883
2014-02-17,7880,7880,7630,7800,1370,0.0
2014-02-18,7880,7990,7710,7800,6011,0.0
2014-02-19,7890,7890,7700,7840,1163,0.00512820512820511
2014-02-20,7840,7850,7700,7840,1740,0.0
2014-02-21,7940,7940,7690,7850,370,0.0012755102040815647
2014-02-24,7950,7950,7500,7850,9278,0.0
2014-02-25,7880,7960,7780,7880,1139,0.003821656050955413
2014-02-26,7880,7880,7640,7850,1055,-0.0038071065989847552
2014-02-27,7700,8120,7640,8010,12511,0.020382165605095537
2014-02-28,8020,8210,8010,8160,7472,0.01872659176029967
2014-03-03,8550,9380,8550,9380,146731,0.14950980392156854
2014-03-04,9500,10750,9250,10400,153522,0.10874200426439229
2014-03-05,10800,10800,9950,9970,56927,-0.04134615384615381
2014-03-06,9990,10200,9250,9610,94611,-0.03610832497492478
2014-03-07,9720,10250,9600,9940,37840,0.03433922996878258
2014-03-10,10250,10250,9610,9800,14009,-0.014084507042253502
2014-03-11,9660,9800,9500,9700,11013,-0.010204081632653073
2014-03-12,9700,9880,9450,9620,13695,-0.008247422680412342
2014-03-13,9700,9700,9500,9660,4203,0.004158004158004047
2014-03-14,9660,9660,9390,9500,8695,-0.0165631469979296
2014-03-17,9370,9670,9080,9100,9498,-0.04210526315789476
2014-03-18,9100,9270,9070,9260,4834,0.01758241758241752
2014-03-19,9260,9330,9100,9250,7079,-0.001079913606911398
2014-03-20,9100,9250,8970,9250,4832,0.0
2014-03-21,9240,9270,9190,9260,4766,0.00108108108108107
2014-03-24,9230,9900,9050,9370,27073,0.011879049676025932
2014-03-25,9340,9670,9340,9560,2066,0.02027748132337237
2014-03-26,9690,9770,9460,9760,8517,0.02092050209205021
2014-03-27,9600,9780,9460,9600,2471,-0.016393442622950838
2014-03-28,9730,9730,9370,9600,7514,0.0
2014-03-31,9580,9680,9140,9200,6426,-0.04166666666666663
2014-04-01,9200,9350,9100,9200,4200,0.0
2014-04-02,9200,9290,9000,9080,14045,-0.013043478260869601
2014-04-03,9080,9130,8900,9000,13409,-0.008810572687224627
2014-04-04,9190,9190,8980,9170,2188,0.018888888888888955
2014-04-07,9000,9200,9000,9200,261,0.0032715376226826187
2014-04-08,9300,9300,9000,9040,2971,-0.017391304347826098
2014-04-09,8970,9190,8970,9160,1376,0.01327433628318575
2014-04-10,9150,9190,9050,9140,2234,-0.0021834061135370675
2014-04-11,9050,9200,9000,9150,2362,0.001094091903719896
2014-04-14,9150,9240,9100,9240,1808,0.009836065573770592
2014-04-15,9180,9280,9070,9250,1358,0.0010822510822510178
2014-04-16,9240,9240,9120,9120,1551,-0.014054054054054022
2014-04-17,9290,9290,9120,9170,1395,0.005482456140350811
2014-04-18,9280,9280,9160,9260,4023,0.009814612868048078
2014-04-21,9200,9570,9070,9400,13037,0.015118790496760237
2014-04-22,9410,9890,9410,9750,11286,0.037234042553191404
2014-04-23,9900,10000,9700,9700,3099,-0.00512820512820511
2014-04-24,9900,9900,9440,9690,4672,-0.0010309278350515427
2014-04-25,9660,9660,9400,9660,2463,-0.003095975232198178
2014-04-28,9360,9640,9340,9550,1573,-0.011387163561076608
2014-04-29,9700,9700,9310,9320,4554,-0.02408376963350789
2014-04-30,9320,9370,9000,9300,11163,-0.0021459227467811592
2014-05-02,9300,9300,9090,9280,1536,-0.0021505376344086446
2014-05-07,9350,9350,8800,9010,2586,-0.02909482758620685
2014-05-08,8960,9100,8950,9000,2439,-0.0011098779134295356
2014-05-09,8920,9170,8900,9000,2636,0.0
2014-05-12,8910,9040,8800,9000,2996,0.0
2014-05-13,8890,9190,8850,9160,5209,0.01777777777777767
2014-05-14,9110,9380,8880,9350,4982,0.020742358078602585
2014-05-15,9350,9360,9200,9290,2044,-0.0064171122994652885
2014-05-16,9100,9290,8870,9260,11665,-0.0032292787944026013
2014-05-19,9060,9250,8990,8990,5378,-0.029157667386609076
2014-05-20,9000,9080,8940,9060,5787,0.007786429365962189
2014-05-21,8960,9100,8960,9100,5740,0.004415011037527616
2014-05-22,9140,9140,9080,9130,3169,0.003296703296703285
2014-05-23,9160,9160,8970,9120,1642,-0.0010952902519167917
2014-05-26,9120,9130,9030,9110,3958,-0.0010964912280702066
2014-05-27,9230,9230,9110,9170,228,0.00658616904500553
2014-05-28,9100,9180,9040,9100,2956,-0.007633587786259555
2014-05-29,9130,9130,8970,8980,1026,-0.01318681318681314
2014-05-30,8980,9050,8830,9040,3190,0.006681514476614803
2014-06-02,9040,9090,8860,8860,1246,-0.019911504424778736
2014-06-03,8900,9060,8900,9010,579,0.016930022573363512
2014-06-05,9040,9120,8790,9050,2470,0.004439511653718142
2014-06-09,9090,9090,8730,9000,3322,-0.0055248618784530246
2014-06-10,9000,9030,8800,9000,2109,0.0
2014-06-11,9100,9100,8880,8900,2179,-0.011111111111111072
2014-06-12,9050,9050,8830,9000,1146,0.011235955056179803
2014-06-13,9000,9070,8900,9010,4350,0.0011111111111110628
2014-06-16,8900,9020,8870,8990,426,-0.002219755826859071
2014-06-17,8880,9080,8880,8900,1807,-0.010011123470522798
2014-06-18,8890,8930,8810,8900,3390,0.0
2014-06-19,8900,8970,8850,8850,2108,-0.005617977528089901
2014-06-20,8850,8960,8770,8850,2624,0.0
2014-06-23,8760,8960,8760,8930,1386,0.009039548022598876
2014-06-24,8850,8970,8740,8900,4718,-0.0033594624860022737
2014-06-25,8800,8970,8780,8850,4794,-0.005617977528089901
2014-06-26,8800,8880,8750,8750,4257,-0.011299435028248594
2014-06-27,8790,8830,8610,8810,1981,0.006857142857142895
2014-06-30,8750,8810,8630,8800,2446,-0.0011350737797957144
2014-07-01,8650,8800,8640,8670,2468,-0.01477272727272727
2014-07-02,8700,8770,8630,8770,9117,0.011534025374855927
2014-07-03,8770,8900,8770,8790,3655,0.0022805017103761926
2014-07-04,8790,8980,8790,8950,6616,0.018202502844141044
2014-07-07,9010,9120,9000,9100,8776,0.016759776536312776
2014-07-08,9100,9200,8800,9000,3556,-0.01098901098901095
2014-07-09,9000,9040,8850,9030,1730,0.0033333333333334103
2014-07-10,9000,9110,8990,9110,16418,0.008859357696566983
2014-07-11,9200,9880,9110,9580,44002,0.05159165751920969
2014-07-14,9750,9750,9480,9600,11311,0.0020876826722338038
2014-07-15,9600,9750,9430,9590,4579,-0.0010416666666667185
2014-07-16,9520,9570,9370,9370,4684,-0.02294056308654846
2014-07-17,9380,9530,9270,9270,3175,-0.01067235859124871
2014-07-18,9350,9350,9260,9340,6123,0.007551240560949246
2014-07-21,9340,10200,9340,9690,15504,0.03747323340471098
2014-07-22,9870,9870,9590,9620,2194,-0.007223942208462342
2014-07-23,9620,9890,9620,9860,7566,0.02494802494802495
2014-07-24,9860,9990,9710,9810,2421,-0.005070993914807254
2014-07-25,9900,10400,8700,10000,12808,0.019367991845056
2014-07-28,10050,10050,9800,9890,815,-0.01100000000000001
2014-07-29,9740,9990,9440,9700,2421,-0.01921132457027297
2014-07-30,9550,9700,9270,9650,1434,-0.005154639175257714
2014-07-31,9400,9600,9180,9300,10583,-0.03626943005181349
2014-08-01,9200,9490,9200,9480,2605,0.019354838709677358
2014-08-04,9480,9670,9480,9660,1431,0.018987341772152
2014-08-05,9450,9640,9450,9570,1737,-0.009316770186335366
2014-08-06,9650,9650,9320,9570,98,0.0
2014-08-07,9570,9570,9310,9310,873,-0.027168234064785746
2014-08-08,9320,9580,9100,9380,2359,0.007518796992481258
2014-08-11,9380,9480,9270,9430,153,0.005330490405117239
2014-08-12,9490,9490,9230,9470,721,0.0042417815482502785
2014-08-13,9470,9490,9150,9290,3134,-0.019007391763463555
2014-08-14,9230,9470,9230,9270,779,-0.0021528525296017342
2014-08-18,9240,9450,9170,9390,4733,0.012944983818770295
2014-08-19,9380,9380,9210,9250,1730,-0.014909478168264156
2014-08-20,9410,9410,9280,9370,105,0.012972972972973063
2014-08-21,9420,9420,9210,9360,441,-0.0010672358591248265
2014-08-22,9210,9410,9210,9320,311,-0.004273504273504258
2014-08-25,9320,9410,9200,9360,8507,0.0042918454935623185
2014-08-26,9310,9430,9200,9360,1559,0.0
2014-08-27,9370,9680,9260,9370,10728,0.0010683760683760646
2014-08-28,9360,9420,9000,9400,2529,0.0032017075773747017
2014-08-29,9200,9500,9200,9460,1750,0.006382978723404209
2014-09-01,9550,9550,9320,9520,6278,0.00634249471458781
2014-09-02,9400,9500,9260,9260,8856,-0.027310924369747913
2014-09-03,9260,9450,9260,9430,1733,0.018358531317494542
2014-09-04,9490,9490,9350,9440,1721,0.0010604453870626251
2014-09-05,9310,9430,9300,9300,1339,-0.014830508474576232
2014-09-11,9300,9440,9200,9400,4769,0.010752688172043001
2014-09-12,9400,9400,9200,9250,2394,-0.015957446808510634
2014-09-15,9250,9370,9200,9350,3626,0.0108108108108107
2014-09-16,9390,9390,9200,9310,1912,-0.004278074866310155
2014-09-17,9250,9350,9160,9300,2693,-0.0010741138560687036
2014-09-18,9220,9300,9220,9300,1531,0.0
2014-09-19,9300,9400,9210,9320,2237,0.0021505376344086446
2014-09-22,9390,9390,9250,9350,3166,0.0032188841201716833
2014-09-23,9380,9380,9250,9270,774,-0.00855614973262031
2014-09-24,9340,9360,9210,9270,3079,0.0
2014-09-25,9200,9290,9180,9290,2372,0.0021574973031284195
2014-09-26,9290,9290,9020,9080,677,-0.0226049515608181
2014-09-29,9120,9280,9040,9050,2840,-0.0033039647577092213
2014-09-30,9090,9130,9010,9010,1327,-0.0044198895027623974
2014-10-01,9240,9240,8700,9150,11579,0.015538290788013276
2014-10-02,9150,9400,9150,9330,9500,0.01967213114754096
2014-10-06,9300,9940,9200,9400,20767,0.007502679528403
2014-10-07,9450,9700,9350,9610,2768,0.022340425531914843
2014-10-08,9580,9600,9400,9460,1227,-0.015608740894901163
2014-10-10,9510,9680,9350,9370,1323,-0.009513742071881603
2014-10-13,9370,9520,9150,9330,1853,-0.004268943436499417
2014-10-14,9370,9370,9090,9320,2720,-0.001071811361200381
2014-10-15,9310,9350,9210,9310,1285,-0.0010729613733905241
2014-10-16,9380,9380,9200,9350,2407,0.004296455424275036
2014-10-17,9450,9450,9200,9300,1584,-0.005347593582887722
2014-10-20,9300,9400,9260,9370,735,0.007526881720430145
2014-10-21,9370,9430,9280,9370,911,0.0
2014-10-22,9370,9430,9240,9260,439,-0.011739594450373536
2014-10-23,9260,9690,9010,9250,4531,-0.001079913606911398
2014-10-24,9650,9650,9090,9200,4059,-0.00540540540540535
2014-10-27,9200,9300,9100,9220,964,0.0021739130434783593
2014-10-28,9220,9220,9220,9220,127,0.0
2014-10-29,9060,9240,9060,9240,113,0.002169197396963085
2014-10-30,9290,9290,9240,9240,27,0.0
2014-10-31,9370,9500,9170,9250,594,0.0010822510822510178
2014-11-03,9410,9410,9160,9280,408,0.00324324324324321
2014-11-04,9150,9300,9060,9170,467,-0.0118534482758621
2014-11-05,9170,9170,8790,9150,2263,-0.0021810250817884125
2014-11-06,8900,9340,8900,9210,292,0.006557377049180246
2014-11-07,9060,9310,8910,9290,877,0.008686210640608039
2014-11-10,9070,9180,8930,9100,2339,-0.020452099031216364
2014-11-11,9050,9100,8950,9000,1510,-0.01098901098901095
2014-11-12,9000,9080,8830,9070,4649,0.007777777777777883
2014-11-13,9070,9100,8890,9060,918,-0.0011025358324145973
2014-11-14,8910,9060,8850,8900,4014,-0.017660044150110354
2014-11-17,8900,8900,8650,8790,3127,-0.012359550561797716
2014-11-18,8700,8700,8340,8550,13521,-0.027303754266211566
2014-11-19,8550,8550,8080,8220,12301,-0.038596491228070184
2014-11-20,8220,8420,8220,8370,2737,0.018248175182481674
2014-11-21,8460,8460,8190,8450,469,0.009557945041815952
2014-11-24,8400,8520,8400,8510,180,0.007100591715976323
2014-11-25,8270,8540,8270,8530,2251,0.00235017626321965
2014-11-26,8530,8600,8420,8560,268,0.003516998827667095
2014-11-27,8560,8560,8550,8550,169,-0.001168224299065379
2014-11-28,8590,8590,8210,8520,350,-0.0035087719298245723
2014-12-01,8340,8520,8010,8120,5332,-0.04694835680751175
2014-12-02,8120,8770,8120,8580,1118,0.05665024630541882
2014-12-03,8370,8630,8310,8550,115,-0.0034965034965035446
2014-12-04,8620,8620,8400,8600,897,0.005847953216374213
2014-12-05,8610,8610,8600,8600,8,0.0
2014-12-08,8640,8790,8500,8500,258,-0.011627906976744207
2014-12-09,8430,8650,8430,8630,427,0.015294117647058902
2014-12-10,8630,8690,8600,8620,401,-0.0011587485515642815
2014-12-11,7340,8470,7340,8450,891,-0.019721577726218076
2014-12-12,8450,8530,8150,8420,1106,-0.0035502958579881616
2014-12-15,8100,8380,8000,8100,4153,-0.038004750593824244
2014-12-16,8100,8180,8000,8160,2852,0.007407407407407307
2014-12-17,8150,8200,8110,8180,36,0.002450980392156854
2014-12-18,8000,8160,8000,8050,1942,-0.0158924205378973
2014-12-19,8020,8130,7930,8100,1255,0.006211180124223503
2014-12-22,7940,8250,7940,8250,832,0.0185185185185186
2014-12-23,8040,8240,8000,8010,1309,-0.029090909090909056
2014-12-24,8000,8240,7920,8200,1454,0.02372034956304625
2014-12-26,8200,8440,8090,8430,2324,0.028048780487804903
2014-12-29,8430,8470,8320,8320,361,-0.013048635824436494
2014-12-30,8320,8400,8320,8400,319,0.009615384615384581
2015-01-02,8400,8510,8350,8480,721,0.00952380952380949
2015-01-05,8550,8550,8350,8470,223,-0.001179245283018826
2015-01-06,8530,8530,8090,8090,1748,-0.044864226682408526
2015-01-07,8090,8120,8020,8090,1693,0.0
2015-01-08,8000,8200,7920,8000,3039,-0.011124845488257096
2015-01-09,7970,8110,7900,7900,2087,-0.012499999999999956
2015-01-12,7900,8180,7690,8170,13744,0.03417721518987338
2015-01-13,8160,8810,7940,8090,1319,-0.009791921664626724
2015-01-14,8190,8190,7960,8160,114,0.008652657601977642
2015-01-15,8160,8360,7960,8180,467,0.002450980392156854
2015-01-16,8200,8200,7880,8170,412,-0.0012224938875305957
2015-01-19,8170,8300,7840,8300,1060,0.01591187270501826
2015-01-20,8290,8370,8280,8370,436,0.008433734939758963
2015-01-21,8370,8460,8200,8300,1096,-0.008363201911589013
2015-01-22,8340,8340,8110,8270,1165,-0.0036144578313253017
2015-01-23,8380,8380,8100,8120,3593,-0.01813784764207982
2015-01-26,8170,8210,8030,8180,2114,0.00738916256157629
2015-01-27,8040,8250,8040,8250,3809,0.008557457212713837
2015-01-28,8250,8340,8150,8320,182,0.00848484848484854
2015-01-29,8320,8320,8180,8290,272,-0.0036057692307692735
2015-01-30,8340,8350,8030,8330,2201,0.004825090470446325
2015-02-02,8110,8330,7840,8310,3311,-0.0024009603841537164
2015-02-03,8110,8400,8110,8340,949,0.0036101083032491488
2015-02-04,8340,8420,8300,8380,1431,0.004796163069544335
2015-02-05,8380,8420,8270,8350,1550,-0.0035799522673031214
2015-02-06,8230,8370,8230,8370,640,0.0023952095808383866
2015-02-09,8400,8400,8250,8370,3811,0.0
2015-02-10,8400,8590,8350,8560,9919,0.022700119474313052
2015-02-11,8480,9440,8480,9180,16071,0.07242990654205617
2015-02-12,9150,9480,9060,9200,4129,0.002178649237472685
2015-02-13,9200,9400,9110,9400,6856,0.021739130434782705
2015-02-16,9450,9490,9200,9260,5066,-0.014893617021276562
2015-02-17,9260,9370,9140,9260,5137,0.0
2015-02-23,9270,9270,8980,9250,12798,-0.001079913606911398
2015-02-24,9190,10600,9010,9060,118018,-0.020540540540540553
2015-02-25,9010,9250,8810,8950,15844,-0.012141280353200834
2015-02-26,9070,10250,8900,10250,89042,0.14525139664804465
2015-02-27,10050,10400,9770,9920,39013,-0.03219512195121954
2015-03-02,10150,10200,9800,9890,11757,-0.003024193548387122
2015-03-03,10050,11350,10050,11350,33997,0.14762386248736092
2015-03-04,11450,11900,10400,11000,60097,-0.03083700440528636
2015-03-05,10800,11050,10450,10900,17907,-0.009090909090909038
2015-03-06,10950,11350,10700,10900,9832,0.0
2015-03-09,10900,10900,10200,10500,16665,-0.03669724770642202
2015-03-10,10450,10650,10050,10400,7081,-0.00952380952380949
2015-03-11,10400,10550,9410,10350,21521,-0.004807692307692291
2015-03-12,10400,10400,9900,10200,4841,-0.01449275362318836
2015-03-13,10400,10600,10050,10600,10951,0.03921568627450989
2015-03-16,10600,10600,9840,9990,32989,-0.0575471698113208
2015-03-17,10050,10050,9580,9950,12161,-0.004004004004004025
2015-03-18,9970,10200,9410,9590,16275,-0.03618090452261302
2015-03-19,9600,9760,9310,9620,10403,0.0031282586027112647
2015-03-20,9620,9650,9360,9400,6417,-0.022869022869022815
2015-03-23,9300,9780,9300,9760,2326,0.038297872340425476
2015-03-24,9600,9900,9600,9800,2170,0.004098360655737654
2015-03-25,9700,9870,9550,9740,6678,-0.006122448979591799
2015-03-26,9850,9860,9500,9660,1862,-0.008213552361396315
2015-03-27,9720,10200,9460,10000,8175,0.035196687370600444
2015-03-30,9840,10000,9600,9820,7714,-0.018000000000000016
2015-03-31,9850,10100,9780,9990,3574,0.01731160896130346
2015-04-01,10100,10850,10000,10350,16156,0.03603603603603611
2015-04-02,10700,10700,9970,9970,7452,-0.03671497584541061
2015-04-03,10100,10100,9600,9850,29435,-0.012036108324974926
2015-04-06,9800,10500,9790,9860,11291,0.0010152284263960087
2015-04-07,10050,10050,9800,9860,5908,0.0
2015-04-08,9810,11100,9810,10950,53447,0.1105476673427992
2015-04-09,10900,11250,10600,10650,12319,-0.0273972602739726
2015-04-10,10900,11500,10800,11100,7901,0.04225352112676051
2015-04-13,11100,11450,10900,11400,11088,0.027027027027026973
2015-04-14,11200,11450,10800,10850,13450,-0.04824561403508776
2015-04-15,10800,11700,10650,11700,7682,0.07834101382488479
2015-04-16,11600,11700,11000,11400,9561,-0.02564102564102566
2015-04-17,11400,11900,11150,11500,4060,0.00877192982456143
2015-04-20,11450,11700,11000,11200,3231,-0.02608695652173909
2015-04-21,11050,11300,10750,10850,2946,-0.03125
2015-04-22,10750,11250,9940,10750,22195,-0.009216589861751112
2015-04-23,10750,10750,9500,10100,93550,-0.06046511627906981
2015-04-24,10050,10400,9940,10200,5338,0.00990099009900991
2015-04-27,10350,10650,10000,10350,9145,0.014705882352941124
2015-04-28,10500,10500,10100,10150,6541,-0.019323671497584516
2015-04-29,10200,10600,9950,10050,9209,-0.009852216748768461
2015-04-30,10050,10400,9840,10350,2025,0.029850746268656803
2015-05-04,10300,10300,10000,10250,1094,-0.009661835748792313
2015-05-06,10150,10550,9740,9940,8145,-0.030243902439024417
2015-05-07,9910,9970,9350,9740,9497,-0.02012072434607648
2015-05-08,9870,9870,9580,9690,9630,-0.005133470225872738
2015-05-11,9600,9990,9550,9950,4329,0.026831785345717174
2015-05-12,9950,9950,9750,9820,1629,-0.013065326633165841
2015-05-13,9820,10200,9680,10200,9055,0.0386965376782078
2015-05-14,10200,10500,9960,10100,2620,-0.009803921568627416
2015-05-15,9950,10150,9950,9960,3530,-0.013861386138613874
2015-05-18,9940,9940,8770,9180,25995,-0.07831325301204817
2015-05-19,9130,9540,8990,9470,9300,0.031590413943355156
2015-05-20,9500,9650,9360,9450,1070,-0.002111932418162654
2015-05-21,9450,9550,9250,9500,5789,0.005291005291005346
2015-05-22,9270,9570,9270,9470,1233,-0.0031578947368421373
2015-05-26,9310,9500,9310,9390,2158,-0.008447729672650506
2015-05-27,9390,9500,9260,9390,2880,0.0
2015-05-28,9490,9540,9210,9350,14316,-0.004259850905218299
2015-05-29,9400,9580,9350,9580,1891,0.024598930481283476
2015-06-01,9580,9670,9420,9430,946,-0.01565762004175364
2015-06-02,9660,9660,9160,9250,646,-0.019088016967126142
2015-06-03,9170,9550,9150,9150,4906,-0.010810810810810811
2015-06-04,9170,9460,9170,9290,1402,0.015300546448087537
2015-06-05,9170,9400,9100,9290,1338,0.0
2015-06-08,9090,9650,9090,9450,2614,0.017222820236813874
2015-06-09,9480,9880,9400,9400,6386,-0.005291005291005346
2015-06-10,9320,9590,9300,9390,2109,-0.0010638297872340718
2015-06-11,9310,9490,9310,9490,1315,0.010649627263045858
2015-06-12,9560,9750,9400,9430,1836,-0.006322444678609096
2015-06-15,9670,9670,9150,9170,5326,-0.0275715800636267
2015-06-16,9180,9380,9060,9360,374,0.02071973827699014
2015-06-17,9380,9470,9100,9100,1210,-0.02777777777777779
2015-06-18,9100,9210,8930,9180,4154,0.00879120879120876
2015-06-19,9180,9500,9180,9330,1191,0.016339869281045694
2015-06-22,9340,9460,9220,9360,351,0.003215434083601254
2015-06-23,9460,9600,9320,9420,4071,0.0064102564102563875
2015-06-24,9430,10950,9430,10250,32926,0.08811040339702769
2015-06-25,10250,10600,9800,10400,39570,0.014634146341463428
2015-06-26,10200,10200,9810,10000,18901,-0.038461538461538436
2015-06-29,10000,10000,9540,9580,7334,-0.04200000000000004
2015-06-30,9580,9680,9150,9680,1407,0.010438413361169019
2015-07-01,9500,9740,9440,9560,3239,-0.012396694214875992
2015-07-02,9520,10250,9520,9810,3592,0.026150627615062705
2015-07-03,10500,10500,9850,10000,2792,0.019367991845056
2015-07-06,9990,9990,9710,9710,4402,-0.029000000000000026
2015-07-07,9900,9960,9210,9900,7289,0.019567456230690006
2015-07-08,9840,9860,9340,9780,17145,-0.012121212121212088
2015-07-09,9600,9600,9270,9370,6423,-0.04192229038854811
2015-07-10,9380,10050,9290,9480,4430,0.011739594450373536
2015-07-13,9460,10400,9460,10050,18338,0.06012658227848111
2015-07-14,10050,10050,9750,9760,5939,-0.028855721393034828
2015-07-15,9740,9950,9430,9700,7831,-0.006147540983606592
2015-07-16,9700,9760,9540,9750,2857,0.005154639175257714
2015-07-17,9850,9850,9520,9590,2641,-0.016410256410256396
2015-07-20,9590,9820,9460,9780,5276,0.019812304483837417
2015-07-21,9720,10400,9680,10050,4722,0.027607361963190247
2015-07-22,10050,10200,9860,10100,7763,0.004975124378109541
2015-07-23,9980,10150,9600,9740,5735,-0.035643564356435675
2015-07-24,9610,9880,9360,9610,10641,-0.013347022587268942
2015-07-27,9710,9710,9470,9700,2873,0.009365244536940764
2015-07-28,9520,9690,9360,9380,4161,-0.03298969072164948
2015-07-29,9350,9630,9350,9420,965,0.004264392324093924
2015-07-30,9460,9580,9410,9540,7144,0.01273885350318471
2015-07-31,9420,9550,9240,9430,1199,-0.011530398322851187
2015-08-03,9300,9490,9300,9300,5448,-0.01378579003181335
2015-08-04,9260,9440,9200,9360,1206,0.006451612903225712
2015-08-05,9480,9480,9300,9440,1460,0.008547008547008517
2015-08-06,9490,9570,9430,9510,1557,0.00741525423728806
2015-08-07,9540,9690,9440,9690,1970,0.018927444794952786
2015-08-10,9780,10400,9510,9730,6826,0.0041279669762641635
2015-08-11,9780,9780,9560,9730,3657,0.0
2015-08-12,9730,9730,9360,9360,5170,-0.03802672147995889
2015-08-13,9400,9600,9400,9550,812,0.020299145299145227
2015-08-17,9590,9680,9520,9560,1288,0.0010471204188482464
2015-08-18,9680,9770,9350,9500,6244,-0.006276150627615107
2015-08-19,9360,9440,8980,9000,5980,-0.052631578947368474
2015-08-20,9000,9240,8980,8990,6604,-0.0011111111111110628
2015-08-21,8820,8990,8550,8810,10648,-0.020022246941045596
2015-08-24,8540,8850,8270,8600,9762,-0.023836549375709448
2015-08-25,8580,8820,8370,8770,2189,0.019767441860465196
2015-08-26,8960,9190,8800,9100,2893,0.03762827822120873
2015-08-27,9100,9470,9100,9320,6914,0.02417582417582409
2015-08-28,9480,9680,9340,9610,1197,0.0311158798283262
2015-08-31,9620,9940,9620,9760,7730,0.015608740894901052
2015-09-01,9970,10000,9810,9910,6627,0.015368852459016313
2015-09-02,9910,10450,9910,10350,32048,0.04439959636730584
2015-09-03,10400,10400,9840,9990,3946,-0.034782608695652195
2015-09-04,9990,10100,9740,9840,8349,-0.01501501501501501
2015-09-07,9780,9980,9780,9890,2925,0.005081300813008172
2015-09-08,9970,9980,9830,9960,5727,0.00707785642062686
2015-09-09,9850,10150,9850,10050,26918,0.009036144578313143
2015-09-10,9860,10000,9860,9990,3515,-0.005970149253731294
2015-09-11,9990,10000,9970,10000,7682,0.0010010010010010895
2015-09-14,10000,10150,9870,10000,4173,0.0
2015-09-15,9990,10000,9900,10000,700,0.0
2015-09-16,9990,10000,9920,10000,6923,0.0
2015-09-17,10100,10100,9980,10000,7817,0.0
2015-09-18,10150,10150,9870,9870,5880,-0.013000000000000012
2015-09-21,9870,10200,9870,9960,3473,0.00911854103343468
2015-09-22,9910,10050,9910,9970,2656,0.0010040160642570406
2015-09-23,9970,10100,9900,9940,1596,-0.0030090270812437314
2015-09-24,9890,10000,9890,10000,2972,0.006036217303822866
2015-09-25,10200,10300,9970,10000,4140,0.0
2015-09-30,10200,10200,9890,10000,1373,0.0
2015-10-01,9900,10200,9900,10200,2610,0.020000000000000018
2015-10-02,10200,10350,10000,10150,11404,-0.004901960784313708
2015-10-05,10300,10400,10000,10100,10971,-0.0049261083743842304
2015-10-06,10350,10350,9900,10000,3178,-0.00990099009900991
2015-10-07,10050,10050,9860,9990,5257,-0.0010000000000000009
2015-10-08,9930,10550,9910,10550,5816,0.056056056056056125
2015-10-12,10550,10750,10200,10550,14614,0.0
2015-10-13,10550,10550,10350,10450,2926,-0.009478672985781977
2015-10-14,10450,10550,10350,10400,12240,-0.004784688995215336
2015-10-15,10400,10550,10400,10500,3496,0.009615384615384581
2015-10-16,10500,10600,10300,10600,2653,0.00952380952380949
2015-10-19,10600,10850,10500,10600,3227,0.0
2015-10-20,10650,10800,10300,10600,11207,0.0
2015-10-21,10600,10650,10500,10600,1595,0.0
2015-10-22,10600,10750,10450,10750,4309,0.014150943396226356
2015-10-23,10850,11100,10650,11000,6366,0.023255813953488413
2015-10-26,11900,11900,10750,10750,7645,-0.022727272727272707
2015-10-27,11100,11200,10850,11050,19244,0.027906976744185963
2015-10-28,11050,11250,10700,10850,1391,-0.018099547511312264
2015-10-29,10650,11100,10650,11000,2878,0.01382488479262678
2015-10-30,11100,11100,10200,10300,10680,-0.0636363636363636
2015-11-02,10200,10450,10150,10450,3038,0.014563106796116498
2015-11-03,10500,10550,10500,10550,31,0.009569377990430672
2015-11-04,10350,10550,9590,9590,16956,-0.09099526066350716
2015-11-05,9600,9830,9590,9610,3944,0.002085505735140769
2015-11-06,9610,9790,9500,9620,3825,0.0010405827263266776
2015-11-09,9620,10200,9620,10000,7670,0.03950103950103956
2015-11-10,10100,13000,9930,11850,374040,0.18500000000000005
2015-11-11,12450,13900,11100,11550,594276,-0.025316455696202556
2015-11-12,12050,12650,11300,12250,247010,0.06060606060606055
2015-11-13,12200,13400,11500,11900,244196,-0.02857142857142858
2015-11-16,11350,11850,10900,10900,83128,-0.08403361344537819
2015-11-17,10900,11200,10300,10850,76315,-0.004587155963302725
2015-11-18,10850,10950,10300,10650,33559,-0.018433179723502335
2015-11-19,10500,10950,10400,10850,30330,0.018779342723004744
2015-11-20,10900,11400,10600,10850,27484,0.0
2015-11-23,11000,11000,10450,10800,21317,-0.004608294930875556
2015-11-24,10800,11150,10600,10850,16189,0.004629629629629539
2015-11-25,10950,10950,10600,10850,17136,0.0
2015-11-26,10700,10900,10600,10700,13508,-0.01382488479262678
2015-11-27,10650,10850,10600,10800,14533,0.009345794392523255
2015-11-30,10900,10900,10400,10500,11908,-0.02777777777777779
2015-12-01,10500,10650,10200,10450,7271,-0.004761904761904745
2015-12-02,10550,10700,10400,10550,11136,0.009569377990430672
2015-12-03,10450,11200,10450,11000,28313,0.042654028436019065
2015-12-04,11150,11150,10650,11150,11483,0.013636363636363669
2015-12-07,11100,11300,10700,11200,11238,0.004484304932735439
2015-12-08,11200,11400,10700,10800,12282,-0.0357142857142857
2015-12-09,11100,11100,10650,10850,8805,0.004629629629629539
2015-12-10,10950,10950,10400,10500,4913,-0.032258064516129004
2015-12-11,10500,10650,10100,10100,6653,-0.03809523809523807
2015-12-14,10100,10250,9700,9880,16519,-0.0217821782178218
2015-12-15,10150,10150,9650,9730,5608,-0.015182186234817818
2015-12-16,9730,10200,9730,9900,7832,0.01747173689619741
2015-12-17,10100,10350,9940,10100,2942,0.02020202020202011
2015-12-18,10250,10250,9890,10150,2030,0.004950495049504955
2015-12-21,10100,10200,9930,10200,2138,0.0049261083743843415
2015-12-22,10150,10350,10050,10300,3800,0.009803921568627416
2015-12-23,10350,10500,10000,10400,6564,0.009708737864077666
2015-12-24,10400,10550,10250,10400,2423,0.0
2015-12-28,10400,10600,10250,10400,2498,0.0
2015-12-29,10400,10500,10200,10300,1670,-0.009615384615384581
2015-12-30,10400,10450,10200,10400,1449,0.009708737864077666
2016-01-04,10250,10500,10000,10000,3411,-0.038461538461538436
2016-01-05,10250,10250,10000,10100,2058,0.010000000000000009
2016-01-06,10200,10250,9670,10100,7392,0.0
2016-01-07,10200,10350,9900,10100,9813,0.0
2016-01-08,10150,10350,9850,10250,2526,0.014851485148514865
2016-01-11,10350,10350,9940,9950,5065,-0.029268292682926855
2016-01-12,10200,10200,9760,9930,3338,-0.0020100502512563345
2016-01-13,10100,10250,10000,10250,5586,0.03222557905337364
2016-01-14,10700,10700,9910,9980,8789,-0.02634146341463417
2016-01-15,10050,10350,9990,10100,1736,0.012024048096192397
2016-01-18,9550,9840,9550,9740,9669,-0.035643564356435675
2016-01-19,9740,9880,9630,9740,1975,0.0
2016-01-20,9550,9880,9440,9590,6257,-0.015400410677618104
2016-01-21,9590,9830,9490,9510,2672,-0.008342022940563076
2016-01-22,9860,9860,9510,9770,892,0.02733964248159837
2016-01-25,9890,10250,9810,9950,421,0.0184237461617196
2016-01-26,9950,9950,9780,9800,1044,-0.015075376884422065
2016-01-27,9800,9900,9750,9750,1750,-0.005102040816326481
2016-01-28,9870,10000,9860,9900,725,0.01538461538461533
2016-01-29,10200,10200,9870,9880,3310,-0.002020202020202033
2016-02-01,9890,10100,9700,9960,1572,0.00809716599190291
2016-02-02,9730,10250,9730,9940,6225,-0.002008032128514081
2016-02-03,10500,10750,9970,10500,11024,0.05633802816901401
2016-02-04,10600,10650,10250,10400,4416,-0.00952380952380949
2016-02-05,10600,10600,10100,10500,6945,0.009615384615384581
2016-02-11,10000,10450,9660,9660,4968,-0.07999999999999996
2016-02-12,9650,9690,9440,9640,8033,-0.0020703933747412417
2016-02-15,9950,9950,9550,9750,3796,0.011410788381742698
2016-02-16,9860,10150,9820,10000,2090,0.02564102564102555
2016-02-17,10050,10050,9720,9940,1359,-0.006000000000000005
2016-02-18,9980,9980,9580,9620,3715,-0.03219315895372232
2016-02-19,9610,9820,9550,9700,7736,0.008316008316008316
2016-02-22,9750,9750,9550,9690,7891,-0.0010309278350515427
2016-02-23,9730,9730,9550,9700,23649,0.0010319917440659854
2016-02-24,9790,9790,9500,9500,11096,-0.020618556701030966
2016-02-25,9620,9770,9460,9480,17199,-0.002105263157894721
2016-02-26,9640,9710,9470,9700,5108,0.02320675105485237
2016-02-29,9540,9880,9540,9880,3775,0.01855670103092777
2016-03-02,9860,9860,9720,9820,8740,-0.006072874493927127
2016-03-03,9840,9840,9570,9740,17268,-0.008146639511201648
2016-03-04,9760,9760,9630,9750,797,0.0010266940451746365
2016-03-07,9750,9850,9700,9830,1986,0.00820512820512831
2016-03-08,9830,9850,9640,9750,4764,-0.008138351983723258
2016-03-09,9830,9830,9610,9680,3078,-0.007179487179487132
2016-03-10,9680,9740,9620,9730,8040,0.005165289256198413
2016-03-11,9650,9800,9650,9740,2938,0.0010277492291881352
2016-03-14,9740,10400,9740,9970,8156,0.02361396303901442
2016-03-15,10150,10150,9860,9990,6466,0.0020060180541625616
2016-03-16,9840,10400,9840,10050,5952,0.006006006006006093
2016-03-17,9900,10350,9890,9950,14691,-0.00995024875621886
2016-03-18,9950,11950,9950,10550,94969,0.06030150753768848
2016-03-21,10850,10850,10300,10550,28775,0.0
2016-03-22,10350,10550,10150,10350,19442,-0.018957345971563955
2016-03-23,10400,10700,10250,10600,12975,0.024154589371980784
2016-03-24,10650,11100,10400,11000,17461,0.037735849056603765
2016-03-25,10950,11600,10750,11050,30975,0.00454545454545463
2016-03-28,11000,11300,10800,10800,9760,-0.022624434389140302
2016-03-29,10850,10900,10400,10650,7338,-0.01388888888888884
2016-03-30,10750,10900,10350,10900,11342,0.023474178403755763
2016-03-31,10900,10950,10650,10900,4438,0.0
2016-04-01,10850,11250,10550,11050,11264,0.013761467889908285
2016-04-04,11050,11250,10900,11050,7678,0.0
2016-04-05,11200,11850,10950,11850,42004,0.07239819004524883
2016-04-06,11850,12200,11500,11500,21393,-0.029535864978902926
2016-04-07,11450,11850,11300,11450,12221,-0.004347826086956497
2016-04-08,11500,11600,11200,11450,8992,0.0
2016-04-11,11500,11500,11150,11450,10495,0.0
2016-04-12,11450,11500,11150,11200,4599,-0.02183406113537123
2016-04-14,11250,12000,11150,11400,9340,0.017857142857142794
2016-04-15,11550,11600,11150,11350,6887,-0.004385964912280715
2016-04-18,11550,11900,11300,11450,13572,0.008810572687224738
2016-04-19,11650,11700,11350,11700,7402,0.02183406113537112
2016-04-20,11700,11700,11300,11350,11198,-0.02991452991452992
2016-04-21,11350,11450,11200,11300,8076,-0.004405286343612369
2016-04-22,11350,11500,10950,11400,17795,0.008849557522123908
2016-04-25,11700,12350,11650,12000,69319,0.05263157894736836
2016-04-26,12000,12000,11400,11700,22133,-0.025000000000000022
2016-04-27,11700,11900,11300,11550,12211,-0.012820512820512775
2016-04-28,11650,11850,11600,11800,6825,0.02164502164502169
2016-04-29,11700,11900,11400,11450,12082,-0.029661016949152574
2016-05-02,11500,11600,11100,11150,2142,-0.026200873362445365
2016-05-03,11150,11900,11150,11350,10576,0.017937219730941756
2016-05-04,11550,11550,10650,11000,9924,-0.03083700440528636
2016-05-09,10950,11200,10800,10800,12107,-0.018181818181818188
2016-05-10,11000,11200,10700,11150,11492,0.03240740740740744
2016-05-11,11200,11400,11050,11350,5241,0.017937219730941756
2016-05-12,11400,11400,11050,11400,4650,0.004405286343612369
2016-05-13,11400,11400,11150,11350,8805,-0.004385964912280715
2016-05-16,11350,12300,11150,12250,31549,0.07929515418502198
2016-05-17,11850,11850,11150,11400,32704,-0.06938775510204087
2016-05-18,11400,11450,11050,11400,8012,0.0
2016-05-19,11400,11500,10950,11000,11303,-0.03508771929824561
2016-05-20,11150,11300,11000,11200,3821,0.018181818181818077
2016-05-23,11300,12200,11250,11600,33178,0.03571428571428581
2016-05-24,11900,12200,11150,11550,39604,-0.004310344827586188
2016-05-25,11600,11800,11300,11400,25817,-0.012987012987012991
2016-05-26,11400,11800,11400,11700,13594,0.026315789473684292
2016-05-27,11500,12300,11500,12300,34206,0.05128205128205132
2016-05-30,12300,12850,12100,12800,51349,0.04065040650406515
2016-05-31,12800,12850,12400,12700,18583,-0.0078125
2016-06-01,12850,12900,12200,12550,23637,-0.011811023622047223
2016-06-02,12400,12700,12300,12450,18868,-0.007968127490039834
2016-06-03,12500,12750,12350,12600,11546,0.012048192771084265
2016-06-07,12600,12600,12350,12450,7474,-0.011904761904761862
2016-06-08,12600,12600,12250,12300,10566,-0.012048192771084376
2016-06-09,12450,12450,11450,11900,22237,-0.03252032520325199
2016-06-10,11850,11900,11550,11900,8479,0.0
2016-06-13,11700,12100,11550,12100,3475,0.01680672268907557
2016-06-14,12000,12000,11700,11800,6408,-0.024793388429752095
2016-06-15,11550,12900,11550,11800,39732,0.0
2016-06-16,11800,12250,11700,11800,10783,0.0
2016-06-17,12150,12450,11800,11950,12083,0.012711864406779627
2016-06-20,11950,14500,11950,14500,139487,0.21338912133891208
2016-06-21,15900,17100,13450,14500,379072,0.0
2016-06-22,13450,13550,12600,12600,84727,-0.13103448275862073
2016-06-23,12300,12850,11600,12000,46956,-0.04761904761904767
2016-06-24,12250,12250,10250,10700,58177,-0.10833333333333328
2016-06-27,10600,10950,10250,10750,16660,0.004672897196261738
2016-06-28,10650,11250,10500,11000,11245,0.023255813953488413
2016-06-29,11100,11250,10700,11000,13132,0.0
2016-06-30,11150,11150,10750,10900,12616,-0.009090909090909038
2016-07-01,11000,11250,10900,11250,8501,0.032110091743119185
2016-07-04,11300,11350,10850,10950,5802,-0.026666666666666616
2016-07-05,10950,11200,10900,11050,5856,0.009132420091324311
2016-07-06,11050,11150,10800,11000,6983,-0.004524886877828038
2016-07-07,10950,11250,10950,11200,7318,0.018181818181818077
2016-07-08,10900,11250,10900,11150,5054,-0.004464285714285698
2016-07-11,11150,11350,11150,11200,7924,0.004484304932735439
2016-07-12,11350,11700,11150,11650,16354,0.0401785714285714
2016-07-13,11750,11950,11500,11750,10181,0.008583690987124415
2016-07-14,11800,11900,11000,11250,25842,-0.04255319148936165
2016-07-15,11250,11400,11050,11100,6250,-0.013333333333333308
2016-07-18,11100,11400,10950,11300,4880,0.018018018018018056
2016-07-19,11400,11400,11250,11300,8047,0.0
2016-07-20,11300,11400,11200,11250,5575,-0.004424778761061954
2016-07-21,11250,11450,11200,11400,6122,0.01333333333333342
2016-07-22,11500,11900,11450,11500,12282,0.00877192982456143
2016-07-25,11500,12200,11500,12000,21572,0.04347826086956519
2016-07-26,12000,12400,11950,12200,15710,0.016666666666666607
2016-07-27,12050,12350,11900,11950,6887,-0.020491803278688492
2016-07-28,11800,12050,11550,11750,9319,-0.01673640167364021
2016-07-29,11750,12050,11550,11750,5989,0.0
2016-08-01,11750,12100,11500,12000,6926,0.02127659574468077
2016-08-02,12100,12350,11900,12250,9427,0.02083333333333326
2016-08-03,12200,12200,11900,12050,4625,-0.01632653061224487
2016-08-04,12250,12250,11900,12100,2452,0.004149377593360981
2016-08-05,12100,12400,12050,12250,7388,0.012396694214876103
2016-08-08,12250,12450,12000,12400,5690,0.012244897959183598
2016-08-09,12300,12550,12150,12550,4676,0.012096774193548487
2016-08-10,12550,12550,11700,12050,14818,-0.03984063745019917
2016-08-11,11850,12200,11800,12050,5600,0.0
2016-08-12,12250,12300,12000,12250,2890,0.016597510373443924
2016-08-16,12250,12250,11900,12150,4634,-0.008163265306122436
2016-08-17,11950,12500,11900,12500,12049,0.028806584362139898
2016-08-18,12500,12750,12350,12700,15407,0.016000000000000014
2016-08-19,12700,12700,12150,12300,16817,-0.03149606299212604
2016-08-22,12250,12550,12150,12550,18336,0.020325203252032464
2016-08-23,12500,12500,12050,12100,9278,-0.03585657370517925
2016-08-24,12050,12350,11900,12300,7073,0.016528925619834656
2016-08-25,12400,12400,12050,12400,4572,0.008130081300812941
2016-08-26,12450,12800,12100,12500,6306,0.008064516129032251
2016-08-29,12650,12650,12100,12250,5177,-0.020000000000000018
2016-08-30,12450,12450,12100,12400,3978,0.012244897959183598
2016-08-31,12400,12500,12100,12500,10354,0.008064516129032251
2016-09-01,12600,14200,12500,13400,93876,0.07200000000000006
2016-09-02,13400,15300,13150,13500,307007,0.00746268656716409
2016-09-05,13650,13700,13150,13700,44059,0.014814814814814836
2016-09-06,13700,14350,13450,13500,48781,-0.014598540145985384
2016-09-07,13500,14150,13050,13900,31175,0.029629629629629672
2016-09-08,14150,14350,13500,13750,25745,-0.010791366906474864
2016-09-09,13800,13950,13200,13250,18099,-0.036363636363636376
2016-09-12,13000,13450,12500,12850,13918,-0.030188679245283012
2016-09-13,12850,13300,12650,12750,13405,-0.0077821011673151474
2016-09-19,13000,13400,12550,13300,9364,0.04313725490196085
2016-09-20,13500,13850,13000,13600,11955,0.022556390977443552
2016-09-21,13700,15900,13650,14950,187519,0.09926470588235303
2016-09-22,15100,15300,14100,14100,45600,-0.05685618729096986
2016-09-23,14150,14400,13800,13950,16738,-0.010638297872340385
2016-09-26,13850,14100,13400,13750,33749,-0.014336917562724039
2016-09-27,13500,14000,13500,14000,7657,0.018181818181818077
2016-09-28,13800,14100,13800,14000,9662,0.0
2016-09-29,13800,14100,13550,13950,13150,-0.0035714285714285587
2016-09-30,13800,13850,13400,13700,7304,-0.017921146953404965
2016-10-04,14000,14000,13350,13900,3309,0.014598540145985384
2016-10-05,13800,14200,13700,13900,8349,0.0
2016-10-06,13800,14150,13600,13950,8142,0.003597122302158251
2016-10-07,13900,14100,13650,14050,9176,0.007168458781362075
2016-10-10,14000,14000,13500,13650,6761,-0.028469750889679735
2016-10-11,13550,13850,13250,13450,6891,-0.0146520146520146
2016-10-12,13250,13600,13200,13550,3867,0.0074349442379182396
2016-10-13,13500,13500,13200,13200,2558,-0.02583025830258301
2016-10-14,13400,13800,13100,13150,13029,-0.0037878787878787845
2016-10-17,13200,13450,13200,13400,3914,0.019011406844106515
2016-10-18,13400,13750,13300,13750,5919,0.026119402985074647
2016-10-19,13950,13950,13500,13800,2762,0.0036363636363636598
2016-10-20,13800,14100,13800,14100,24208,0.021739130434782705
2016-10-21,14000,14400,13650,14400,21584,0.02127659574468077
2016-10-24,14350,14350,13850,14100,10965,-0.02083333333333337
2016-10-25,14100,14200,13650,14000,3309,-0.007092198581560294
2016-10-26,13900,13900,13100,13400,3756,-0.042857142857142816
2016-10-27,13500,13700,13150,13350,4118,-0.003731343283582045
2016-10-28,13350,13700,13250,13350,3656,0.0
2016-10-31,13350,13400,12900,12900,4512,-0.0337078651685393
2016-11-01,12900,13150,12700,12800,5680,-0.007751937984496138
2016-11-02,12950,12950,12250,12250,8656,-0.04296875
2016-11-03,12350,12800,12350,12550,10124,0.02448979591836742
2016-11-04,13000,13200,12700,13100,4961,0.043824701195219085
2016-11-07,13300,13300,12900,12950,3480,-0.011450381679389277
2016-11-08,13000,13600,12900,13050,5296,0.007722007722007707
2016-11-09,12900,13300,12200,12750,12116,-0.02298850574712641
2016-11-10,12900,13250,12900,13250,4447,0.03921568627450989
2016-11-11,13500,13700,13200,13550,2758,0.02264150943396226
2016-11-14,13500,13700,13250,13250,646,-0.022140221402214055
2016-11-15,13250,13800,13250,13550,7397,0.02264150943396226
2016-11-16,13500,13550,13350,13550,4517,0.0
2016-11-17,13450,13450,13050,13200,4698,-0.02583025830258301
2016-11-18,13200,13200,12700,12850,3073,-0.02651515151515149
2016-11-21,12650,12800,12400,12700,5889,-0.011673151750972721
2016-11-22,12800,13500,12800,13200,4695,0.03937007874015741
2016-11-23,13000,13150,12700,12800,7210,-0.030303030303030276
2016-11-24,13000,13000,12450,12850,6078,0.00390625
2016-11-25,12750,12800,12500,12600,4925,-0.01945525291828798
2016-11-28,12300,12650,12100,12350,11556,-0.019841269841269882
2016-11-29,12350,12550,12200,12200,2983,-0.012145748987854255
2016-11-30,12550,12550,12200,12250,6653,0.004098360655737654
2016-12-01,12200,12350,12200,12350,2763,0.008163265306122547
2016-12-02,12350,12350,12000,12150,5112,-0.01619433198380571
2016-12-05,11950,12250,11950,12000,3030,-0.012345679012345734
2016-12-06,12000,12400,12000,12400,914,0.03333333333333344
2016-12-07,12300,12300,12000,12200,3207,-0.016129032258064502
2016-12-08,12150,12650,12150,12450,2647,0.020491803278688492
2016-12-09,12450,12650,12200,12400,4521,-0.004016064257028162
2016-12-12,12400,12650,12300,12550,4247,0.012096774193548487
2016-12-13,12500,12750,12300,12700,5123,0.01195219123505975
2016-12-14,12700,12750,12350,12700,1180,0.0
2016-12-15,12700,12900,12550,12650,2883,-0.003937007874015741
2016-12-16,12650,13200,12450,13100,4294,0.035573122529644285
2016-12-19,13100,13100,12700,12700,2597,-0.03053435114503822
2016-12-20,12700,13050,12650,12800,3069,0.007874015748031482
2016-12-21,12850,13300,12750,13150,3766,0.02734375
2016-12-22,13300,13300,12800,13050,993,-0.0076045627376425395
2016-12-23,13050,13050,12750,12850,3271,-0.01532567049808431
2016-12-26,12700,12750,12550,12750,558,-0.0077821011673151474
2016-12-27,12850,12850,12500,12500,15738,-0.019607843137254943
2016-12-28,12800,12800,12450,12500,2440,0.0
2016-12-29,12500,13100,12500,12850,5330,0.028000000000000025
2017-01-02,12850,13100,12850,12950,6280,0.0077821011673151474
2017-01-03,12750,12950,12600,12600,2642,-0.027027027027026973
2017-01-04,12600,13000,12400,13000,1907,0.031746031746031855
2017-01-05,13000,13050,12750,13000,2628,0.0
2017-01-06,13050,13150,12800,13000,9367,0.0
2017-01-09,13300,13300,12650,12950,2436,-0.0038461538461538325
2017-01-10,12700,13100,12600,13000,7318,0.0038610038610038533
2017-01-11,13000,13050,12700,12700,3566,-0.023076923076923106
2017-01-12,12850,13050,12750,13000,2546,0.023622047244094446
2017-01-13,13050,13200,12700,12800,3970,-0.01538461538461533
2017-01-16,12950,13300,12800,12800,8353,0.0
2017-01-17,12800,13200,12800,13200,5390,0.03125
2017-01-18,13200,13300,13050,13250,5927,0.0037878787878788955
2017-01-19,13350,13350,13100,13250,2160,0.0
2017-01-20,13100,13650,13100,13400,6222,0.01132075471698113
2017-01-23,13700,14000,13550,13900,8919,0.03731343283582089
2017-01-24,14000,14500,13600,13750,22578,-0.010791366906474864
2017-01-25,14000,14450,13800,14050,7850,0.021818181818181737
2017-01-26,14100,14300,13900,14200,1680,0.01067615658362997
2017-01-31,14200,14400,13900,14250,9452,0.0035211267605634866
2017-02-01,14250,14650,13950,14000,13094,-0.01754385964912286
2017-02-02,14000,14250,13850,13950,7629,-0.0035714285714285587
2017-02-03,13950,14300,13850,14100,4560,0.010752688172043001
2017-02-06,13950,14800,13950,14700,10895,0.042553191489361764
2017-02-07,14700,14700,14050,14100,3351,-0.04081632653061229
2017-02-08,14100,14350,13600,13700,3861,-0.028368794326241176
2017-02-09,13700,14200,13700,14200,1627,0.03649635036496357
2017-02-10,14300,15250,14050,14850,21212,0.045774647887323994
2017-02-13,14850,15100,14550,14900,5628,0.0033670033670034627
2017-02-14,14900,14950,14600,14650,3208,-0.016778523489932917
2017-02-15,14650,15850,14650,15800,23133,0.07849829351535842
2017-02-16,15800,15800,15250,15500,7170,-0.01898734177215189
2017-02-17,15500,15750,15200,15500,2515,0.0
2017-02-20,15700,15900,15100,15500,2849,0.0
2017-02-21,15250,15600,15000,15000,7279,-0.032258064516129004
2017-02-22,15000,15200,14500,14900,10349,-0.00666666666666671
2017-02-23,15000,15000,14800,14800,2931,-0.006711409395973145
2017-02-24,14800,15100,14650,15100,6121,0.020270270270270174
2017-02-27,15000,15300,14800,14800,3431,-0.019867549668874163
2017-02-28,15250,15250,14600,15000,6962,0.013513513513513598
2017-03-02,14950,16000,14850,15400,4769,0.026666666666666616
2017-03-03,15400,15400,14600,14800,10911,-0.038961038961038974
2017-03-06,14800,15050,14600,14800,15908,0.0
2017-03-07,15100,15400,14750,15400,981,0.04054054054054057
2017-03-08,15400,15400,14900,15200,5890,-0.012987012987012991
2017-03-09,15850,16400,15350,15750,9864,0.03618421052631571
2017-03-10,15750,15950,14500,15000,8325,-0.04761904761904767
2017-03-13,14950,15400,14850,15250,3889,0.016666666666666607
2017-03-14,15250,15350,14900,15350,1472,0.006557377049180246
2017-03-15,15300,18150,15300,16100,58490,0.04885993485342022
2017-03-16,16300,16300,15750,15800,6782,-0.018633540372670843
2017-03-17,16750,16750,15750,16200,4027,0.025316455696202445
2017-03-20,15900,16250,15700,15800,5576,-0.024691358024691357
2017-03-21,15650,16450,15550,16050,5234,0.015822784810126667
2017-03-22,16100,16600,16000,16150,2426,0.006230529595015577
2017-03-23,16150,16350,15800,16000,1785,-0.009287925696594423
2017-03-24,16250,16250,15000,15800,10293,-0.012499999999999956
2017-03-27,15800,15800,14200,14200,15238,-0.10126582278481011
2017-03-28,14200,14600,13900,14000,6845,-0.014084507042253502
2017-03-29,14250,14450,14200,14250,3095,0.017857142857142794
2017-03-30,14250,14500,13250,14000,10652,-0.01754385964912286
2017-03-31,13900,14150,13750,14000,3267,0.0
2017-04-03,14100,14700,13750,14000,5057,0.0
2017-04-04,14000,14150,13750,14000,4193,0.0
2017-04-05,14150,14250,13750,14000,4407,0.0
2017-04-06,14300,14450,14000,14400,2878,0.02857142857142847
2017-04-07,14300,14450,14100,14300,3847,-0.00694444444444442
2017-04-10,14600,14600,13950,14100,3039,-0.013986013986013957
2017-04-11,14000,14200,14000,14000,2042,-0.007092198581560294
2017-04-12,14000,14200,13900,13900,1420,-0.0071428571428571175
2017-04-13,13900,14300,13750,13850,1929,-0.003597122302158251
2017-04-14,13850,14500,13750,13800,3955,-0.0036101083032491488
2017-04-17,13750,14200,13750,14000,2369,0.01449275362318847
2017-04-18,14150,14350,14000,14250,1934,0.017857142857142794
2017-04-19,14400,14400,13950,14300,2341,0.0035087719298245723
2017-04-20,14450,14450,14050,14350,1196,0.0034965034965035446
2017-04-21,14500,15150,14350,14550,10045,0.013937282229965264
2017-04-24,14550,14750,14550,14650,5783,0.0068728522336769515
2017-04-25,14700,14750,14300,14600,1818,-0.0034129692832765013
2017-04-26,14900,14900,14500,14700,546,0.006849315068493178
2017-04-27,14400,15100,14250,14350,1393,-0.023809523809523836
2017-04-28,14450,14550,14250,14500,1108,0.010452961672473782
2017-05-02,14500,14900,14300,14800,6070,0.020689655172413834
2017-05-04,14900,14950,13750,14300,12888,-0.03378378378378377
2017-05-08,14600,14600,14300,14300,5454,0.0
2017-05-10,14300,14500,14250,14250,1643,-0.0034965034965035446
2017-05-11,14400,14600,14250,14400,2026,0.010526315789473717
2017-05-12,14250,14750,14250,14650,2963,0.01736111111111116
2017-05-15,14800,14800,14400,14600,4410,-0.0034129692832765013
2017-05-16,14700,14700,14050,14300,7117,-0.020547945205479423
2017-05-17,14300,14950,14150,14350,13039,0.0034965034965035446
2017-05-18,14500,14600,14200,14600,3724,0.017421602787456525
2017-05-19,14700,15450,14400,15050,5922,0.03082191780821919
2017-05-22,15200,15350,14750,15050,5820,0.0
2017-05-23,15050,15250,14900,15100,2940,0.0033222591362125353
2017-05-24,15100,15150,14850,15100,2819,0.0
2017-05-25,15100,15500,14900,15100,1376,0.0
2017-05-26,15150,15150,14700,14700,4154,-0.026490066225165587
2017-05-29,14750,15400,14650,15050,2341,0.023809523809523725
2017-05-30,14800,15300,14800,15250,1533,0.013289036544850585
2017-05-31,15250,15450,14850,15400,3772,0.009836065573770592
2017-06-01,15350,15700,14200,14700,14659,-0.045454545454545414
2017-06-02,14700,15100,14700,14900,7186,0.013605442176870763
2017-06-05,14850,15450,14850,15350,7550,0.030201342281879207
2017-06-07,15450,15750,15150,15650,1295,0.019543973941368087
2017-06-08,15500,18150,15200,15450,22896,-0.012779552715655007
2017-06-09,15450,15450,15150,15400,2752,-0.003236245954692518
2017-06-12,15300,15500,15100,15100,2980,-0.01948051948051943
2017-06-13,15100,15400,15050,15100,1586,0.0
2017-06-14,15100,15550,15050,15100,1530,0.0
2017-06-15,15500,15500,15000,15050,1803,-0.0033112582781457123
2017-06-16,15350,15350,15000,15250,6365,0.013289036544850585
2017-06-19,15100,15350,14450,14800,20152,-0.02950819672131144
2017-06-20,14850,15200,14750,15050,4842,0.016891891891891886
2017-06-21,15050,15100,14650,15050,3305,0.0
2017-06-22,15050,15050,14300,14950,3200,-0.006644518272425293
2017-06-23,14950,15100,14850,14950,6140,0.0
2017-06-26,14850,15050,14850,15050,6344,0.006688963210702337
2017-06-27,15000,15100,14850,15050,732,0.0
2017-06-28,14550,15000,14550,15000,2323,-0.0033222591362126463
2017-06-29,15000,15000,14700,15000,978,0.0
2017-06-30,14950,15000,14600,14850,1121,-0.010000000000000009
2017-07-03,14850,15500,14800,15500,11608,0.04377104377104368
2017-07-04,15500,15600,15250,15600,1577,0.006451612903225712
2017-07-05,15600,15700,14900,14900,6321,-0.04487179487179482
2017-07-06,14900,15250,14600,14600,12168,-0.020134228187919434
2017-07-07,14450,14700,14400,14550,3340,-0.003424657534246589
2017-07-10,14750,14750,13750,14100,10823,-0.030927835051546393
2017-07-11,14100,14250,13900,14200,1655,0.007092198581560183
2017-07-12,14200,14250,13800,13850,1568,-0.02464788732394363
2017-07-13,14250,14250,13800,14000,1043,0.010830324909747224
2017-07-14,14000,14000,13650,13900,927,-0.0071428571428571175
2017-07-17,14000,14000,13450,13950,2061,0.003597122302158251
2017-07-18,14000,14000,13300,13550,10573,-0.028673835125448077
2017-07-19,13800,13800,13500,13750,329,0.014760147601476037
2017-07-20,13350,13950,13300,13900,1299,0.01090909090909098
2017-07-21,13950,13950,13600,13950,1814,0.003597122302158251
2017-07-24,14000,14000,13800,14000,1045,0.0035842293906809264
2017-07-25,13750,14000,13750,14000,258,0.0
2017-07-26,14000,14000,13600,13750,1943,-0.017857142857142905
2017-07-27,13300,13750,13300,13650,10807,-0.0072727272727273196
2017-07-28,13500,13700,13350,13500,9514,-0.01098901098901095
2017-07-31,13500,13500,13100,13100,6052,-0.029629629629629672
2017-08-01,13100,13400,13000,13200,2482,0.007633587786259444
2017-08-02,13200,13800,13200,13650,3704,0.03409090909090917
2017-08-03,13550,13700,13450,13450,756,-0.0146520146520146
2017-08-04,13400,13750,13400,13600,650,0.011152416356877248
2017-08-07,13600,13750,13450,13650,868,0.003676470588235281
2017-08-08,13650,13900,13650,13900,2223,0.01831501831501825
2017-08-09,13900,13950,13550,13900,523,0.0
2017-08-10,13900,13900,13350,13750,2667,-0.010791366906474864
2017-08-11,13750,13750,12950,13350,7112,-0.029090909090909056
2017-08-14,13400,13500,13150,13500,3199,0.011235955056179803
2017-08-16,13500,13750,13400,13700,287,0.014814814814814836
2017-08-17,13550,13550,13400,13400,1037,-0.021897810218978075
2017-08-18,13350,13450,13000,13250,2243,-0.011194029850746245
2017-08-21,13350,13350,13150,13150,423,-0.007547169811320753
2017-08-22,13150,13350,12950,13350,680,0.015209125475285079
2017-08-23,13350,13350,12900,13000,4129,-0.02621722846441943
2017-08-24,13100,13100,12750,12900,1231,-0.007692307692307665
2017-08-25,13000,13000,12500,12500,6591,-0.03100775193798455
2017-08-28,12500,13100,12500,12850,2174,0.028000000000000025
2017-08-29,12950,12950,12600,12800,2052,-0.0038910505836575737
2017-08-30,12800,12900,12450,12750,3246,-0.00390625
2017-08-31,12750,12750,12050,12050,14187,-0.05490196078431375
2017-09-01,12250,12500,11800,12400,8128,0.029045643153526868
2017-09-04,12150,12400,11750,12200,10931,-0.016129032258064502
2017-09-05,12350,12350,11900,12050,5757,-0.012295081967213073
2017-09-06,12150,12400,11850,12000,5092,-0.004149377593360981
2017-09-07,12000,12450,11900,12350,3998,0.029166666666666563
2017-09-08,12350,12500,12100,12400,1339,0.004048582995951344
2017-09-11,12600,12600,12200,12300,1766,-0.008064516129032251
2017-09-12,12500,12500,11950,11950,2959,-0.028455284552845517
2017-09-13,12150,12150,11650,11800,4233,-0.012552301255230103
2017-09-14,12000,12000,11600,11900,3333,0.008474576271186418
2017-09-15,11850,12250,11850,12200,4483,0.025210084033613356
2017-09-18,11950,12300,11700,12200,10436,0.0
2017-09-19,12200,12200,11900,12150,4376,-0.004098360655737654
2017-09-20,12150,12150,11850,11850,10150,-0.024691358024691357
2017-09-21,11850,11950,11850,11900,303,0.00421940928270037
2017-09-22,11900,12100,11400,11800,17484,-0.008403361344537785
2017-09-25,11800,11850,11600,11850,1789,0.004237288135593209
2017-09-26,11700,11900,11450,11700,2713,-0.012658227848101222
2017-09-27,11700,11750,11400,11500,9343,-0.017094017094017144
2017-09-28,11750,11850,11400,11400,2871,-0.008695652173912993
2017-09-29,11400,11750,11400,11550,2238,0.013157894736842035
2017-10-10,11750,12050,11600,12050,1655,0.04329004329004338
2017-10-11,12050,12350,12000,12250,2117,0.016597510373443924
2017-10-12,12350,12650,12250,12550,1356,0.02448979591836742
2017-10-13,12600,12600,12100,12400,540,-0.01195219123505975
2017-10-16,12400,12400,12100,12250,779,-0.012096774193548376
2017-10-17,12450,12450,12100,12150,381,-0.008163265306122436
2017-10-18,12400,12400,11950,12150,5593,0.0
2017-10-19,12250,12250,11600,11800,5255,-0.028806584362139898
2017-10-20,11900,12000,11700,11900,719,0.008474576271186418
2017-10-23,11750,11850,11700,11750,3022,-0.012605042016806678
2017-10-24,11950,11950,11650,11800,5716,0.004255319148936065
2017-10-25,12000,12150,11750,12150,722,0.029661016949152463
2017-10-26,12200,12200,11800,11800,377,-0.028806584362139898
2017-10-27,12150,12150,11800,12000,545,0.016949152542372836
2017-10-30,12100,12200,11850,12200,430,0.016666666666666607
2017-10-31,12200,12200,11850,11900,227,-0.024590163934426257
2017-11-01,12200,12300,11850,12250,4404,0.02941176470588225
2017-11-02,12300,12950,12150,12400,5171,0.012244897959183598
2017-11-03,12400,12400,12200,12400,472,0.0
2017-11-06,12350,12500,12200,12500,1020,0.008064516129032251
2017-11-07,12550,12550,12350,12550,1607,0.0040000000000000036
2017-11-08,12600,12650,12350,12350,1021,-0.015936254980079667
2017-11-09,12550,12550,12300,12450,1496,0.00809716599190291
2017-11-10,12600,12600,12300,12300,2318,-0.012048192771084376
2017-11-13,12500,12500,12050,12250,606,-0.004065040650406471
2017-11-14,12450,12500,12200,12450,547,0.01632653061224487
2017-11-15,12600,12600,12150,12500,4394,0.004016064257028162
2017-11-16,12400,12400,12200,12350,1253,-0.01200000000000001
2017-11-17,12050,12300,12050,12300,1268,-0.004048582995951455
2017-11-20,12400,12450,12100,12250,897,-0.004065040650406471
2017-11-21,12200,12300,12150,12300,1007,0.004081632653061273
2017-11-22,12300,12300,12000,12200,1557,-0.008130081300813052
2017-11-23,12350,12350,12000,12300,3164,0.008196721311475308
2017-11-24,12450,12450,11600,12150,22343,-0.012195121951219523
2017-11-27,12100,12400,11950,12350,3210,0.016460905349794164
2017-11-28,12450,12450,12050,12350,1512,0.0
2017-11-29,12400,12400,12000,12000,538,-0.028340080971659964
2017-11-30,11950,12300,11950,11950,722,-0.004166666666666652
2017-12-01,12150,12150,11750,11900,3160,-0.004184100418409997
2017-12-04,11950,11950,11650,11950,3567,0.004201680672268893
2017-12-05,11950,12000,11700,11750,2944,-0.01673640167364021
2017-12-06,11900,12150,11700,12050,4294,0.025531914893617058
2017-12-07,12100,12100,11700,11800,7742,-0.020746887966805017
2017-12-08,11800,12150,11700,11850,1955,0.004237288135593209
2017-12-11,11850,11900,11750,11900,429,0.00421940928270037
2017-12-12,11800,12000,11650,11800,2067,-0.008403361344537785
2017-12-13,11950,11950,11850,11950,134,0.012711864406779627
2017-12-14,11950,12200,11950,12100,453,0.012552301255230214
2017-12-15,11950,12150,11850,11900,1829,-0.016528925619834656
2017-12-18,12200,12200,11900,12150,2603,0.021008403361344463
2017-12-19,12200,12400,11900,12200,1803,0.004115226337448652
2017-12-20,12350,12350,11950,12250,2375,0.004098360655737654
2017-12-21,12300,12400,12150,12150,1512,-0.008163265306122436
2017-12-22,11950,12150,11800,12000,2790,-0.012345679012345734
2017-12-26,12000,12050,11700,11700,2695,-0.025000000000000022
2017-12-27,11850,12000,11650,11650,588,-0.004273504273504258
2017-12-28,11600,11950,11600,11950,462,0.025751072961373467
2018-01-02,12000,12100,11650,11950,1624,0.0
2018-01-03,11950,12100,11700,12000,1643,0.004184100418409997
2018-01-04,11800,12050,11700,11800,2521,-0.01666666666666672
2018-01-05,11800,11850,11650,11700,2133,-0.008474576271186418
2018-01-08,11800,11800,11500,11750,3558,0.004273504273504258
2018-01-09,11750,11900,11200,11700,5963,-0.004255319148936176
2018-01-10,11800,11850,11300,11700,3783,0.0
2018-01-11,11650,12000,11650,11900,1828,0.017094017094017033
2018-01-12,12000,12250,11750,12000,2582,0.008403361344537785
2018-01-15,12000,12100,11650,12000,2682,0.0
2018-01-16,12200,12300,11950,12200,4149,0.016666666666666607
2018-01-17,12200,12350,11750,12300,21459,0.008196721311475308
2018-01-18,12050,12450,12050,12300,4894,0.0
2018-01-19,12100,13250,12050,12700,17997,0.03252032520325199
2018-01-22,12950,12950,12400,12700,6080,0.0
2018-01-23,12750,12900,12550,12700,7433,0.0
2018-01-24,12550,12950,12550,12750,8520,0.003937007874015741
2018-01-25,12950,12950,12400,12550,3669,-0.015686274509803977
2018-01-26,12650,12700,12500,12650,2377,0.007968127490039834
2018-01-29,12650,12900,12100,12700,10661,0.0039525691699604515
2018-01-30,12550,12800,12450,12800,3093,0.007874015748031482
2018-01-31,12800,12800,12300,12500,6459,-0.0234375
2018-02-01,12500,12700,12000,12200,15788,-0.02400000000000002
2018-02-02,12200,12650,12100,12150,6695,-0.004098360655737654
2018-02-05,12350,14700,12350,13500,94612,0.11111111111111116
2018-02-06,13500,13600,12600,13600,24219,0.007407407407407307
2018-02-07,14000,14600,13550,13600,39091,0.0
2018-02-08,13650,14100,13250,13600,15974,0.0
2018-02-09,13600,13600,13050,13450,10901,-0.011029411764705843
2018-02-12,13450,13450,13100,13100,5344,-0.026022304832713727
2018-02-13,13250,13650,13150,13500,6488,0.03053435114503822
2018-02-14,13500,14450,13500,14450,26467,0.07037037037037042
2018-02-19,14600,15200,14550,14600,33537,0.01038062283737018
2018-02-20,14900,15450,14550,15200,22095,0.041095890410958846
2018-02-21,15200,15200,14350,14650,12129,-0.03618421052631582
2018-02-22,14650,14750,14200,14650,9713,0.0
2018-02-23,14900,15100,14250,14500,14949,-0.010238907849829393
2018-02-26,15000,15250,14550,15100,21751,0.04137931034482767
2018-02-27,15200,15800,14900,15750,16563,0.04304635761589415
2018-02-28,15300,16000,15300,15700,12927,-0.0031746031746031633
2018-03-02,15500,16350,15500,16050,16847,0.022292993630573354
2018-03-05,16000,16600,15950,16400,13043,0.02180685358255441
2018-03-06,16450,16900,16050,16500,17744,0.0060975609756097615
2018-03-07,16450,16450,13850,14250,77446,-0.13636363636363635
2018-03-08,14000,14450,13150,14200,37441,-0.0035087719298245723
2018-03-09,14450,15450,13800,15450,22772,0.0880281690140845
2018-03-12,15100,15700,14800,15600,11507,0.009708737864077666
2018-03-13,15600,15600,15050,15350,11217,-0.01602564102564108
2018-03-14,15350,15500,14700,15450,13792,0.006514657980456029
2018-03-15,15450,15450,14950,14950,16015,-0.032362459546925515
2018-03-16,14800,15100,14150,14350,23212,-0.04013377926421402
2018-03-19,14350,14350,13550,14150,29341,-0.013937282229965153
2018-03-20,14250,14600,13850,14400,10428,0.0176678445229681
2018-03-21,14100,14850,13950,14600,16714,0.01388888888888884
2018-03-22,14400,14750,14050,14300,6947,-0.020547945205479423
2018-03-23,14650,14700,13800,13950,9267,-0.02447552447552448
2018-03-26,14250,14250,13250,13650,4840,-0.021505376344086002
2018-03-27,14000,14000,13650,13900,3444,0.01831501831501825
2018-03-28,14150,15500,13950,14700,23350,0.05755395683453246
2018-03-29,14750,15100,14450,14850,4252,0.010204081632652962
2018-03-30,14850,14950,14250,14450,6996,-0.026936026936026924
2018-04-02,14450,14550,13800,14000,17089,-0.03114186851211076
2018-04-03,13750,14000,13750,13950,2991,-0.0035714285714285587
2018-04-04,13900,14700,13500,14000,12482,0.0035842293906809264
2018-04-05,14000,14350,13850,14150,3670,0.010714285714285676
2018-04-06,14300,14300,13700,13700,5909,-0.03180212014134276
2018-04-09,13700,14000,13600,13700,2795,0.0
2018-04-10,13500,13950,13300,13350,5174,-0.025547445255474477
2018-04-11,13500,13500,12800,13200,11691,-0.011235955056179803
2018-04-12,13050,13400,12950,13100,8045,-0.007575757575757569
2018-04-13,12950,13700,12950,13350,5224,0.01908396946564883
2018-04-16,13200,14600,13200,14100,25462,0.05617977528089879
2018-04-17,14250,15100,14250,14750,34185,0.046099290780141855
2018-04-18,15000,15500,14450,14550,10358,-0.013559322033898313
2018-04-19,14600,16200,14600,15600,54458,0.07216494845360821
2018-04-20,15600,18900,15200,17500,246111,0.1217948717948718
2018-04-23,18300,21500,17750,19650,212649,0.12285714285714278
2018-04-24,20000,20000,17650,18200,69535,-0.07379134860050895
2018-04-25,18000,19750,17900,19050,63987,0.04670329670329676
2018-04-26,19000,19750,18600,18900,41116,-0.007874015748031482
2018-04-27,18100,18650,17350,17500,69122,-0.07407407407407407
2018-04-30,18600,20400,18400,19150,197892,0.0942857142857143
2018-05-02,19600,21500,19200,21000,170571,0.0966057441253263
2018-05-03,21000,21100,18600,19000,57497,-0.09523809523809523
2018-05-04,18850,20350,18600,19800,51943,0.042105263157894646
2018-05-08,19400,19550,17950,18150,34033,-0.08333333333333337
2018-05-09,18150,18850,17300,18600,25642,0.024793388429751984
2018-05-10,19050,24150,19050,24150,151123,0.2983870967741935
2018-05-11,27750,30800,25650,28000,717008,0.1594202898550725
2018-05-14,31000,31500,28400,28650,398685,0.023214285714285632
2018-05-15,28800,30500,27300,29650,140354,0.034904013961605695
2018-05-16,26650,28400,25850,26950,133972,-0.0910623946037099
2018-05-17,26950,28950,26650,27800,95662,0.03153988868274582
2018-05-18,27650,28150,26300,27400,63456,-0.014388489208633115
2018-05-21,27000,29000,26400,28750,61983,0.0492700729927007
2018-05-23,29000,29000,26850,27150,82110,-0.055652173913043446
2018-05-24,27450,27600,25950,26450,62069,-0.025782688766114226
2018-05-25,22000,23700,22000,22350,105238,-0.15500945179584125
2018-05-28,26000,28500,25600,27750,173492,0.24161073825503365
2018-05-29,27600,27600,25450,26100,69766,-0.05945945945945941
2018-05-30,26850,26850,25350,26300,55682,0.00766283524904221
2018-05-31,26400,31000,26400,27550,179809,0.04752851711026618
2018-06-01,31550,31900,26750,27650,224494,0.003629764065335772
2018-06-04,28800,29000,26150,26450,89597,-0.04339963833634719
2018-06-05,26000,26900,25000,26500,63704,0.001890359168241984
2018-06-07,26000,27000,25600,25600,32685,-0.03396226415094339
2018-06-08,29600,30500,25700,25900,335057,0.01171875
2018-06-11,25900,27200,25350,27000,68021,0.042471042471042386
2018-06-12,27400,27850,24800,25900,60128,-0.040740740740740744
2018-06-14,24850,25050,22750,22750,65455,-0.1216216216216216
2018-06-15,22450,24400,22400,22700,38146,-0.00219780219780219
2018-06-18,22700,23900,22550,22800,41958,0.004405286343612369
2018-06-19,23150,23750,22550,22800,23117,0.0
2018-06-20,22300,26200,22300,24900,84866,0.09210526315789469
2018-06-21,24900,25100,22800,22800,44010,-0.08433734939759041
2018-06-22,23300,23550,21200,21550,33115,-0.054824561403508776
2018-06-25,20700,21900,20300,21000,28287,-0.025522041763341052
2018-06-26,20500,21800,20050,20250,40502,-0.0357142857142857
2018-06-27,21200,21200,17500,17550,130517,-0.1333333333333333
2018-06-28,17350,18200,17150,17400,42966,-0.008547008547008517
2018-06-29,18000,18600,17650,18100,61851,0.04022988505747116
2018-07-02,18300,18400,15900,16400,43003,-0.09392265193370164
2018-07-03,17350,17350,16000,16950,25357,0.03353658536585358
2018-07-04,16650,17150,16200,16200,14854,-0.04424778761061943
2018-07-05,16200,16700,15650,16150,16909,-0.0030864197530864335
2018-07-06,16250,18200,16050,17150,48294,0.0619195046439629
2018-07-09,16500,16500,15400,15850,30280,-0.07580174927113703
2018-07-10,16300,16700,15950,16150,17981,0.018927444794952786
2018-07-11,16150,17000,15950,16700,27021,0.034055727554179516
2018-07-12,16650,17300,16300,16500,19743,-0.0119760479041916
2018-07-13,17100,17650,16750,17550,13629,0.06363636363636371
2018-07-16,17700,18000,16950,17000,13815,-0.031339031339031376
2018-07-17,17200,17200,16600,16950,5776,-0.002941176470588225
2018-07-18,17050,17300,15700,15700,24560,-0.07374631268436582
2018-07-19,15700,15900,15200,15600,23857,-0.006369426751592355
2018-07-20,15700,16150,15500,16150,15344,0.03525641025641035
2018-07-23,15700,16100,14950,14950,12489,-0.07430340557275539
2018-07-24,15200,16750,15000,16100,29400,0.07692307692307687
2018-07-25,15900,17400,14900,16500,83799,0.024844720496894457
2018-07-26,16150,17500,16100,17000,40805,0.030303030303030276
2018-07-27,17250,17500,16550,16800,14370,-0.0117647058823529
2018-07-30,16650,17400,16600,16850,8197,0.0029761904761904656
2018-07-31,17000,17150,16250,16550,9386,-0.017804154302670572
2018-08-01,16650,16850,16500,16550,6271,0.0
2018-08-02,16550,17800,16000,16900,46151,0.02114803625377637
2018-08-03,16900,17500,16900,17150,6281,0.014792899408283988
2018-08-06,17150,17150,16800,17050,6400,-0.005830903790087438
2018-08-07,17050,17700,16650,16850,9363,-0.011730205278592365
2018-08-08,16850,17250,16700,16800,7630,-0.0029673590504450953
2018-08-09,16750,16750,16300,16550,16827,-0.014880952380952328
2018-08-10,17050,20150,16900,17700,165819,0.06948640483383683
2018-08-13,18350,18500,16750,16800,52090,-0.05084745762711862
2018-08-14,16500,17400,16300,17150,19567,0.02083333333333326
2018-08-16,18050,18050,16450,16850,71014,-0.017492711370262426
2018-08-17,17150,17950,16700,17200,65893,0.020771513353115667
2018-08-20,17000,17300,16750,16850,26332,-0.02034883720930236
2018-08-21,16900,17450,16900,17400,23293,0.03264094955489605
2018-08-22,17550,17800,17150,17450,23269,0.002873563218390718
2018-08-23,17450,22000,17450,18700,617357,0.07163323782234965
2018-08-24,18600,20950,18600,19900,274158,0.06417112299465244
2018-08-27,18500,19150,18050,18400,121075,-0.07537688442211055
2018-08-28,18450,18800,17700,18000,53010,-0.021739130434782594
2018-08-29,17700,18250,17500,18050,43282,0.002777777777777768
2018-08-30,18100,18800,18000,18100,54334,0.0027700831024930483
2018-08-31,17900,18450,17700,18300,31002,0.011049723756906049
2018-09-03,18850,18900,18050,18600,49048,0.016393442622950838
2018-09-04,18550,18800,18400,18700,43890,0.005376344086021501
2018-09-05,18650,19000,18000,18050,44027,-0.03475935828877008
2018-09-06,18250,18600,17200,17450,68017,-0.03324099722991691
2018-09-07,17400,18350,17400,18000,31195,0.03151862464183375
2018-09-10,18500,23400,18100,23400,709971,0.30000000000000004
2018-09-11,25000,26000,22600,23500,630525,0.004273504273504258
2018-09-12,23200,23500,21950,23100,181100,-0.017021276595744705
2018-09-13,22750,24850,22300,23000,237481,-0.0043290043290042934
2018-09-14,22500,23450,22450,23200,92503,0.008695652173912993
2018-09-17,23250,23550,21900,22300,87961,-0.03879310344827591
2018-09-18,22100,24200,21500,21950,184268,-0.015695067264574036
2018-09-19,22150,22550,20400,20800,107073,-0.05239179954441908
2018-09-20,21400,22150,20500,20850,77180,0.0024038461538462563
2018-09-21,20850,22050,20700,21400,62279,0.026378896882494063
2018-09-27,22100,22100,20450,20950,44084,-0.0210280373831776
2018-09-28,20950,20950,19550,20000,48489,-0.04534606205250602
2018-10-01,20300,20800,19750,20100,38212,0.004999999999999893
2018-10-02,19550,20400,19500,19800,33333,-0.014925373134328401
2018-10-04,20200,20600,19750,19900,56376,0.005050505050504972
2018-10-05,19700,19900,18900,19300,40771,-0.03015075376884424
2018-10-08,19350,19600,19100,19200,17358,-0.005181347150259086
2018-10-10,18700,18950,16850,17050,74953,-0.11197916666666663
2018-10-11,15900,16850,15650,15900,47509,-0.06744868035190621
2018-10-12,15200,16650,15200,16200,45713,0.018867924528301883
2018-10-15,16600,16950,15750,16000,35327,-0.012345679012345734
2018-10-16,15950,16600,15950,16400,18580,0.02499999999999991
2018-10-17,16850,17500,16500,16900,37031,0.030487804878048808
2018-10-18,16900,17450,16700,16800,22718,-0.00591715976331364
2018-10-19,16450,17100,16400,16850,11790,0.0029761904761904656
2018-10-22,16500,16500,15800,16200,14755,-0.03857566765578635
2018-10-23,16300,16300,15500,15700,19131,-0.030864197530864224
2018-10-24,15950,16300,14750,15000,32537,-0.04458598726114649
2018-10-25,14650,15000,14250,14600,25240,-0.026666666666666616
2018-10-26,15000,15000,13500,13500,24246,-0.07534246575342463
2018-10-29,13400,13800,11800,11800,27372,-0.12592592592592589
2018-10-30,11050,12650,11050,12600,28156,0.06779661016949157
2018-10-31,12400,13300,12300,12650,15750,0.003968253968253954
2018-11-01,12900,13450,12800,13000,15286,0.027667984189723382
2018-11-02,13100,13650,13050,13550,21380,0.04230769230769238
2018-11-05,13550,13900,12950,13750,10752,0.014760147601476037
2018-11-06,14000,14050,13350,13750,10027,0.0
2018-11-07,13900,14400,13000,13150,25112,-0.043636363636363584
2018-11-08,13500,13700,13100,13400,17023,0.019011406844106515
2018-11-09,13250,13650,12900,13250,13285,-0.011194029850746245
2018-11-12,12850,13150,12550,12850,10379,-0.030188679245283012
2018-11-13,12350,13200,12200,13000,12653,0.011673151750972721
2018-11-14,13250,13450,12900,12900,7549,-0.007692307692307665
2018-11-15,12900,13300,12800,13250,5814,0.027131782945736482
2018-11-16,13400,15600,13200,14200,92176,0.07169811320754715
2018-11-19,14300,15400,14200,14650,18262,0.03169014084507049
2018-11-20,14950,15300,13950,14450,18316,-0.013651877133105783
2018-11-21,14450,14800,14000,14500,11879,0.0034602076124568004
2018-11-22,15400,15500,14400,14500,20176,0.0
2018-11-23,14700,16350,14500,15200,89898,0.048275862068965614
2018-11-26,16600,19750,16150,19750,118886,0.29934210526315796
2018-11-27,20900,22000,18650,19350,1145024,-0.020253164556962022
2018-11-28,19350,20850,18850,19900,403201,0.028423772609819098
2018-11-29,22150,23450,19900,20000,541736,0.005025125628140614
2018-11-30,19550,20650,18750,19700,182098,-0.015000000000000013
2018-12-03,20000,20250,19050,19200,107208,-0.025380710659898442
2018-12-04,19400,21000,19250,20300,236430,0.05729166666666674
2018-12-05,19450,20900,19450,20350,183206,0.0024630541871921707
2018-12-06,20050,20300,18800,19050,96232,-0.06388206388206386
2018-12-07,19400,20700,19350,20450,144168,0.0734908136482939
2018-12-10,19450,20450,19000,19050,81643,-0.06845965770171147
2018-12-11,18800,19050,17500,18250,75879,-0.04199475065616798
2018-12-12,18000,18800,17400,18250,71090,0.0
2018-12-13,18000,19300,18000,19000,70413,0.041095890410958846
2018-12-14,20000,20000,18200,19250,86152,0.013157894736842035
2018-12-17,18700,19050,18100,18400,34769,-0.04415584415584417
2018-12-18,17650,18600,17550,17700,43593,-0.03804347826086951
2018-12-19,17750,18350,17550,18250,30481,0.031073446327683607
2018-12-20,18100,18850,17900,18300,50706,0.00273972602739736
2018-12-21,18500,18950,18150,18900,40516,0.032786885245901676
2018-12-24,19150,19200,18050,18650,34186,-0.013227513227513255
2018-12-26,18100,18200,17650,17650,36663,-0.0536193029490617
2018-12-27,17800,18150,17500,17750,28919,0.0056657223796034994
2018-12-28,17750,18150,17500,18050,22513,0.016901408450704203
2019-01-02,18150,18300,16400,16550,60090,-0.08310249307479223
2019-01-03,16700,17300,15600,16550,74388,0.0
2019-01-04,16550,16550,15800,16200,32118,-0.02114803625377648
2019-01-07,16300,16950,16200,16900,45276,0.043209876543209846
2019-01-08,16900,19300,16650,18050,192221,0.06804733727810652
2019-01-09,18150,19400,18150,18900,100379,0.047091412742382266
2019-01-10,18900,19100,18200,18950,42411,0.002645502645502562
2019-01-11,19250,19450,18650,19450,36213,0.02638522427440626
2019-01-14,19900,20000,19300,19550,44298,0.005141388174807249
2019-01-15,25400,25400,25400,25400,85548,0.29923273657288996
2019-01-16,33000,33000,33000,33000,34521,0.29921259842519676
2019-01-17,42900,42900,38950,40700,1824208,0.2333333333333334
2019-01-18,39800,42900,38100,42000,914564,0.03194103194103204
2019-01-21,44100,44700,39950,42300,430142,0.0071428571428571175
2019-01-22,41350,47300,40500,44500,692342,0.05200945626477549
2019-01-23,41200,41850,38550,41650,513693,-0.06404494382022474
2019-01-24,41700,43400,40000,42150,293674,0.01200480192076836
2019-01-25,41100,42800,40800,41250,160867,-0.02135231316725983
2019-01-28,40550,44000,40250,44000,334573,0.06666666666666665
2019-01-29,43300,43750,40950,41750,249413,-0.051136363636363646
2019-01-30,42400,44150,41350,41650,261937,-0.0023952095808382756
2019-01-31,41750,42200,38000,41400,258893,-0.00600240096038418
2019-02-01,41400,42800,39500,42400,307189,0.024154589371980784
2019-02-07,42650,44300,41400,44100,222284,0.04009433962264142
2019-02-08,43100,47400,42600,45450,315616,0.030612244897959107
2019-02-11,44400,45750,44000,45450,121586,0.0
2019-02-12,43800,44250,40900,41350,259610,-0.09020902090209026
2019-02-13,40650,41450,37000,37000,249520,-0.10519951632406288
2019-02-14,37350,37350,33150,34450,392706,-0.06891891891891888
2019-02-15,34400,36150,34000,34800,205251,0.010159651669085612
2019-02-18,35500,36500,34450,34800,189188,0.0
2019-02-19,34550,35050,32950,33500,181919,-0.03735632183908044
2019-02-20,34100,35050,32300,32650,193554,-0.025373134328358193
2019-02-21,32750,33050,31150,31500,163443,-0.03522205206738127
2019-02-22,31750,33350,31500,32500,120970,0.031746031746031855
2019-02-25,33000,33300,31150,31550,78492,-0.029230769230769282
2019-02-26,32250,39100,31600,36000,1511927,0.1410459587955626
2019-02-27,35900,37550,35150,36200,321495,0.005555555555555536
2019-02-28,36200,36450,27000,27000,425304,-0.2541436464088398
2019-03-04,24700,26950,24050,25600,357294,-0.051851851851851816
2019-03-05,25800,27500,25350,26700,213073,0.04296875
2019-03-06,26650,27500,25250,26000,119141,-0.02621722846441943
2019-03-07,25500,26100,24900,25450,64291,-0.02115384615384619
2019-03-08,24800,26200,24750,26200,77067,0.02946954813359537
2019-03-11,26000,27400,25700,27050,94478,0.03244274809160297
2019-03-12,27150,28000,26700,27000,93417,-0.001848428835489857
2019-03-13,27150,27400,26800,26900,37314,-0.0037037037037036535
2019-03-14,26900,27900,26700,27150,36749,0.009293680297397744
2019-03-15,27150,27350,23350,24550,160464,-0.09576427255985265
2019-03-18,24950,26700,24650,25950,72083,0.05702647657841142
2019-03-19,25950,27050,25800,26450,39256,0.019267822736030782
2019-03-20,26950,26950,25350,25450,35471,-0.03780718336483935
2019-03-21,25450,26000,25300,25750,33816,0.011787819253438192
2019-03-22,25500,26150,24900,25950,26019,0.007766990291262044
2019-03-25,25350,26750,25350,26500,50244,0.021194605009633882
2019-03-26,27000,27200,26150,26600,24960,0.0037735849056603765
2019-03-27,26800,26800,25600,25600,27469,-0.03759398496240607
2019-03-28,25600,26000,24750,24950,19888,-0.025390625
2019-03-29,24950,27350,24650,27100,141239,0.08617234468937873
2019-04-01,27650,28100,26900,27350,52316,0.009225092250922495
2019-04-02,27750,27850,27200,27400,33842,0.001828153564899404
2019-04-03,28100,29600,27650,28850,96969,0.05291970802919699
2019-04-04,28900,29750,27750,27900,90890,-0.032928942807625705
2019-04-05,28100,29500,28100,28950,71022,0.037634408602150504
2019-04-08,29200,29400,27800,28150,48637,-0.02763385146804831
2019-04-09,28000,28300,27250,28100,27157,-0.001776198934280604
2019-04-10,28250,28300,27400,28150,51874,0.001779359430605032
2019-04-11,28200,29300,28000,28650,71497,0.017761989342806483
2019-04-12,27200,27750,26750,27150,95442,-0.05235602094240843
2019-04-15,27950,27950,27150,27250,29620,0.0036832412523020164
2019-04-16,27000,28650,26900,27450,54996,0.007339449541284404
2019-04-17,27450,27450,27050,27300,28122,-0.005464480874316946
2019-04-18,27150,27400,26750,27000,35874,-0.01098901098901095
2019-04-19,27250,27400,26500,26700,20832,-0.011111111111111072
2019-04-22,27150,27150,26100,26250,17372,-0.016853932584269704
2019-04-23,26350,26350,25500,26350,17092,0.003809523809523707
2019-04-24,26350,26850,26000,26200,12183,-0.005692599620493399
2019-04-25,26300,26300,25200,25500,18930,-0.026717557251908386
2019-04-26,25900,26200,25300,25950,14521,0.01764705882352935
2019-04-29,26250,26250,24700,25000,21109,-0.036608863198458574
2019-04-30,24900,25250,24250,24600,16433,-0.016000000000000014
2019-05-02,24600,25150,24550,24750,9570,0.0060975609756097615
2019-05-03,24750,25200,24600,24950,7379,0.008080808080808133
2019-05-07,24450,25250,24150,24700,17455,-0.01002004008016033
2019-05-08,25250,25850,24750,24850,13804,0.006072874493927127
2019-05-09,24850,26000,23650,24050,20899,-0.03219315895372232
2019-05-10,23800,24150,23050,23400,19801,-0.027027027027026973
2019-05-13,23400,23900,22900,22900,16081,-0.021367521367521403
2019-05-14,22500,23850,22000,22750,27921,-0.0065502183406113135
2019-05-15,23850,24400,22500,22900,27862,0.00659340659340657
2019-05-16,23500,24700,23200,23350,21219,0.01965065502183405
2019-05-17,23350,24250,23350,23700,12586,0.01498929336188426
2019-05-20,24000,24250,22450,22850,26214,-0.03586497890295359
2019-05-21,23250,23250,22450,22750,8318,-0.004376367614879695
2019-05-22,23200,23200,22500,22800,6259,0.00219780219780219
2019-05-23,22450,23450,22200,22400,20221,-0.01754385964912286
2019-05-24,22300,22300,19600,19650,103364,-0.1227678571428571
2019-05-27,19900,20200,19450,19750,22609,0.0050890585241729624
2019-05-28,20200,21250,19750,20550,36459,0.040506329113924044
2019-05-29,20250,20650,20250,20450,9720,-0.0048661800486617945
2019-05-30,20450,20800,19850,19900,12560,-0.02689486552567233
2019-05-31,19850,20950,19850,20700,11788,0.04020100502512558
2019-06-03,20800,21000,20300,20750,11376,0.0024154589371980784
2019-06-04,20550,21150,19900,20700,6655,-0.002409638554216831
2019-06-05,21000,21100,20200,20600,7060,-0.004830917874396157
2019-06-07,20850,21550,20300,21550,14572,0.04611650485436902
2019-06-10,21650,22700,21100,22550,20812,0.04640371229698381
2019-06-11,22950,23300,22000,23050,18720,0.022172949002217335
2019-06-12,24100,25500,23400,23900,72197,0.03687635574837311
2019-06-13,23900,24200,23400,24100,15854,0.008368200836819994
2019-06-14,24300,24600,23850,24600,25165,0.020746887966804906
2019-06-17,24600,25350,24000,24550,22924,-0.002032520325203291
2019-06-18,24600,24800,23800,23850,15040,-0.02851323828920571
2019-06-19,24200,25500,24050,25000,39350,0.048218029350104885
2019-06-20,25000,25250,24800,24850,17586,-0.006000000000000005
2019-06-21,25150,25150,24000,24150,14753,-0.028169014084507005
2019-06-24,25400,27400,24400,26300,116140,0.08902691511387162
2019-06-25,26050,27450,25550,25650,64028,-0.024714828897338448
2019-06-26,25650,25950,24400,25100,23377,-0.021442495126705707
2019-06-27,24850,26200,23900,23900,42714,-0.047808764940239
2019-06-28,23750,24350,23000,23700,19962,-0.008368200836820106
2019-07-01,26900,26950,25000,26500,75575,0.1181434599156117
2019-07-02,26450,26900,24500,25750,37379,-0.028301886792452824
2019-07-03,25500,25900,23000,23700,51883,-0.07961165048543695
2019-07-04,23700,24350,23600,23600,18230,-0.00421940928270037
2019-07-05,23900,24150,23400,23700,11952,0.004237288135593209
2019-07-08,23350,23700,21750,22000,19167,-0.07172995780590719
2019-07-09,21400,22000,20750,20800,31658,-0.054545454545454564
2019-07-10,20750,21500,20550,21100,9659,0.014423076923076872
2019-07-11,21500,22600,21100,22350,21152,0.05924170616113744
2019-07-12,22000,22600,21500,22300,19088,-0.0022371364653244186
2019-07-15,22350,22800,21950,22100,7656,-0.008968609865470878
2019-07-16,21800,22450,21400,21400,10963,-0.03167420814479638
2019-07-17,21450,21600,20400,20600,15173,-0.03738317757009346
2019-07-18,20400,21050,20200,20500,7701,-0.004854368932038833
2019-07-19,20800,21900,20700,21200,15506,0.034146341463414664
2019-07-22,20750,21750,20750,21050,5466,-0.007075471698113178
2019-07-23,21300,21800,21000,21150,7779,0.004750593824228044
2019-07-24,21650,21650,20300,20400,11590,-0.03546099290780147
2019-07-25,20050,20350,18850,19900,22557,-0.02450980392156865
2019-07-26,19350,19850,18750,18900,20290,-0.05025125628140703
2019-07-29,18850,18900,17300,17300,24302,-0.08465608465608465
2019-07-30,17000,18400,17000,17800,26368,0.028901734104046284
2019-07-31,17800,18400,17350,18400,15331,0.03370786516853941
2019-08-01,18600,18600,17500,17900,4597,-0.02717391304347827
2019-08-02,17800,18150,17300,18000,8744,0.005586592178770999
2019-08-05,17450,17800,15600,15800,39995,-0.12222222222222223
2019-08-06,15250,16550,14800,15550,24681,-0.015822784810126556
2019-08-07,15250,16100,15100,15500,32608,-0.003215434083601254
2019-08-08,15950,16850,15700,16600,18751,0.07096774193548394
2019-08-09,17450,17500,16600,17150,13990,0.033132530120481896
2019-08-12,17850,17850,17150,17550,10401,0.023323615160349753
2019-08-13,17500,17650,17050,17200,10094,-0.019943019943019946
2019-08-14,17300,17950,17300,17550,6954,0.02034883720930236
2019-08-16,17550,17550,16900,17000,9133,-0.031339031339031376
2019-08-19,17100,18250,17100,18250,14562,0.07352941176470584
2019-08-20,18350,18400,17850,18400,5557,0.008219178082191858
2019-08-21,18400,18550,17950,18550,7487,0.008152173913043459
2019-08-22,19050,20000,18450,18800,30115,0.013477088948786964
2019-08-23,19350,19900,18000,18000,25601,-0.04255319148936165
2019-08-26,17650,17900,16950,17150,11089,-0.047222222222222276
2019-08-27,18500,19900,17500,17700,126696,0.03206997084548102
2019-08-28,18000,18800,17700,18700,35867,0.05649717514124286
2019-08-29,18550,18800,17900,18250,18019,-0.024064171122994638
2019-08-30,18700,21350,18100,20500,70348,0.12328767123287676
2019-09-02,19900,19900,19200,19200,37315,-0.06341463414634141
2019-09-03,19150,19800,18900,19150,20488,-0.0026041666666666297
2019-09-04,19200,19450,18550,19000,15310,-0.007832898172323799
2019-09-05,19150,19350,18800,18850,14564,-0.007894736842105288
2019-09-06,18850,19350,18700,19000,8642,0.007957559681697646
2019-09-09,19050,19250,18700,18750,5968,-0.013157894736842146
2019-09-10,19900,24350,19450,24350,432325,0.29866666666666664
2019-09-11,26400,26600,24100,24900,701863,0.022587268993839782
2019-09-16,25200,26300,25100,25250,156246,0.014056224899598346
2019-09-17,24600,25400,23900,24650,97401,-0.023762376237623783
2019-09-18,24150,28600,23900,25600,622300,0.03853955375253548
2019-09-19,25300,25800,25300,25500,64742,-0.00390625
2019-09-20,25900,26400,25700,26400,54785,0.03529411764705892
2019-09-23,27500,28000,26800,28000,108058,0.06060606060606055
2019-09-24,26900,27650,25800,26750,154841,-0.044642857142857095
2019-09-25,26100,26700,24300,25000,142530,-0.06542056074766356
2019-09-26,25700,25950,23850,25000,87925,0.0
2019-09-27,24100,26700,24100,25300,102532,0.01200000000000001
2019-09-30,24700,26000,24150,25500,75816,0.007905138339920903
2019-10-01,25250,25500,24250,24300,53405,-0.04705882352941182
2019-10-02,26400,26400,24800,24800,142257,0.020576131687242816
2019-10-04,25000,25200,24000,24000,55192,-0.032258064516129004
2019-10-07,21100,21500,20300,20600,155927,-0.14166666666666672
2019-10-08,20350,21200,20350,21000,32033,0.01941747572815533
2019-10-10,20700,21550,20700,20850,34772,-0.0071428571428571175
2019-10-11,20950,21400,20450,21200,20586,0.01678657074340517
2019-10-14,21000,22700,21000,21850,53179,0.030660377358490587
2019-10-15,21850,22200,21300,22100,12582,0.011441647597254079
2019-10-16,22100,22350,21650,21850,13840,-0.011312217194570096
2019-10-17,21750,22000,21300,21650,17722,-0.009153318077803174
2019-10-18,21800,22600,21700,22150,31209,0.023094688221708903
2019-10-21,21950,21950,20850,20900,25515,-0.05643340857787815
2019-10-22,21000,22150,21000,21650,30104,0.03588516746411474
2019-10-23,21100,21200,20600,21000,43940,-0.03002309468822173
2019-10-24,20800,22400,20800,21600,38636,0.02857142857142847
2019-10-25,21400,21700,21050,21200,18395,-0.01851851851851849
2019-10-28,21000,21200,20250,20600,31006,-0.028301886792452824
2019-10-29,20600,21000,20250,20800,16369,0.009708737864077666
2019-10-30,20500,20650,20200,20400,21309,-0.019230769230769273
2019-10-31,20550,20850,20350,20750,12787,0.017156862745097978
2019-11-01,20650,21200,20600,21150,11786,0.01927710843373487
2019-11-04,21150,21650,20850,21650,17647,0.023640661938534313
2019-11-05,22500,22850,21300,21550,26563,-0.004618937644341847
2019-11-06,21800,22800,21400,22200,50943,0.030162412993039345
2019-11-07,22100,22150,21500,21750,15182,-0.020270270270270285
2019-11-08,21850,22450,21550,22300,21824,0.025287356321838983
2019-11-11,22150,22200,21500,21750,12395,-0.024663677130044803
2019-11-12,21900,21950,21400,21750,9735,0.0
2019-11-13,21700,22250,21600,22200,14794,0.020689655172413834
2019-11-14,22300,22600,21950,22500,14331,0.013513513513513598
2019-11-15,22650,22800,22000,22200,17157,-0.013333333333333308
2019-11-18,23500,23550,22700,22950,50192,0.03378378378378377
2019-11-19,22950,22950,22100,22100,21519,-0.03703703703703709
2019-11-20,21850,22050,20400,20550,50976,-0.07013574660633481
2019-11-21,20700,20700,19500,19800,30188,-0.03649635036496346
2019-11-22,19750,20200,19450,19700,13119,-0.005050505050505083
2019-11-25,19700,20000,19200,19650,8601,-0.0025380710659898
2019-11-26,19650,20000,19600,19750,9584,0.0050890585241729624
2019-11-27,19550,19800,19400,19400,8470,-0.017721518987341756
2019-11-28,19500,19600,18950,19100,7766,-0.015463917525773141
2019-11-29,19200,20000,18900,19000,9503,-0.005235602094240788
2019-12-02,19000,19400,18700,19050,17196,0.002631578947368318
2019-12-03,18750,21800,18150,20100,97506,0.055118110236220375
2019-12-04,19450,19700,19050,19150,20706,-0.04726368159203975
2019-12-05,19250,19400,18300,18750,11931,-0.02088772845953002
2019-12-06,18800,19200,18500,18900,5492,0.008000000000000007
2019-12-09,18900,19400,18350,19100,8048,0.010582010582010692
2019-12-10,18900,19200,18600,18900,14153,-0.010471204188481686
2019-12-11,19150,19700,18500,18750,10030,-0.007936507936507908
2019-12-12,19150,20500,18800,19950,36966,0.06400000000000006
2019-12-13,20150,20150,19650,19750,4966,-0.010025062656641603
2019-12-16,19600,20550,19300,19900,17322,0.0075949367088608
2019-12-17,20900,20900,18600,19000,64104,-0.045226130653266305
2019-12-18,18950,20350,18600,19900,35793,0.047368421052631504
2019-12-19,19800,20300,19200,19650,22909,-0.012562814070351758
2019-12-20,19650,20500,19650,20400,30510,0.03816793893129766
2019-12-23,19750,20000,19200,19400,19394,-0.0490196078431373
2019-12-24,19600,20550,19300,19300,39209,-0.005154639175257714
2019-12-26,19500,20000,19400,19900,19660,0.031088082901554515
2019-12-27,19900,19900,19450,19700,10989,-0.01005025125628145
2019-12-30,19600,19950,19500,19750,8883,0.002538071065989911
2020-01-02,19650,20050,19400,19650,9391,-0.005063291139240533
2020-01-03,19850,20300,19500,19850,18100,0.010178117048346147
2020-01-06,19350,19700,18450,18500,41457,-0.06801007556675065
2020-01-07,18700,19250,18450,18850,27835,0.018918918918918948
2020-01-08,18550,18600,17500,17600,35908,-0.06631299734748008
2020-01-09,18300,22700,18100,20200,227063,0.1477272727272727
2020-01-10,19950,20800,19500,20250,54869,0.0024752475247524774
2020-01-13,20000,21650,19450,21000,84225,0.03703703703703698
2020-01-14,21000,21350,20300,20550,34911,-0.021428571428571463
2020-01-15,20750,21400,20450,21400,41772,0.041362530413625365
2020-01-16,21500,21500,20600,20700,28163,-0.032710280373831724
2020-01-17,20900,21050,20550,20750,14079,0.0024154589371980784
2020-01-20,20700,21100,20000,20000,36861,-0.03614457831325302
2020-01-21,20100,20650,19500,19700,19883,-0.015000000000000013
2020-01-22,19850,19900,19250,19450,14665,-0.012690355329949221
2020-01-23,19700,19850,19300,19650,11672,0.010282776349614497
2020-01-28,18700,19300,18400,19300,31793,-0.01781170483460559
2020-01-29,19150,19550,18800,18850,19245,-0.023316062176165775
2020-01-30,19000,19000,18300,18300,18639,-0.02917771883289122
2020-01-31,18400,19000,17650,17750,27305,-0.030054644808743203
2020-02-03,17750,17850,17050,17500,23092,-0.014084507042253502
2020-02-04,17350,18450,17350,18300,9011,0.04571428571428582
2020-02-05,18200,18700,18100,18200,10145,-0.005464480874316946
2020-02-06,18400,19050,18400,19000,25184,0.04395604395604402
2020-02-07,19300,19300,18700,18700,11026,-0.015789473684210575
2020-02-10,18650,19850,18650,19600,21631,0.048128342245989275
2020-02-11,19250,19350,18800,18850,23316,-0.03826530612244894
2020-02-12,18750,18900,18300,18700,22852,-0.007957559681697646
2020-02-13,18800,19000,18450,18450,6645,-0.013368983957219305
2020-02-14,18450,18800,18350,18600,5745,0.008130081300812941
2020-02-17,18700,18700,18000,18200,20523,-0.021505376344086002
2020-02-18,18200,18400,17700,18050,13767,-0.008241758241758212
2020-02-19,18000,18150,17400,17850,13770,-0.011080332409972304
2020-02-20,17850,17900,17100,17300,24551,-0.03081232492997199
2020-02-21,17350,17350,16650,16750,19155,-0.03179190751445082
2020-02-24,16100,16450,15150,15300,59558,-0.08656716417910448
2020-02-25,15150,16500,15100,16400,26446,0.07189542483660127
2020-02-26,16200,16400,15900,16000,13783,-0.024390243902439046
2020-02-27,16100,16400,15300,15300,17704,-0.043749999999999956
2020-02-28,15250,15450,14400,14500,48954,-0.05228758169934644
2020-03-02,14600,15050,14300,15000,17135,0.034482758620689724
2020-03-03,15250,16000,15250,15500,17638,0.03333333333333344
2020-03-04,15450,15850,15250,15650,6540,0.00967741935483879
2020-03-05,15750,16150,15600,15850,9473,0.012779552715654896
2020-03-06,16500,16500,15250,15550,45071,-0.018927444794952675
2020-03-09,15400,15400,14400,14550,19605,-0.06430868167202575
2020-03-10,14400,14800,14000,14500,23031,-0.0034364261168384758
2020-03-11,14500,14600,13900,14050,14012,-0.03103448275862064
2020-03-12,14150,14200,12700,13000,55066,-0.07473309608540923
2020-03-13,12000,12150,10750,11400,53346,-0.12307692307692308
2020-03-16,11550,11900,10750,10800,54257,-0.052631578947368474
2020-03-17,10050,11050,10000,10900,39604,0.0092592592592593
2020-03-18,10900,11850,10300,10350,54465,-0.050458715596330306
2020-03-19,10500,10650,8690,9070,71055,-0.1236714975845411
2020-03-20,9070,10200,9070,10150,50905,0.11907386990077184
2020-03-23,9800,9800,9200,9260,21994,-0.08768472906403946
2020-03-24,9500,10000,9410,9750,20875,0.05291576673866083
2020-03-25,10050,10550,9940,10500,32466,0.07692307692307687
2020-03-26,11000,11450,10500,11000,26231,0.04761904761904767
2020-03-27,11250,11650,10500,11000,26017,0.0
2020-03-30,10350,11100,10250,11100,12598,0.009090909090909038
2020-03-31,11100,14250,11100,13250,152498,0.1936936936936937
2020-04-01,12800,13300,12300,12450,59963,-0.060377358490566024
2020-04-02,12550,13150,11650,12750,48670,0.024096385542168752
2020-04-03,12750,12950,12400,12700,14082,-0.0039215686274509665
2020-04-06,12700,13000,12650,12800,24728,0.007874015748031482
2020-04-07,13150,14300,12900,13250,71499,0.03515625
2020-04-08,13250,13950,12850,13800,23515,0.04150943396226414
2020-04-09,14100,15200,13600,14550,53531,0.05434782608695654
2020-04-10,14550,14850,14000,14850,22547,0.020618556701030855
2020-04-13,14900,15300,14600,14600,21282,-0.01683501683501687
2020-04-14,14600,16450,14600,15000,76724,0.027397260273972712
2020-04-16,15500,17200,14800,16550,195161,0.10333333333333328
2020-04-17,16500,16600,15650,15950,93702,-0.03625377643504535
2020-04-20,16100,19850,16100,18250,494158,0.14420062695924774
2020-04-21,19400,21300,15800,17650,485360,-0.0328767123287671
2020-04-22,17650,19400,16250,19400,248670,0.09915014164305958
2020-04-23,18650,21300,18300,19000,435330,-0.020618556701030966
2020-04-24,19200,19600,17550,17850,128048,-0.06052631578947365
2020-04-27,18250,19050,17550,17850,96322,0.0
2020-04-28,18550,18750,17000,17300,96050,-0.03081232492997199
2020-04-29,17550,17900,16800,17400,52364,0.005780346820809301
2020-05-04,18150,18450,17400,17500,50667,0.005747126436781658
2020-05-06,17400,18000,17200,17550,68645,0.0028571428571428914
2020-05-07,17650,19550,17500,19300,230873,0.09971509971509973
2020-05-08,19500,19500,18900,19350,90397,0.002590673575129543
2020-05-11,18400,18950,17800,17800,84831,-0.08010335917312661
2020-05-12,17800,18100,16950,17500,44872,-0.016853932584269704
2020-05-13,17200,17650,17000,17300,30226,-0.011428571428571455
2020-05-14,17050,17450,16700,16950,24734,-0.020231213872832332
2020-05-15,16900,16950,16450,16600,26628,-0.020648967551622377
2020-05-18,16800,16800,16100,16450,24133,-0.009036144578313254
2020-05-19,17050,17400,16450,16950,33914,0.03039513677811545
2020-05-20,17050,17300,16750,17000,18949,0.002949852507374562
2020-05-21,17100,17200,16850,17000,19565,0.0
2020-05-22,17150,17150,16600,16650,15697,-0.020588235294117685
2020-05-25,16450,16700,16350,16500,15694,-0.009009009009009028
2020-05-26,16400,17400,16400,17000,43376,0.030303030303030276
2020-05-27,17100,17300,16800,16900,17125,-0.00588235294117645
2020-05-28,17100,17450,16200,16500,53165,-0.023668639053254448
2020-05-29,16250,17350,16100,17250,59152,0.045454545454545414
2020-06-01,16700,17300,16700,17150,8639,-0.005797101449275366
2020-06-02,17150,17450,16750,17000,38950,-0.008746355685131157
2020-06-03,17200,17350,16700,17100,24834,0.00588235294117645
2020-06-04,16900,17300,16850,17100,17268,0.0
2020-06-05,17100,17200,16850,16900,26035,-0.011695906432748537
2020-06-08,16700,17000,16400,16450,32657,-0.026627218934911268
2020-06-09,16150,16500,15550,15650,49707,-0.04863221884498481
2020-06-10,15800,15800,15450,15550,15849,-0.006389776357827448
2020-06-11,15450,15750,15250,15450,21744,-0.006430868167202619
2020-06-12,14600,15550,14300,15550,18269,0.006472491909385036
2020-06-15,15250,15250,14100,14450,35033,-0.07073954983922826
2020-06-16,14600,16250,14600,15550,62384,0.0761245674740485
2020-06-17,14600,14900,14500,14800,39357,-0.048231511254019255
2020-06-18,14750,16550,14550,14850,67862,0.0033783783783782884
2020-06-19,15750,17000,14550,15100,222704,0.01683501683501687
2020-06-22,15000,15350,14550,14600,31486,-0.0331125827814569
2020-06-23,14650,14800,14200,14200,19865,-0.0273972602739726
2020-06-24,15350,16100,14750,16100,171289,0.1338028169014085
2020-06-25,15350,15900,15100,15150,38943,-0.05900621118012417
2020-06-26,15350,15500,14800,15050,23653,-0.0066006600660065695
2020-06-29,14750,15000,14350,14450,43406,-0.039867109634551534
2020-06-30,14550,15500,14450,15450,53891,0.0692041522491349
2020-07-01,15900,15900,14900,15200,28955,-0.016181229773462813
2020-07-02,15200,15600,15200,15300,22067,0.006578947368421018
2020-07-03,15500,15900,15150,15850,75273,0.03594771241830075
2020-07-06,15900,16100,15450,15800,38571,-0.003154574132492094
2020-07-07,15800,16300,15400,15400,28221,-0.025316455696202556
2020-07-08,15600,15900,15250,15600,28168,0.01298701298701288
2020-07-09,15700,15850,15400,15450,15947,-0.009615384615384581
2020-07-10,15550,15650,15150,15200,20748,-0.016181229773462813
2020-07-13,15350,15450,15050,15350,16257,0.009868421052631637
2020-07-14,15350,15450,15100,15250,11486,-0.006514657980456029
2020-07-15,15250,15650,15250,15450,11664,0.013114754098360715
2020-07-16,15300,15850,15300,15550,18057,0.006472491909385036
2020-07-17,15750,15800,15200,15600,15544,0.003215434083601254
2020-07-20,15700,15850,15350,15750,7669,0.009615384615384581
2020-07-21,15850,15850,15550,15700,7474,-0.0031746031746031633
2020-07-22,15800,15800,15500,15650,6317,-0.0031847133757961776
2020-07-23,15650,15750,15150,15150,12707,-0.03194888178913735
2020-07-24,15300,15600,14850,14950,22775,-0.01320132013201325
2020-07-27,15000,15200,14800,15150,11372,0.013377926421404673
2020-07-28,15150,15700,14950,15100,12337,-0.0033003300330033403
2020-07-29,15100,15300,15000,15150,6093,0.0033112582781456013
2020-07-30,15350,15650,15000,15400,15855,0.01650165016501659
2020-07-31,15700,15850,15200,15850,22238,0.02922077922077926
2020-08-03,16100,16100,15550,15600,29072,-0.01577287066246058
2020-08-04,15700,15750,15450,15700,7236,0.0064102564102563875
2020-08-05,15700,15750,15550,15550,9200,-0.009554140127388533
2020-08-06,15750,16450,15550,16050,37091,0.03215434083601276
2020-08-07,16200,16200,15650,15650,10617,-0.024922118380062308
2020-08-10,15700,16050,15350,15500,17728,-0.009584664536741228
2020-08-11,15900,16100,15650,16000,17093,0.032258064516129004
2020-08-12,16000,16200,15650,16000,17811,0.0
2020-08-13,16000,16250,15800,15900,13982,-0.006249999999999978
2020-08-14,15750,15950,15400,15450,15633,-0.028301886792452824
2020-08-18,15450,15500,14350,14500,27976,-0.06148867313915862
2020-08-19,14550,14800,14500,14750,13377,0.01724137931034475
2020-08-20,14750,14750,13950,14000,27494,-0.05084745762711862
2020-08-21,14100,15050,14100,14500,22390,0.03571428571428581
2020-08-24,14400,14550,14000,14350,9237,-0.010344827586206917
2020-08-25,14350,14850,14350,14700,5194,0.024390243902439046
2020-08-26,14900,14900,14300,14550,8535,-0.010204081632653073
2020-08-27,14550,14550,14000,14250,16511,-0.020618556701030966
2020-08-28,14300,14400,14050,14050,8341,-0.01403508771929829
2020-08-31,14050,14350,14050,14100,5960,0.003558718861210064
2020-09-01,14100,14250,13950,14200,5840,0.007092198581560183
2020-09-02,14200,14300,14000,14300,7140,0.007042253521126751
2020-09-03,14300,14400,14150,14200,11151,-0.006993006993006978
2020-09-04,14200,15950,14050,15000,95897,0.05633802816901401
2020-09-07,15300,15900,15000,15550,36935,0.036666666666666625
2020-09-08,15750,15750,14750,14900,22450,-0.04180064308681675
2020-09-09,14900,15000,14600,14800,9318,-0.006711409395973145
2020-09-10,14700,15000,14700,14800,7336,0.0
2020-09-11,15100,15550,14750,15100,16806,0.020270270270270174
2020-09-14,15200,15550,14950,15300,18341,0.013245033112582849
2020-09-15,15350,15450,15150,15300,5740,0.0
2020-09-16,15500,15750,14900,15050,25841,-0.016339869281045805
2020-09-17,15050,15400,14650,14800,13306,-0.01661129568106312
2020-09-18,14800,15050,14600,14850,19408,0.0033783783783782884
2020-09-21,14900,15050,14650,14800,10545,-0.0033670033670033517
2020-09-22,14650,14700,14000,14350,19507,-0.030405405405405372
2020-09-23,14250,14350,13850,14250,13417,-0.006968641114982632
2020-09-24,14200,14500,13800,14450,13898,0.01403508771929829
2020-09-25,14650,15700,14150,14600,127217,0.01038062283737018
2020-09-28,14550,14800,14400,14650,10965,0.003424657534246478
2020-09-29,14750,15000,14600,14850,22152,0.013651877133105783
2020-10-05,14700,14800,14500,14700,9345,-0.010101010101010055
2020-10-06,14700,14850,14300,14500,14298,-0.013605442176870763
2020-10-07,14500,14600,14250,14550,5417,0.0034482758620688614
2020-10-08,14650,14650,14300,14350,6465,-0.013745704467353903
2020-10-12,14800,14900,14500,14900,31771,0.03832752613240409
2020-10-13,14800,14900,14350,14550,26002,-0.023489932885906062
2020-10-14,14550,14550,14350,14400,9925,-0.010309278350515427
2020-10-15,14400,14500,14000,14100,24575,-0.02083333333333337
2020-10-16,14100,14200,13800,13900,12258,-0.014184397163120588
2020-10-19,13950,14000,13800,13900,5907,0.0
2020-10-20,13850,13950,13550,13750,13259,-0.010791366906474864
2020-10-21,13700,14400,13700,14050,7616,0.021818181818181737
2020-10-22,14100,14150,13700,13800,6796,-0.017793594306049876
2020-10-23,13900,13950,13700,13800,3376,0.0
2020-10-26,13800,13900,13600,13650,6081,-0.010869565217391353
2020-10-27,13650,13650,13150,13550,5356,-0.0073260073260073
2020-10-28,13600,13650,13450,13600,7895,0.0036900369003689537
2020-10-29,13600,13700,13400,13550,4100,-0.003676470588235281
2020-10-30,13550,13600,13350,13400,6897,-0.011070110701106972
2020-11-02,13400,13550,13250,13500,3817,0.00746268656716409
2020-11-03,13550,13750,13500,13500,2714,0.0
2020-11-04,13750,14400,13600,14400,37042,0.06666666666666665
2020-11-05,13500,13800,13400,13700,18457,-0.04861111111111116
2020-11-06,13700,13800,13500,13500,9306,-0.014598540145985384
2020-11-09,13500,13750,13150,13750,12991,0.0185185185185186
2020-11-10,13750,14000,13600,13850,8307,0.0072727272727273196
2020-11-11,13850,14050,13400,13700,27070,-0.010830324909747335
2020-11-12,13700,14050,13700,13900,8497,0.014598540145985384
2020-11-13,14000,14050,13700,13750,8179,-0.010791366906474864
2020-11-16,13750,13950,13750,13950,6502,0.014545454545454639
2020-11-17,13950,14300,13800,14000,18616,0.0035842293906809264
2020-11-18,14000,14300,13900,14300,11785,0.021428571428571352
2020-11-19,14300,14550,14050,14200,8962,-0.006993006993006978
2020-11-20,14200,14400,14100,14250,7194,0.0035211267605634866
2020-11-23,14100,14250,13950,14150,7773,-0.007017543859649145
2020-11-24,14150,14200,14050,14150,8679,0.0
2020-11-25,14150,14250,13800,13850,12257,-0.021201413427561877
2020-11-26,13850,14100,13800,13950,10797,0.0072202166064982976
2020-11-27,14050,14100,13850,14000,13815,0.0035842293906809264
2020-11-30,14000,14300,13800,13800,14153,-0.014285714285714235
2020-12-01,13850,14250,13850,14100,14989,0.021739130434782705
2020-12-02,14100,14500,14100,14300,17135,0.014184397163120588
2020-12-03,14400,14750,14200,14600,17959,0.020979020979021046
2020-12-04,14550,14550,14250,14300,10979,-0.020547945205479423
2020-12-07,14300,14300,14000,14000,6243,-0.020979020979020935
2020-12-08,14000,14400,13950,14250,14197,0.017857142857142794
2020-12-09,14250,14500,14200,14350,9411,0.007017543859649145
2020-12-10,14350,14650,14250,14450,10888,0.006968641114982521
2020-12-11,14500,14650,14400,14500,9470,0.0034602076124568004
2020-12-14,14500,14500,14050,14300,9018,-0.01379310344827589
2020-12-15,14300,14300,14100,14250,6303,-0.0034965034965035446
2020-12-16,14300,14350,14150,14150,7245,-0.007017543859649145
2020-12-17,14150,14300,14100,14200,5426,0.0035335689045936647
2020-12-18,14200,14300,14100,14200,4058,0.0
2020-12-21,14200,14200,13850,13900,22516,-0.021126760563380254
2020-12-22,13900,13950,13650,13800,9897,-0.007194244604316502
2020-12-23,13700,13800,13550,13750,8238,-0.0036231884057971175
2020-12-24,13600,13950,13550,13900,8508,0.01090909090909098
2020-12-28,13900,14000,13750,13950,5718,0.003597122302158251
2020-12-29,14000,14150,13950,14100,9849,0.010752688172043001
2020-12-30,14200,14850,14050,14800,49965,0.049645390070921946
2021-01-04,14900,15200,14650,14750,24787,-0.0033783783783783994
2021-01-05,14850,15400,14750,15000,25609,0.016949152542372836
2021-01-06,15250,15250,14800,15100,20037,0.006666666666666599
2021-01-07,15100,15150,14750,14850,12847,-0.01655629139072845
2021-01-08,15050,15400,14700,14700,27500,-0.010101010101010055
2021-01-11,14700,14950,14400,14500,27581,-0.013605442176870763
2021-01-12,14400,14600,14200,14250,16261,-0.017241379310344862
2021-01-13,14300,14650,14100,14650,11956,0.02807017543859658
2021-01-14,14500,14900,14500,14650,8478,0.0
2021-01-15,14700,14750,14500,14550,14989,-0.0068259385665528916
2021-01-18,14600,15050,14450,14800,36390,0.01718213058419238
2021-01-19,15050,15700,14800,15500,83804,0.04729729729729737
2021-01-20,15500,15500,15150,15350,29046,-0.009677419354838679
2021-01-21,15400,15400,15050,15300,20647,-0.0032573289902280145
2021-01-22,15300,15350,15050,15200,12763,-0.006535947712418277
2021-01-25,15200,15300,15000,15250,9433,0.00328947368421062
2021-01-26,15400,16200,14850,15950,78309,0.04590163934426239
2021-01-27,15950,17050,15850,16350,108413,0.02507836990595602
2021-01-28,16000,16850,15900,16400,47295,0.003058103975535076
2021-01-29,16350,16350,15250,15400,36772,-0.060975609756097615
2021-02-01,15250,15550,14850,15250,44477,-0.009740259740259716
2021-02-02,15450,15800,15250,15550,11156,0.01967213114754096
2021-02-03,15550,16100,15500,16050,15078,0.03215434083601276
2021-02-04,16050,16200,15750,15900,36944,-0.009345794392523366
2021-02-05,16800,17000,16150,16250,67942,0.022012578616352307
2021-02-08,16250,16600,16000,16300,29217,0.003076923076922977
2021-02-09,16300,16400,15750,15750,15243,-0.033742331288343586
2021-02-10,15750,16050,15600,15950,9856,0.012698412698412653
2021-02-15,16150,16150,15750,16050,10573,0.006269592476489061
2021-02-16,16150,16700,15850,16350,27361,0.01869158878504673
2021-02-17,16350,16350,16000,16150,11563,-0.012232415902140636
2021-02-18,16150,16300,15900,16000,9667,-0.009287925696594423
2021-02-19,16000,16000,15500,15800,9895,-0.012499999999999956
2021-02-22,15750,16100,15700,15800,10150,0.0
2021-02-23,15700,15900,15600,15700,12223,-0.006329113924050667
2021-02-24,15700,15750,15350,15350,11537,-0.022292993630573243
2021-02-25,15350,15600,15100,15350,13621,0.0
2021-02-26,15350,15400,14900,15350,19468,0.0
2021-03-02,15750,15750,15400,15700,10573,0.0228013029315961
2021-03-03,15700,15750,15400,15650,8603,-0.0031847133757961776
2021-03-04,15650,15700,15500,15700,7578,0.0031948881789136685
2021-03-05,15900,16800,15900,16300,49286,0.03821656050955413
2021-03-08,16400,16850,16000,16250,30610,-0.0030674846625766694
2021-03-09,16250,16400,15500,15700,20638,-0.03384615384615386
2021-03-10,15800,16250,15700,15750,8352,0.0031847133757962887
2021-03-11,15750,16200,15700,15850,7055,0.006349206349206327
2021-03-12,15850,16400,15850,16400,15665,0.034700315457413256
2021-03-15,16400,17150,16200,16950,41188,0.03353658536585358
2021-03-16,17000,17200,16800,17000,15965,0.002949852507374562
2021-03-17,17000,17050,16750,16950,10586,-0.002941176470588225
2021-03-18,16950,17000,16800,16900,17354,-0.002949852507374673
2021-03-19,16900,17550,16650,17150,55272,0.014792899408283988
2021-03-22,17500,18350,17500,18350,120271,0.06997084548104948
2021-03-23,18500,18550,17900,17900,41286,-0.02452316076294281
2021-03-24,17750,18200,17750,18200,19728,0.016759776536312776
2021-03-25,18600,18650,18100,18200,25096,0.0
2021-03-26,18600,18600,18050,18400,13511,0.01098901098901095
2021-03-29,18350,18700,18100,18600,40130,0.010869565217391353
2021-03-30,18700,19550,18550,19350,64546,0.040322580645161255
2021-03-31,19350,19450,18900,19300,24313,-0.0025839793281653423
2021-04-01,19300,20000,19200,19700,36738,0.020725388601036343
2021-04-02,19800,20100,19300,19400,29225,-0.015228426395939132
2021-04-05,19600,19950,19300,19700,18833,0.015463917525773141
2021-04-06,20000,20000,19050,19500,18235,-0.010152284263959421
2021-04-07,19500,19850,19500,19700,12721,0.01025641025641022
2021-04-08,19750,19750,18950,19200,23529,-0.025380710659898442
2021-04-09,19200,20350,19100,19950,55219,0.0390625
2021-04-12,20450,20450,19700,19900,27454,-0.0025062656641604564
2021-04-13,19900,20100,19500,19500,20522,-0.02010050251256279
2021-04-14,19500,19750,19300,19500,13637,0.0
2021-04-15,19550,19850,19350,19650,8938,0.007692307692307665
2021-04-16,19650,19850,19550,19550,15421,-0.0050890585241730735
2021-04-19,19800,20500,19700,20000,37782,0.023017902813299296
2021-04-20,20050,20200,19800,19850,20118,-0.007499999999999951
2021-04-21,19850,19900,19300,19500,22480,-0.017632241813602012
2021-04-22,19500,20300,19500,19950,26075,0.023076923076922995
2021-04-23,19950,20400,19750,19900,18497,-0.0025062656641604564
2021-04-26,19950,20050,19700,19900,17687,0.0
2021-04-27,19900,20200,19700,19900,15977,0.0
2021-04-28,19900,19900,19000,19200,24852,-0.035175879396984966
2021-04-29,19200,19200,18450,18700,46004,-0.02604166666666663
2021-04-30,18450,19200,18450,19000,30119,0.016042780748663166
2021-05-03,19000,19450,18850,19150,19860,0.007894736842105177
2021-05-04,19000,19400,18700,19300,17238,0.007832898172323688
2021-05-06,19300,19600,19300,19500,13699,0.010362694300518172
2021-05-07,19800,20000,19550,19900,18612,0.02051282051282044
2021-05-10,20000,20900,19900,20150,61715,0.012562814070351758
2021-05-11,20300,22300,20300,21650,285022,0.07444168734491319
2021-05-12,21800,22000,20500,20700,77982,-0.04387990762124716
2021-05-13,20350,20850,20000,20450,32756,-0.012077294685990392
2021-05-14,20400,20450,20050,20350,17290,-0.004889975550122272
2021-05-17,20600,20600,19800,20050,48744,-0.014742014742014753
2021-05-18,20050,20700,20050,20650,36165,0.029925187032418865
2021-05-20,20650,21500,20650,21300,57926,0.0314769975786926
2021-05-21,21450,22000,20650,20800,43310,-0.023474178403755874
2021-05-24,20600,20750,20050,20300,18280,-0.024038461538461564
2021-05-25,20300,21550,20150,21100,42490,0.039408866995073843
2021-05-26,21200,22200,21100,21850,58062,0.035545023696682554
2021-05-27,22000,22200,21500,22000,33063,0.006864988558352492
2021-05-28,22000,22500,21750,21800,18977,-0.009090909090909038
2021-05-31,21900,22000,21300,21650,24397,-0.006880733944954143
2021-06-01,21650,23450,21650,23450,59710,0.08314087759815236
2021-06-02,23100,24000,22450,23900,51397,0.019189765458422103
2021-06-03,23400,23800,22850,23000,45815,-0.03765690376569042
2021-06-04,23000,24250,22400,23900,86586,0.03913043478260869
2021-06-07,23750,25300,23100,25300,90597,0.05857740585774063
2021-06-08,25100,26050,24950,25900,68077,0.02371541501976293
2021-06-09,25750,26150,25200,25200,42147,-0.027027027027026973
2021-06-10,24950,25450,24400,24750,27785,-0.017857142857142905
2021-06-11,24750,25400,24250,24750,36598,0.0
2021-06-14,24800,25650,24450,24900,23374,0.0060606060606061
2021-06-15,24800,25300,24650,25300,20309,0.016064257028112428
2021-06-16,25150,25850,25050,25550,24148,0.009881422924901129
2021-06-17,25650,25700,24800,24800,19986,-0.02935420743639927
2021-06-18,24800,25700,24800,24950,39236,0.006048387096774244
2021-06-21,25050,26400,24400,24650,65766,-0.012024048096192397
2021-06-22,24650,25250,24600,24700,19226,0.0020283975659229903
2021-06-23,24700,24750,23700,24200,26804,-0.020242914979757054
2021-06-24,24200,24950,23000,23200,43004,-0.04132231404958675
2021-06-25,23450,24000,23400,24000,12655,0.034482758620689724
2021-06-28,24000,24200,23550,23600,18793,-0.01666666666666672
2021-06-29,23600,23600,22900,23300,21169,-0.012711864406779627
2021-06-30,23300,29800,23300,26600,520782,0.14163090128755362
2021-07-01,26350,26450,25300,25300,87616,-0.048872180451127845
2021-07-02,25300,25600,24800,25000,39708,-0.011857707509881465
2021-07-05,25000,25000,24200,24450,29686,-0.02200000000000002
2021-07-06,24450,25150,24150,24650,40582,0.008179959100204526
2021-07-07,24650,25200,24650,24800,16519,0.006085192697768749
2021-07-08,24800,25250,23800,24350,26149,-0.01814516129032262
2021-07-09,24000,24050,23200,23400,28359,-0.03901437371663241
2021-07-12,23100,25000,23100,24200,49089,0.03418803418803429
2021-07-13,24450,24900,24250,24600,14298,0.016528925619834656
2021-07-14,24600,25600,24600,25050,42218,0.018292682926829285
2021-07-15,25050,25500,24650,24750,19660,-0.0119760479041916
2021-07-16,24750,24800,24200,24650,11883,-0.004040404040404066
2021-07-19,24650,25050,23800,24200,16866,-0.018255578093306246
2021-07-20,23700,24550,23650,23800,20374,-0.016528925619834656
2021-07-21,23800,24900,23750,23950,9900,0.006302521008403339
2021-07-22,23750,23950,23600,23650,9992,-0.012526096033402934
2021-07-23,23450,24200,23400,23700,15940,0.0021141649048626032
2021-07-26,23750,24300,23450,23700,14388,0.0
2021-07-27,23500,26900,23400,25000,159964,0.05485232067510548
2021-07-28,25000,26200,24750,25050,56666,0.0020000000000000018
2021-07-29,25050,26700,24900,26300,54090,0.04990019960079839
2021-07-30,26300,26300,25100,26000,58777,-0.011406844106463865
2021-08-02,25300,25600,24600,24950,40543,-0.04038461538461535
2021-08-03,24950,25050,24100,24200,24640,-0.030060120240480992
2021-08-04,24250,24900,24200,24500,16177,0.012396694214876103
2021-08-05,24600,25150,24500,24550,7689,0.0020408163265306367
2021-08-06,24800,26300,24800,25950,50805,0.05702647657841142
2021-08-09,26050,26400,25150,25150,25004,-0.030828516377649273
2021-08-10,25300,25450,24250,24250,22970,-0.035785288270377746
2021-08-11,23650,24100,23500,23750,23338,-0.020618556701030966
2021-08-12,23600,24000,23150,23150,19915,-0.025263157894736876
2021-08-13,23150,23450,22050,23200,31800,0.002159827213822796
2021-08-17,22850,23200,22000,22300,26535,-0.03879310344827591
2021-08-18,22250,23700,22100,23000,20151,0.03139013452914807
2021-08-19,23000,23950,22500,23150,33488,0.006521739130434856
2021-08-20,23150,23250,21650,22350,26788,-0.03455723542116629
2021-08-23,22350,23700,22100,22950,26097,0.02684563758389258
2021-08-24,23100,23600,23050,23150,9264,0.008714596949890963
2021-08-25,23400,23800,23150,23700,12923,0.023758099352051865
2021-08-26,23700,24050,23450,23750,15421,0.0021097046413502962
2021-08-27,23750,23750,23050,23200,8876,-0.023157894736842155
2021-08-30,23100,23800,22800,23700,11698,0.02155172413793105
2021-08-31,23700,24200,23300,24100,11406,0.016877637130801704
2021-09-01,24100,24100,23600,23650,13260,-0.018672199170124526
2021-09-02,23650,24500,23650,23950,22062,0.012684989429175397
2021-09-03,24050,24650,23850,24250,14886,0.012526096033402823
2021-09-06,24250,24450,23800,24050,13243,-0.008247422680412342
2021-09-07,24050,24050,23250,23450,10001,-0.02494802494802495
2021-09-08,23450,23700,23100,23150,7289,-0.01279317697228144
2021-09-09,22750,23450,22600,23100,10133,-0.002159827213822907
2021-09-10,23100,23100,22200,23050,21197,-0.0021645021645021467
2021-09-13,23050,23700,22800,22850,12731,-0.008676789587852451
2021-09-14,22850,23600,22600,23400,14546,0.024070021881838155
2021-09-15,23650,23750,23250,23400,9007,0.0
2021-09-16,23400,23500,22650,22800,15270,-0.02564102564102566
2021-09-17,22800,22850,22250,22700,10123,-0.004385964912280715
2021-09-23,22400,22850,22000,22350,10167,-0.01541850220264318
2021-09-24,22100,23750,21700,22800,50635,0.020134228187919545
2021-09-27,23400,24000,23300,23700,47187,0.03947368421052633
2021-09-28,23700,23900,22850,23100,20739,-0.025316455696202556
2021-09-29,22550,22650,22000,22200,26803,-0.038961038961038974
2021-09-30,22700,24300,22700,23250,46756,0.04729729729729737
2021-10-01,23250,23700,22500,22750,17103,-0.021505376344086002
2021-10-05,22750,22750,21300,21450,36478,-0.05714285714285716
2021-10-06,21450,22000,19950,20100,43320,-0.06293706293706292
2021-10-07,19900,20850,19900,20700,16111,0.029850746268656803
2021-10-08,21350,21350,20700,21000,11163,0.01449275362318847
2021-10-12,21000,21200,20350,20350,13055,-0.030952380952380953
2021-10-13,20350,21200,20350,20850,11746,0.024570024570024662
2021-10-14,21050,21550,20900,21550,8315,0.033573141486810565
2021-10-15,21800,22000,21350,21800,13501,0.011600928074245953
2021-10-18,21800,22450,21550,22000,11958,0.00917431192660545
2021-10-19,22000,22800,21850,22350,9653,0.015909090909090873
2021-10-20,22350,22700,22250,22600,12075,0.01118568232662187
2021-10-21,22550,22550,22100,22150,10574,-0.019911504424778736
2021-10-22,22150,22750,21950,22600,8875,0.020316027088036037
2021-10-25,22550,22550,21950,22100,7360,-0.02212389380530977
2021-10-26,22100,22450,21950,22200,3869,0.004524886877828038
2021-10-27,22200,22400,21800,22400,6015,0.009009009009008917
2021-10-28,22400,22550,21900,22100,15329,-0.013392857142857095
2021-10-29,22100,22350,21950,22000,14099,-0.004524886877828038
2021-11-01,22000,22000,21550,21800,11370,-0.009090909090909038
2021-11-02,21800,23050,21800,22850,19727,0.048165137614679
2021-11-03,22850,23050,22550,22600,8633,-0.01094091903719907
2021-11-04,22550,22950,22100,22400,12678,-0.008849557522123908
2021-11-05,22200,22300,21350,21400,10240,-0.044642857142857095
2021-11-08,21250,21500,20700,21500,12599,0.004672897196261738
2021-11-09,21500,21850,21200,21500,6705,0.0
2021-11-10,21500,21500,20450,20550,13153,-0.04418604651162794
2021-11-11,20450,20450,19750,19950,16656,-0.029197080291970767
2021-11-12,19950,20550,19850,20450,8213,0.02506265664160412
2021-11-15,20750,21500,20500,20800,9855,0.017114914425427896
2021-11-16,20950,21150,19900,20100,33701,-0.033653846153846145
2021-11-17,20100,20100,19100,19200,35448,-0.04477611940298509
2021-11-18,19050,19200,18500,18800,26974,-0.02083333333333337
2021-11-19,18800,18950,18500,18550,28590,-0.013297872340425565
2021-11-22,18550,18700,18200,18550,13732,0.0
2021-11-23,18500,18850,18200,18300,14234,-0.013477088948787075
2021-11-24,18200,18500,18000,18500,12163,0.010928961748633892
2021-11-25,18500,18800,18400,18450,7302,-0.002702702702702675
2021-11-26,18450,18450,17650,17750,31445,-0.03794037940379402
2021-11-29,17050,17600,16650,17200,20903,-0.030985915492957705
2021-11-30,17150,17650,16400,16450,24841,-0.043604651162790664
2021-12-01,16450,17250,16250,17200,15749,0.045592705167173175
2021-12-02,17200,17850,16650,17850,17146,0.03779069767441867
2021-12-03,17900,18400,17850,18400,12036,0.03081232492997188
2021-12-06,18400,18400,17600,18100,14007,-0.016304347826086918
2021-12-07,18100,18250,17750,18250,6729,0.008287292817679592
2021-12-08,18250,18450,18100,18100,6552,-0.008219178082191747
2021-12-09,18100,18500,17900,18100,4612,0.0
2021-12-10,18100,18150,17800,17950,8516,-0.008287292817679592
2021-12-13,17950,18100,17550,18100,6845,0.008356545961002881
2021-12-14,17950,18300,17650,17900,7064,-0.011049723756906049
2021-12-15,17750,17900,17700,17700,3614,-0.011173184357541888
2021-12-16,17700,17900,17500,17850,8116,0.008474576271186418
2021-12-17,17750,18000,17750,17850,4462,0.0
2021-12-20,17650,17800,17400,17500,8272,-0.019607843137254943
2021-12-21,17400,17450,17250,17450,6823,-0.0028571428571428914
2021-12-22,17450,17650,17350,17600,4788,0.008595988538681931
2021-12-23,17650,17800,17100,17400,5459,-0.011363636363636354
2021-12-24,17400,18050,17400,17600,4864,0.011494252873563315
2021-12-27,17600,18650,17600,18200,11858,0.03409090909090917
2021-12-28,18200,18400,17600,18250,16306,0.0027472527472527375
2021-12-29,18100,18150,17650,17700,12253,-0.03013698630136985
2021-12-30,17800,18200,17700,18000,15014,0.016949152542372836
2022-01-03,18000,18300,17800,17900,16702,-0.005555555555555536
2022-01-04,17900,18850,17900,18850,13375,0.05307262569832405
2022-01-05,18550,18950,18100,18400,14025,-0.023872679045092826
2022-01-06,17800,18150,17600,17750,10825,-0.03532608695652173
2022-01-07,17750,18500,17550,18400,10342,0.036619718309859106
2022-01-10,18400,18650,17650,18000,25244,-0.021739130434782594
2022-01-11,17800,17800,17450,17800,8142,-0.011111111111111072
2022-01-12,17650,17800,17450,17800,9056,0.0
2022-01-13,17950,18200,17700,17700,12381,-0.005617977528089901
2022-01-14,17700,18050,17450,17650,8128,-0.0028248587570621764
2022-01-17,17500,17550,17000,17000,12585,-0.03682719546742208
2022-01-18,16850,16950,16500,16500,11577,-0.02941176470588236
2022-01-19,16450,16700,16300,16350,16094,-0.009090909090909038
2022-01-20,16350,16750,16000,16750,5909,0.024464831804281273
2022-01-21,16750,16900,16500,16650,9490,-0.005970149253731294
2022-01-24,16400,16500,16000,16300,7993,-0.02102102102102099
2022-01-25,16000,16100,15200,15800,23885,-0.030674846625766916
2022-01-26,15700,16050,15550,16000,7492,0.012658227848101333
2022-01-27,16000,16000,15300,15550,5814,-0.028124999999999956
2022-01-28,15550,16000,15400,16000,6566,0.02893890675241151
2022-02-03,16300,17400,16300,16750,5582,0.046875
2022-02-04,16900,16950,16450,16950,7843,0.011940298507462588
2022-02-07,17200,17200,16550,16700,8630,-0.014749262536873142
2022-02-08,16850,17050,16350,16650,5949,-0.0029940119760478723
2022-02-09,16950,16950,16000,16950,3173,0.018018018018018056
2022-02-10,17100,17150,16600,16700,3271,-0.014749262536873142
2022-02-11,16700,16950,16450,16900,4273,0.011976047904191711
2022-02-14,16400,16600,16250,16300,6619,-0.035502958579881616
2022-02-15,16150,16250,15800,16100,5279,-0.012269938650306789
2022-02-16,16050,16550,16050,16550,5911,0.02795031055900621
2022-02-17,16700,16900,16100,16700,7871,0.009063444108761365
2022-02-18,16500,16900,16150,16850,4911,0.008982035928143617
2022-02-21,16900,17850,16650,17850,20976,0.05934718100890213
2022-02-22,17300,17500,16900,17000,16997,-0.04761904761904767
2022-02-23,16900,17400,16900,17350,13602,0.020588235294117574
2022-02-24,17350,17350,16550,16650,12235,-0.04034582132564846
2022-02-25,16700,17000,16650,16850,8416,0.012012012012011963
2022-02-28,17000,17750,16900,17750,11790,0.05341246290801194
2022-03-02,17750,17900,17550,17750,12945,0.0
2022-03-03,17700,17850,17650,17700,4721,-0.0028169014084507005
2022-03-04,17650,17700,17400,17650,5325,-0.0028248587570621764
2022-03-07,17550,17550,16900,17100,7529,-0.031161473087818692
2022-03-08,16550,17000,16550,16900,5250,-0.011695906432748537
2022-03-10,16850,17750,16750,17550,19597,0.03846153846153855
2022-03-11,17550,18850,17550,18600,48460,0.05982905982905984
2022-03-14,18950,18950,17950,17950,15727,-0.034946236559139754
2022-03-15,17650,18000,17600,17750,9018,-0.011142061281337101
2022-03-16,17750,18600,17500,18350,16849,0.033802816901408406
2022-03-17,18750,18750,18300,18500,9769,0.008174386920980936
2022-03-18,18500,18600,18200,18400,9196,-0.00540540540540535
2022-03-21,18400,18500,18200,18350,9188,-0.0027173913043477826
2022-03-22,18300,18450,18150,18450,7100,0.005449591280654031
2022-03-23,18650,18650,18450,18450,12318,0.0
2022-03-24,18450,18900,18350,18700,18283,0.013550135501354976
2022-03-25,18750,19400,18750,18800,21097,0.005347593582887722
2022-03-28,18900,19100,18600,18850,12703,0.0026595744680850686
2022-03-29,18850,18900,18600,18700,13437,-0.007957559681697646
2022-03-30,18850,18850,18100,18450,17942,-0.013368983957219305
2022-03-31,18250,18950,18250,18900,22697,0.024390243902439046
2022-04-01,18950,19300,18850,19100,20269,0.010582010582010692
2022-04-04,19850,20200,19450,19750,88218,0.03403141361256545
2022-04-05,20050,20400,19850,20300,26648,0.02784810126582271
2022-04-06,20300,20350,19350,19500,29862,-0.039408866995073843
2022-04-07,19150,19350,18800,19100,21127,-0.02051282051282055
2022-04-08,18900,19450,18750,18750,18420,-0.01832460732984298
2022-04-11,18650,19450,18600,19300,16474,0.029333333333333433
2022-04-12,18900,19300,18750,19150,10404,-0.007772020725388629
2022-04-13,19150,19200,18850,19150,7148,0.0
2022-04-14,19300,19300,19000,19100,7148,-0.0026109660574412663
2022-04-15,18800,18900,18450,18700,15341,-0.020942408376963373
2022-04-18,18700,18900,18700,18750,7418,0.002673796791443861
2022-04-19,18600,18950,18600,18900,7971,0.008000000000000007
2022-04-20,19100,19450,18700,19150,19017,0.013227513227513255
2022-04-21,19300,19700,19200,19400,16983,0.01305483028720622
2022-04-22,19400,19400,18850,18900,13565,-0.02577319587628868
2022-04-25,18400,18650,18350,18400,11649,-0.02645502645502651
2022-04-26,18250,23150,18200,20700,963039,0.125
2022-04-27,20150,24000,19950,21800,1070952,0.0531400966183575
2022-04-28,22650,22850,20200,20900,253480,-0.041284403669724745
2022-04-29,21100,21650,20500,20900,118331,0.0
2022-05-02,20900,21300,20600,21150,59075,0.011961722488038173
2022-05-03,21400,21550,20800,20800,50645,-0.01654846335697402
2022-05-04,20950,21400,20800,21300,43163,0.024038461538461453
2022-05-06,21100,21150,20700,20800,30084,-0.023474178403755874
2022-05-09,20750,21200,20300,20800,37204,0.0
2022-05-10,20500,21700,19600,21350,67797,0.02644230769230771
2022-05-11,21450,24700,21200,24000,1240693,0.1241217798594847
2022-05-12,23050,23600,21400,21450,221769,-0.10624999999999996
2022-05-13,21450,21800,20650,20800,104118,-0.030303030303030276
2022-05-16,21050,22050,20900,21500,115837,0.033653846153846256
2022-05-17,21500,22700,21500,21950,89040,0.020930232558139528
2022-05-18,22700,22950,21350,21500,85167,-0.02050113895216399
2022-05-19,20900,21900,20750,21400,73459,-0.0046511627906976605
2022-05-20,21300,21750,21200,21500,39515,0.004672897196261738
2022-05-23,21750,21750,21050,21150,29939,-0.016279069767441867
2022-05-24,21200,21250,19800,19850,64121,-0.0614657210401891
2022-05-25,19950,20300,19550,19800,28500,-0.0025188916876573986
2022-05-26,20050,20450,19850,19850,20008,0.002525252525252597
2022-05-27,20050,20200,19950,20150,14697,0.015113350125944613
2022-05-30,20300,20900,20200,20850,23973,0.03473945409429291
2022-05-31,20900,21100,20550,20850,18746,0.0
2022-06-02,20650,21200,20250,21100,39493,0.011990407673860837
2022-06-03,21300,22250,21200,22200,121009,0.05213270142180093
2022-06-07,22000,26800,21400,24800,1106333,0.11711711711711703
2022-06-08,24450,25400,23550,23550,177067,-0.050403225806451624
2022-06-09,23450,25750,23300,23900,236440,0.014861995753715496
2022-06-10,23900,24850,22600,22900,125662,-0.04184100418410042
2022-06-13,22450,22650,21300,21800,85393,-0.048034934497816595
2022-06-14,21500,21800,20450,21300,75349,-0.022935779816513735
2022-06-15,21250,22250,20550,21950,83332,0.030516431924882736
2022-06-16,21900,22750,20850,20850,118795,-0.05011389521640086
2022-06-17,20200,21800,20100,21550,63867,0.033573141486810565
2022-06-20,21000,21350,19050,19250,118022,-0.10672853828306261
2022-06-21,19350,19800,19100,19450,58082,0.010389610389610393
2022-06-22,19600,20000,18450,18550,62500,-0.046272493573264795
2022-06-23,18550,18700,17350,17500,62080,-0.05660377358490565
2022-06-24,17550,18200,17300,17700,57132,0.011428571428571344
2022-06-27,17850,18750,17750,18550,33438,0.04802259887005644
2022-06-28,18600,19250,18350,19150,26983,0.032345013477088846
2022-06-29,18850,20700,18700,19750,82606,0.031331592689294974
2022-06-30,19800,25650,19550,25650,943697,0.2987341772151899
2022-07-01,28150,32400,26700,29400,4071469,0.14619883040935666
2022-07-04,30400,30800,28150,29400,841105,0.0
2022-07-05,32550,33250,27600,29250,1053738,-0.005102040816326481
2022-07-06,28950,32900,28100,32150,1557448,0.09914529914529924
2022-07-07,29600,29600,27450,27900,438929,-0.13219284603421466
2022-07-08,27900,28300,26800,27250,217242,-0.023297491039426577
2022-07-11,27250,27300,25850,26050,168466,-0.044036697247706424
2022-07-12,25950,26550,25400,26300,182620,0.009596928982725572
2022-07-13,26050,27100,25700,27100,162212,0.03041825095057038
2022-07-14,26800,26950,25900,25900,112170,-0.044280442804428
2022-07-15,25800,26600,25450,26200,83144,0.01158301158301156
2022-07-18,26200,26850,25700,26650,82887,0.01717557251908386
2022-07-19,26600,27600,26200,27600,126902,0.03564727954971847
2022-07-20,27700,27700,26800,26800,116669,-0.02898550724637683
2022-07-21,26600,28700,26200,28450,362583,0.06156716417910446
2022-07-22,28000,28850,27350,27400,216890,-0.03690685413005268
2022-07-25,28200,28500,25750,26000,187374,-0.051094890510948954
2022-07-26,25850,25900,24700,25150,117232,-0.03269230769230769
2022-07-27,24800,25100,24500,25000,87851,-0.005964214711729587
2022-07-28,25300,25700,24800,25050,78954,0.0020000000000000018
2022-07-29,25000,28800,24700,26350,858250,0.05189620758483038
2022-08-01,25650,27200,25050,26150,214263,-0.007590132827324458
2022-08-02,26150,27850,25100,25150,167731,-0.03824091778202676
2022-08-03,25100,25400,24700,25250,65277,0.003976143141153132
2022-08-04,25050,26200,24850,25000,96949,-0.00990099009900991
2022-08-05,25000,25250,24900,25000,37224,0.0
2022-08-08,25050,25350,24850,25150,35735,0.006000000000000005
2022-08-09,25500,26450,25100,25950,172926,0.031809145129224614
2022-08-10,28200,28200,26000,26050,433642,0.003853564547206201
2022-08-11,26650,28150,26550,27550,351917,0.05758157389635321
2022-08-12,27250,27900,27000,27300,115548,-0.00907441016333943
2022-08-16,27300,27400,26350,26650,81035,-0.023809523809523836
2022-08-17,26650,27050,26250,26700,53643,0.0018761726078799779
2022-08-18,26400,26600,25950,26050,63720,-0.02434456928838946
2022-08-19,26000,26400,25100,25600,76814,-0.017274472168905985
2022-08-22,25100,30850,24300,26750,2018714,0.044921875
2022-08-23,25850,25900,24650,24650,282913,-0.07850467289719631
2022-08-24,24750,25850,24550,24950,236873,0.012170385395537497
2022-08-25,25700,29900,25600,28950,2096370,0.16032064128256507
2022-08-26,28800,36550,28700,34900,4805202,0.20552677029360966
2022-08-29,34000,34850,32650,34050,767979,-0.024355300859598805
2022-08-30,36650,39750,33000,33800,3288518,-0.007342143906020504
2022-08-31,33800,35900,33000,35200,958878,0.041420118343195256
2022-09-01,34000,37250,33350,34300,1981779,-0.025568181818181768
2022-09-02,38250,40850,35700,37650,4734581,0.09766763848396498
2022-09-05,36700,47600,36050,43750,3496048,0.16201859229747684
2022-09-06,43000,43800,42500,43300,279940,-0.010285714285714231
2022-09-07,43000,43950,42300,43850,232035,0.012702078521940052
2022-09-08,43700,45750,43500,44250,310170,0.009122006841505215
2022-09-13,44250,44250,41000,41850,606084,-0.05423728813559325
2022-09-14,41000,42450,39600,40950,633912,-0.021505376344086002
2022-09-15,40350,41400,39600,40950,545643,0.0
2022-09-16,40600,43600,37200,37500,1152520,-0.08424908424908428
2022-09-19,37900,38600,34650,35250,385978,-0.06000000000000005
2022-09-20,35300,36050,34500,35600,208080,0.0099290780141843
2022-09-21,35800,37800,35200,36200,656054,0.016853932584269593
2022-09-22,35000,36900,33600,36450,367995,0.006906077348066253
2022-09-23,36000,36500,33700,33700,265481,-0.07544581618655688
2022-09-26,32900,34000,31350,32150,194847,-0.04599406528189909
2022-09-27,31700,33500,31250,33400,160526,0.038880248833592645
2022-09-28,33200,33550,30950,31500,168820,-0.05688622754491013
2022-09-29,32150,32600,29850,29850,171330,-0.05238095238095242
2022-09-30,29400,31400,29300,30500,200764,0.021775544388609624
2022-10-04,31200,33200,30400,33000,360162,0.08196721311475419
2022-10-05,38250,39250,35150,36350,1611867,0.10151515151515156
2022-10-06,36250,37900,35900,36450,592978,0.0027510316368637433
2022-10-07,36450,41200,36050,39500,2141976,0.08367626886145407
2022-10-11,38100,39000,34000,34350,398974,-0.13037974683544307
2022-10-12,34050,44650,34050,44650,3414335,0.29985443959243097
2022-10-13,44950,47500,42350,42350,2058949,-0.05151175811870101
2022-10-14,43350,46000,42550,43700,1648138,0.031877213695395534
2022-10-17,37300,38700,34000,37950,1212986,-0.13157894736842102
2022-10-18,37750,38450,36350,37550,623190,-0.010540184453227908
2022-10-19,38250,41100,37150,38800,1426446,0.0332889480692411
2022-10-20,39200,40400,36800,37000,609963,-0.046391752577319534
2022-10-21,38400,38900,34700,35100,469781,-0.05135135135135138
2022-10-24,36400,42450,35950,40500,2636466,0.15384615384615374
2022-10-25,40250,41650,39200,41150,728788,0.016049382716049276
2022-10-26,41500,41650,39100,39400,814246,-0.04252733900364525
2022-10-27,39600,45050,39350,45050,1672344,0.1434010152284264
2022-10-28,44150,45050,42900,43750,832312,-0.02885682574916759
2022-10-31,43400,46450,42500,45200,1334792,0.03314285714285714
2022-11-01,45450,58700,44400,57200,3774410,0.2654867256637168
2022-11-02,57400,60200,55300,57500,2126678,0.005244755244755206
2022-11-03,56500,61700,55900,57700,1694870,0.003478260869565153
2022-11-04,56200,56800,52500,53700,757299,-0.06932409012131713
2022-11-07,53600,55600,52600,54600,494159,0.016759776536312776
2022-11-08,55000,56600,51900,52700,444711,-0.034798534798534786
2022-11-09,52900,57300,50800,52200,982677,-0.009487666034155628
2022-11-10,53100,55800,51700,54000,1064193,0.034482758620689724
2022-11-11,54500,56900,53400,53800,819891,-0.0037037037037036535
2022-11-14,54000,54300,50600,51200,290558,-0.048327137546468446
2022-11-15,51900,52200,48800,49400,309555,-0.03515625
2022-11-16,50000,50800,47550,48800,351123,-0.012145748987854255
2022-11-17,48650,48650,43500,43750,411677,-0.1034836065573771
2022-11-18,43900,44600,42500,42700,216786,-0.02400000000000002
2022-11-21,42650,43400,41800,42200,156468,-0.011709601873536313
2022-11-22,41850,43700,41750,43700,225127,0.035545023696682554
2022-11-23,43100,43950,42250,42250,174808,-0.03318077803203656
2022-11-24,42800,43250,42150,42350,114297,0.002366863905325367
2022-11-25,43200,46200,43150,43800,602625,0.03423848878394331
2022-11-28,44450,44700,41750,41750,157253,-0.04680365296803657
2022-11-29,41250,43450,40200,42550,237189,0.01916167664670665
2022-11-30,42700,44400,41500,43900,169427,0.031727379553466495
2022-12-01,44300,46550,43300,46150,531553,0.051252847380409916
2022-12-02,45900,46150,43850,45000,173708,-0.024918743228602436
2022-12-05,45950,46300,44000,44100,176339,-0.020000000000000018
2022-12-06,43100,43400,41200,41250,114206,-0.06462585034013602
2022-12-07,40350,41700,40000,40050,91524,-0.029090909090909056
2022-12-08,39600,40000,37950,38500,121294,-0.038701622971285876
2022-12-09,38550,39300,37300,39300,134197,0.020779220779220786
2022-12-12,38050,38300,36950,37300,71563,-0.05089058524173029
2022-12-13,37300,37900,36600,37050,47638,-0.006702412868632712
2022-12-14,36900,37900,36900,37350,43699,0.00809716599190291
2022-12-15,37350,38250,36700,38250,55811,0.024096385542168752
2022-12-16,36750,37900,36750,37800,33704,-0.0117647058823529
2022-12-19,37650,38850,37500,38050,53634,0.006613756613756516
2022-12-20,37850,38850,36100,36200,71298,-0.048620236530880434
2022-12-21,36350,41850,36200,36450,851830,0.006906077348066253
2022-12-22,36300,36350,34600,34650,153129,-0.04938271604938271
2022-12-23,34200,34650,33000,33800,110028,-0.024531024531024515
2022-12-26,33250,33600,31100,32450,94180,-0.0399408284023669
2022-12-27,32400,33500,32400,33350,48896,0.027734976887519247
2022-12-28,33250,33600,32700,32950,33046,-0.01199400299850073
2022-12-29,32650,33050,31750,32200,42187,-0.022761760242792084
2023-01-02,32050,32800,31000,31100,49765,-0.03416149068322982
2023-01-03,30700,31600,30250,31550,55790,0.014469453376205754
2023-01-04,30800,32350,30800,31900,42822,0.011093502377178988
2023-01-05,32050,38700,31350,36500,1137479,0.14420062695924774
2023-01-06,34350,34900,33400,33500,278514,-0.0821917808219178
2023-01-09,33550,34150,33100,33850,97228,0.010447761194029903
2023-01-10,33750,34700,33050,33550,207364,-0.008862629246676468
2023-01-11,34200,34450,33700,34050,150196,0.014903129657227954
2023-01-12,35700,36300,34650,35200,396161,0.03377386196769461
2023-01-13,35100,35850,34850,35050,132335,-0.0042613636363636465
2023-01-16,34750,34800,33850,34100,84621,-0.02710413694721825
2023-01-17,34500,35500,33800,34000,117057,-0.0029325513196480912
2023-01-18,33850,34000,32600,32650,68752,-0.039705882352941146
2023-01-19,32350,34000,32300,32600,52181,-0.0015313935681470214
2023-01-20,32450,34250,32350,33650,99568,0.03220858895705514
2023-01-25,33950,34400,33300,33750,76286,0.002971768202080227
2023-01-26,33650,35000,33650,34150,108481,0.01185185185185178
2023-01-27,34650,35350,34450,34650,103003,0.014641288433382194
2023-01-30,34800,35000,34050,34350,57849,-0.008658008658008698
2023-01-31,34350,34600,33750,33850,58342,-0.01455604075691408
2023-02-01,34450,35900,34000,34300,167384,0.013293943870014813
2023-02-02,34250,35000,34050,34450,55925,0.004373177842565523
2023-02-03,34600,35150,34300,34350,67319,-0.002902757619738794
2023-02-06,34300,34350,33000,33200,58733,-0.033478893740902516
2023-02-07,32950,33500,32950,33300,29636,0.003012048192771122
2023-02-08,33450,34200,33300,33400,43832,0.0030030030030030463
2023-02-09,33550,34750,33150,33800,94870,0.011976047904191711
2023-02-10,33900,34450,33550,33850,46627,0.0014792899408284654
2023-02-13,33850,34650,33600,34100,56561,0.007385524372230501
2023-02-14,34100,34950,34100,34750,94758,0.019061583577712593
2023-02-15,34750,35350,34300,34400,100506,-0.010071942446043147
2023-02-16,34400,34750,34050,34350,46808,-0.0014534883720930258
2023-02-17,33950,34600,33850,34400,31412,0.0014556040756914523
2023-02-20,34900,35100,34600,34900,70355,0.014534883720930258
2023-02-21,34900,35750,34750,35550,132061,0.018624641833810962
2023-02-22,35100,35200,34550,34650,56751,-0.025316455696202556
2023-02-23,34650,35100,34100,34750,44756,0.0028860028860029363
2023-02-24,35000,36100,34750,36050,154072,0.037410071942445944
2023-02-27,35950,36300,35250,35650,78708,-0.01109570041608876
2023-02-28,35450,35850,35300,35350,53907,-0.008415147265077194
2023-03-02,35350,36450,35250,36450,118647,0.03111739745403108
2023-03-03,36700,37300,36100,37300,162675,0.023319615912208436
2023-03-06,37200,37250,35750,36050,116915,-0.03351206434316356
2023-03-07,35800,36200,35250,35800,69189,-0.006934812760055475
2023-03-08,35300,36300,35300,35850,68512,0.0013966480446927498
2023-03-09,35900,36100,34050,34200,88098,-0.046025104602510414
2023-03-10,33450,33850,32650,33000,51945,-0.03508771929824561
2023-03-13,32400,32550,31000,32250,63330,-0.022727272727272707
2023-03-14,31850,32650,30900,30900,57580,-0.041860465116279055
2023-03-15,31550,33050,31550,32850,65884,0.06310679611650483
2023-03-16,32450,32700,31350,32050,39512,-0.0243531202435312
2023-03-17,32250,33300,31600,32700,42895,0.020280811232449292
2023-03-20,33000,33450,32650,32900,29415,0.006116207951070374
2023-03-21,32900,33200,32300,32550,22188,-0.010638297872340385
2023-03-22,32600,32900,31800,32000,27853,-0.016897081413210446
2023-03-23,31350,31700,30900,30950,45712,-0.03281250000000002
2023-03-24,31000,31600,30650,31300,21436,0.011308562197092087
2023-03-27,31300,31300,30050,30550,37132,-0.02396166134185307
2023-03-28,30450,31100,30400,31000,28692,0.014729950900163713
2023-03-29,31200,31800,30700,31600,36823,0.019354838709677358
2023-03-30,31600,31900,30800,31900,67986,0.009493670886076
2023-03-31,32500,32550,31450,31500,49689,-0.01253918495297801
2023-04-03,31750,32450,31250,31750,38474,0.007936507936507908
2023-04-04,31700,32500,31600,32200,29230,0.014173228346456623
2023-04-05,32400,33100,31700,33000,42792,0.024844720496894457
2023-04-06,33000,34300,32400,33150,120624,0.00454545454545463
2023-04-07,33750,34000,33050,33100,71973,-0.0015082956259426794
2023-04-10,33150,33200,31550,31850,46103,-0.03776435045317217
2023-04-11,31500,32700,31200,32200,37077,0.01098901098901095
2023-04-12,32200,33450,31600,33250,52226,0.032608695652173836
2023-04-13,32900,33550,32350,33450,40949,0.006015037593984918
2023-04-14,33500,34900,33300,34000,113986,0.01644245142002987
2023-04-17,34200,34700,33700,34150,46199,0.004411764705882337
2023-04-18,34050,34650,33700,34250,44728,0.002928257686676483
2023-04-19,34550,34600,33900,34000,36137,-0.007299270072992692
2023-04-20,34000,34300,32550,32900,53917,-0.032352941176470584
2023-04-21,33200,33950,32000,33600,94071,0.02127659574468077
2023-04-24,34250,34700,32050,32050,106579,-0.04613095238095233
2023-04-25,32050,32650,31200,32200,48385,0.004680187207488196
2023-04-26,31750,32100,31400,31800,31377,-0.012422360248447228
2023-04-27,31450,32000,31100,31650,26019,-0.004716981132075526
2023-04-28,31400,32500,31400,32300,52823,0.020537124802527673
2023-05-02,32900,35950,32400,35950,233310,0.11300309597523217
2023-05-03,35700,38000,35000,37800,332025,0.05146036161335177
2023-05-04,36700,36950,35100,35900,188944,-0.050264550264550234
2023-05-08,36400,40800,33300,34100,1036737,-0.05013927576601673
2023-05-09,33750,35000,32450,34100,223651,0.0
2023-05-10,33600,34200,32100,32100,124344,-0.058651026392961825
2023-05-11,31850,32300,31300,31300,75793,-0.024922118380062308
2023-05-12,31300,31550,30950,31000,40303,-0.009584664536741228
2023-05-15,31000,32550,29650,31150,141270,0.004838709677419395
2023-05-16,31050,31350,30750,30800,38716,-0.011235955056179803
2023-05-17,30800,31500,30800,30950,37602,0.004870129870129913
2023-05-18,31200,31750,31100,31700,68173,0.024232633279483107
2023-05-19,32500,34250,31550,32900,308461,0.03785488958990535
2023-05-22,33750,33950,32850,33350,138721,0.013677811550151908
2023-05-23,33400,33550,32700,33050,72164,-0.008995502248875575
2023-05-24,33100,33900,32800,32850,68640,-0.006051437216338829
2023-05-25,32850,33200,31550,31650,45148,-0.0365296803652968
2023-05-26,31700,32300,31150,31300,30617,-0.011058451816745696
2023-05-30,31350,31700,31100,31300,27034,0.0
2023-05-31,31000,31600,30900,31050,20980,-0.007987220447284393
2023-06-01,31200,32200,30950,31850,33164,0.025764895330112614
2023-06-02,32050,32550,31750,32200,29073,0.01098901098901095
2023-06-05,32050,32300,31750,31750,29247,-0.013975155279503104
2023-06-07,31450,31950,31350,31700,23513,-0.0015748031496063408
2023-06-08,31350,31700,31200,31400,17296,-0.009463722397476393
2023-06-09,31400,32150,31400,31950,22647,0.01751592356687892
2023-06-12,31950,32450,31900,32150,23569,0.006259780907668322
2023-06-13,32000,32600,31900,31900,28215,-0.007776049766718529
2023-06-14,31900,32200,31250,31600,27059,-0.009404388714733591
2023-06-15,31400,31800,30850,31350,26945,-0.007911392405063333
2023-06-16,31350,32600,31150,32350,57264,0.03189792663476876
2023-06-19,32450,35350,32250,34500,340495,0.06646058732612059
2023-06-20,34200,34300,33100,33850,135815,-0.018840579710144967
2023-06-21,34150,34150,33300,33300,72523,-0.01624815361890697
2023-06-22,33250,34550,33200,33350,81104,0.0015015015015014122
2023-06-23,33400,33450,31850,32250,60876,-0.032983508245877036
2023-06-26,33250,33650,32150,32450,54592,0.006201550387596955
2023-06-27,32500,32650,31900,32600,22186,0.0046224961479199855
2023-06-28,32800,33100,32250,32300,36888,-0.009202453987730008
2023-06-29,32150,32500,31700,31750,24833,-0.017027863777089758
2023-06-30,31550,32100,31500,32050,22335,0.009448818897637823
2023-07-03,32400,33050,32200,32750,36182,0.021840873634945357
2023-07-04,32750,32900,32050,32050,32858,-0.021374045801526687
2023-07-05,32050,32250,31300,31550,34990,-0.015600624024960985
2023-07-06,31550,33150,30600,32500,77927,0.030110935023771823
2023-07-07,31550,32700,31150,32200,59451,-0.009230769230769265
2023-07-10,32100,41850,31750,41850,3285296,0.2996894409937889
2023-07-11,43750,45600,39900,44200,2952041,0.056152927120669105
2023-07-12,43400,46200,42050,43400,869414,-0.018099547511312264
2023-07-13,43750,43800,40600,40700,395294,-0.062211981566820285
2023-07-14,40450,41100,38500,39100,399097,-0.039312039312039304
2023-07-17,40000,40700,37450,37900,455958,-0.03069053708439895
2023-07-18,37700,38000,36100,36350,237691,-0.04089709762532978
2023-07-19,36300,37000,35050,35900,217289,-0.012379642365887178
2023-07-20,35850,37150,35650,36700,166155,0.022284122562674202
2023-07-21,36250,37500,36100,37300,107644,0.016348773841961872
2023-07-24,37700,37700,35200,36100,192012,-0.03217158176943702
2023-07-25,35700,36000,34300,34600,129678,-0.04155124653739617
2023-07-26,34350,34900,31500,32000,189625,-0.07514450867052025
2023-07-27,31750,33400,31750,32250,90223,0.0078125
2023-07-28,32050,34500,31550,33900,94811,0.051162790697674376
2023-07-31,34050,34850,33600,34450,67900,0.016224188790560534
2023-08-01,34400,35200,33600,34200,64474,-0.007256894049346929
2023-08-02,33800,34650,33200,33300,57654,-0.02631578947368418
2023-08-03,33650,34000,32100,33650,90004,0.010510510510510551
2023-08-04,33600,34400,32800,33750,49858,0.002971768202080227
2023-08-07,33600,33600,32400,32400,57685,-0.040000000000000036
2023-08-08,32500,33100,32100,32550,37153,0.004629629629629539
2023-08-09,32450,33950,32250,33700,52824,0.03533026113671278
2023-08-10,33300,33650,32850,33350,29640,-0.010385756676557834
2023-08-11,33350,34300,33000,33900,45318,0.016491754122938573
2023-08-14,33900,35250,33050,34850,85271,0.028023598820059004
2023-08-16,34450,35650,33900,34550,104186,-0.008608321377331474
2023-08-17,34600,35750,34450,34950,128069,0.011577424023154759
2023-08-18,34550,34900,33400,34550,65229,-0.011444921316165924
2023-08-21,34100,34900,33550,33600,55316,-0.02749638205499272
2023-08-22,33600,34800,33200,34050,55957,0.013392857142857206
2023-08-23,33850,35650,33800,35400,104680,0.0396475770925111
2023-08-24,35350,35600,34800,35150,61148,-0.007062146892655385
2023-08-25,34550,35100,34250,35000,36354,-0.004267425320056861
2023-08-28,35350,36500,34900,36250,100000,0.03571428571428581
2023-08-29,36350,37550,36150,37250,150137,0.02758620689655178
2023-08-30,37200,37650,36700,37200,66934,-0.0013422818791946067
2023-08-31,37400,37450,36700,37050,51278,-0.0040322580645161255
2023-09-01,37500,40950,37250,37650,861316,0.0161943319838056
2023-09-04,39450,40650,38600,40000,409521,0.062416998671978696
2023-09-05,39600,43450,38500,40250,392421,0.006250000000000089
2023-09-06,40000,42100,38650,39300,215535,-0.023602484472049712
2023-09-07,38800,39500,36850,36850,187923,-0.06234096692111957
2023-09-08,36600,37900,36300,37650,101402,0.02170963364993206
2023-09-11,38700,39150,37450,37450,158540,-0.005312084993359889
2023-09-12,37850,37850,35350,35400,87369,-0.05473965287049398
2023-09-13,35400,37100,34700,36800,131653,0.039548022598870025
2023-09-14,37400,41950,37400,41050,997911,0.1154891304347827
2023-09-15,39600,43000,38650,40050,711874,-0.02436053593179055
2023-09-18,40900,42750,39700,39700,422219,-0.008739076154806513
2023-09-19,39100,51600,38800,51600,4068784,0.2997481108312343
2023-09-20,49550,50500,46250,47000,1087050,-0.08914728682170547
2023-09-21,45800,46500,42100,43250,617574,-0.07978723404255317
2023-09-22,42050,43850,41600,42100,341032,-0.026589595375722586
2023-09-25,42550,44950,40500,40500,700737,-0.038004750593824244
2023-09-26,40800,42200,40000,41400,276396,0.022222222222222143
2023-09-27,40750,42500,40500,42050,190560,0.01570048309178751
2023-10-04,43300,43900,41700,43200,350361,0.027348394768133222
2023-10-05,43150,46350,42850,44650,578084,0.03356481481481488
2023-10-06,46050,47600,44750,46100,450804,0.03247480403135494
2023-10-10,44200,44450,37850,39200,430184,-0.14967462039045554
2023-10-11,40100,42200,39650,41300,162709,0.0535714285714286
2023-10-12,41000,42100,40300,40650,119674,-0.0157384987893463
2023-10-13,40450,41000,38250,39150,135085,-0.03690036900369009
2023-10-16,38350,41350,36500,38900,328568,-0.0063856960408684715
2023-10-17,38850,40450,38600,39500,195273,0.015424164524421524
2023-10-18,39450,39800,38500,39050,74551,-0.011392405063291089
2023-10-19,38100,41300,36950,40450,374793,0.03585147247119069
2023-10-20,39600,39900,37250,37500,260232,-0.07292954264524099
2023-10-23,37050,38350,35050,35300,160818,-0.058666666666666645
2023-10-24,35600,41500,35350,39000,1019066,0.10481586402266285
2023-10-25,38150,38250,36700,37050,161986,-0.050000000000000044
2023-10-26,36700,37500,35200,35500,125111,-0.04183535762483126
2023-10-27,35750,36200,34100,34600,113631,-0.025352112676056304
2023-10-30,34000,36500,33300,35800,106148,0.034682080924855585
2023-10-31,35800,36400,34100,34150,71465,-0.0460893854748603
2023-11-01,34500,35550,34200,34750,39292,0.017569546120058455
2023-11-02,35400,36050,35150,35950,43827,0.03453237410071952
2023-11-03,36200,36600,35650,36400,54409,0.012517385257301727
2023-11-06,36750,37250,36200,37000,91447,0.016483516483516425
2023-11-07,36950,36950,35800,36000,61946,-0.027027027027026973
2023-11-08,36200,36700,35350,35500,46091,-0.01388888888888884
2023-11-09,35350,36150,35300,35500,33630,0.0
2023-11-10,35100,35350,34350,34950,49832,-0.015492957746478853
2023-11-13,34950,35250,33500,33650,48763,-0.03719599427753939
2023-11-14,33700,34950,33700,34300,44251,0.019316493313521477
2023-11-15,34600,35300,34600,34750,43685,0.013119533527696792
2023-11-16,35000,35200,34450,34900,31687,0.004316546762589857
2023-11-17,34950,34950,32800,32850,117141,-0.05873925501432664
2023-11-20,33200,34100,33050,33800,56667,0.028919330289193246
2023-11-21,34000,34650,33900,34250,50707,0.013313609467455523
2023-11-22,34250,34700,34050,34500,60006,0.007299270072992803
2023-11-23,35650,36500,34200,34400,136422,-0.0028985507246376274
2023-11-24,34500,34800,33800,33800,43250,-0.01744186046511631
2023-11-27,33600,35650,33550,35600,102044,0.053254437869822535
2023-11-28,35500,35950,34950,35450,63627,-0.004213483146067398
2023-11-29,36300,36300,34350,34350,82331,-0.031029619181946355
2023-11-30,34250,34700,33900,34000,42525,-0.010189228529839833
2023-12-01,34000,35000,34000,34250,42773,0.007352941176470562
2023-12-04,34300,34900,33650,34050,37223,-0.005839416058394109
2023-12-05,33900,33950,33050,33150,42250,-0.026431718061673992
2023-12-06,33000,33350,32900,33150,25080,0.0
2023-12-07,33150,33350,32850,32850,22685,-0.009049773755656076
2023-12-08,32900,33250,32800,32900,20052,0.0015220700152207556
2023-12-11,32950,33450,32900,33200,24522,0.00911854103343468
2023-12-12,33100,33900,33000,33800,31417,0.01807228915662651
2023-12-13,33850,33850,33100,33250,23624,-0.016272189349112454
2023-12-14,33400,33600,33050,33200,28939,-0.0015037593984962294
2023-12-15,33150,33550,32850,32850,39907,-0.010542168674698815
2023-12-18,32850,33100,32300,32450,35776,-0.0121765601217656
2023-12-19,32300,32450,31050,31700,51473,-0.023112480739599373
2023-12-20,32100,32200,31600,31750,28825,0.001577287066246047
2023-12-21,31750,32400,31150,31600,56917,-0.0047244094488189115
2023-12-22,31850,31900,31500,31550,17506,-0.0015822784810126667
2023-12-26,32250,33450,31900,33000,86354,0.045958795562599075
2023-12-27,32950,33100,32300,32350,31797,-0.019696969696969657
2023-12-28,32200,33250,32200,33000,26963,0.020092735703245657
2024-01-02,33000,33250,32900,33000,19578,0.0
2024-01-03,33200,33200,32350,32400,19126,-0.018181818181818188
2024-01-04,32100,32600,31550,31800,27092,-0.01851851851851849
2024-01-05,31600,32200,31600,31800,13044,0.0
2024-01-08,31750,31750,31200,31400,17601,-0.012578616352201255
2024-01-09,31400,31550,31050,31200,28476,-0.006369426751592355
2024-01-10,31200,31550,30800,31150,28072,-0.0016025641025640969
2024-01-11,31150,31750,31100,31450,14962,0.009630818619582593
2024-01-12,31300,31450,30800,31000,18537,-0.014308426073131986
2024-01-15,31050,31050,30100,30150,36595,-0.02741935483870972
2024-01-16,30100,30300,29650,29700,25204,-0.014925373134328401
2024-01-17,29550,29700,28300,28350,53017,-0.045454545454545414
2024-01-18,28450,28800,28000,28500,27565,0.005291005291005346
2024-01-19,28500,29200,28300,28550,14853,0.0017543859649122862
2024-01-22,28650,29100,28500,28600,16253,0.0017513134851139256
2024-01-23,28300,29250,28200,29050,20182,0.01573426573426584
2024-01-24,29050,29350,28550,28800,13579,-0.008605851979345935
2024-01-25,28550,29450,28350,28700,21295,-0.00347222222222221
2024-01-26,28400,29550,28400,29200,14728,0.017421602787456525
2024-01-29,29650,30250,29400,29700,27254,0.017123287671232834
2024-01-30,29500,30150,29200,29300,18674,-0.013468013468013518
2024-01-31,29150,29300,28300,28650,18135,-0.022184300341296925
2024-02-01,28250,29000,28250,29000,10309,0.01221640488656206
2024-02-02,29100,29650,29000,29300,11199,0.010344827586206806
2024-02-05,29350,29600,28800,29500,12458,0.006825938566553003
2024-02-06,29500,29900,28950,29150,9639,-0.011864406779661052
2024-02-07,28950,29350,28700,29200,11590,0.0017152658662091813
2024-02-08,29300,29400,29000,29100,8246,-0.003424657534246589
2024-02-13,30100,32200,29900,31450,159070,0.0807560137457044
2024-02-14,30650,31200,30400,30800,38117,-0.020667726550079535
2024-02-15,30700,31000,30300,30650,28897,-0.004870129870129913
2024-02-16,30650,31250,30300,30950,30459,0.00978792822185981
2024-02-19,30650,31000,30450,30600,20866,-0.011308562197092087
2024-02-20,30450,30650,30250,30300,12549,-0.009803921568627416
2024-02-21,30300,31150,30000,30700,47086,0.013201320132013139
2024-02-22,30800,31750,30550,31750,45724,0.03420195439739415
2024-02-23,31750,32000,31350,31700,23110,-0.0015748031496063408
2024-02-26,31850,31900,30550,30600,24254,-0.034700315457413256
2024-02-27,30400,30700,29850,29850,17320,-0.02450980392156865
2024-02-28,29700,30150,29650,29900,11804,0.0016750418760469454
2024-02-29,29700,29850,29250,29550,14716,-0.01170568561872909
2024-03-04,29550,29750,29200,29200,19568,-0.011844331641285955
2024-03-05,29300,29300,28800,29050,20175,-0.005136986301369828
2024-03-06,28750,29100,28750,29100,12476,0.001721170395869276
2024-03-07,29100,29250,28550,28950,11401,-0.005154639175257714
2024-03-08,28950,29150,28550,28600,14741,-0.012089810017271163
2024-03-11,28550,29100,28400,28800,11756,0.006993006993007089
2024-03-12,28550,29200,28550,28800,8020,0.0
2024-03-13,28950,31450,28700,29500,112723,0.02430555555555558
2024-03-14,29400,29900,28800,29300,24877,-0.006779661016949157
2024-03-15,30700,30800,29500,30200,76714,0.030716723549488067
2024-03-18,30350,30700,29900,30450,32620,0.008278145695364225
2024-03-19,30300,30300,29400,29450,23268,-0.03284072249589487
2024-03-20,29450,29650,29200,29250,9370,-0.006791171477079749
2024-03-21,29250,29750,29250,29400,12640,0.00512820512820511
2024-03-22,29450,30000,29450,29700,13434,0.010204081632652962
2024-03-25,29700,29700,29050,29300,13155,-0.013468013468013518
2024-03-26,29100,29400,29000,29200,5233,-0.0034129692832765013
2024-03-27,29050,29150,28850,28900,11462,-0.010273972602739767
2024-03-28,28850,29150,28750,28900,10505,0.0
2024-03-29,28900,29400,28750,28850,11168,-0.0017301038062284002
2024-04-01,28750,29250,28750,29100,11432,0.008665511265164572
2024-04-02,28900,29200,28700,28950,11361,-0.005154639175257714
2024-04-03,28700,29050,28700,28700,8884,-0.008635578583765069
2024-04-04,28800,29000,28250,28400,14863,-0.010452961672473893
2024-04-05,28350,28450,27900,28100,17914,-0.010563380281690127
2024-04-08,27850,28100,27600,27600,14722,-0.017793594306049876
2024-04-09,27550,27850,27350,27400,9133,-0.007246376811594235
2024-04-11,27000,27950,26900,27350,7986,-0.0018248175182481452
2024-04-12,27300,27750,27050,27600,7737,0.009140767824497242
2024-04-15,27350,27450,26900,27100,9305,-0.018115942028985477
2024-04-16,26800,26950,25600,26100,27568,-0.03690036900369009
2024-04-17,26000,26600,26000,26250,7818,0.005747126436781658
2024-04-18,25850,27200,25800,27150,13676,0.03428571428571425
2024-04-19,27100,27150,25800,26450,11018,-0.025782688766114226
2024-04-22,26400,27350,26400,26550,7303,0.003780718336483968
2024-04-23,27150,27200,26650,26850,8225,0.011299435028248483
2024-04-24,26850,27350,26800,27150,5237,0.011173184357541999
2024-04-25,26850,27350,26850,27100,6348,-0.0018416206261510082
2024-04-26,27300,27300,26950,26950,8267,-0.005535055350553542
2024-04-29,26850,27800,26850,27450,10771,0.01855287569573294
2024-04-30,27450,27950,27450,27850,7455,0.014571948998178597
2024-05-02,27800,28000,27650,27900,7652,0.0017953321364452268
2024-05-03,27850,28050,27750,27900,7645,0.0
2024-05-07,27700,27950,27700,27750,4300,-0.005376344086021501
2024-05-08,27500,28150,27400,28100,9468,0.012612612612612706
2024-05-09,28100,28250,27800,27900,6615,-0.007117437722419906
2024-05-10,28050,28100,27750,27900,4316,0.0
2024-05-13,27800,28150,27700,27700,12248,-0.007168458781361964
2024-05-14,27500,27950,27500,27800,8414,0.0036101083032491488
2024-05-16,28000,28500,27850,28250,9791,0.01618705035971213
2024-05-17,28150,28250,27500,27900,9509,-0.012389380530973493
2024-05-20,27550,27850,27550,27750,8118,-0.005376344086021501
2024-05-21,27500,27800,27450,27500,10939,-0.009009009009009028
2024-05-22,27550,27800,27250,27550,8499,0.0018181818181817189
2024-05-23,27350,27800,27350,27350,7741,-0.007259528130671544
2024-05-24,27350,27600,26850,27050,13558,-0.010968921389396757
2024-05-27,27650,28000,27050,27950,15458,0.03327171903881698
2024-05-28,27650,29350,27550,28350,48594,0.014311270125223707
2024-05-29,27950,28300,27700,27850,13779,-0.01763668430335097
2024-05-30,27600,27700,27300,27500,9488,-0.012567324955116699
2024-05-31,27300,27750,27250,27400,6895,-0.0036363636363636598
2024-06-03,27700,27850,27150,27850,8035,0.01642335766423364
2024-06-04,27650,30100,27450,30050,88632,0.07899461400359065
2024-06-05,29250,32650,28900,29950,447967,-0.0033277870216306127
2024-06-07,30200,33650,28150,28600,626489,-0.04507512520868118
2024-06-10,28750,29400,27950,28400,65961,-0.006993006993006978
2024-06-11,28400,29350,28200,28650,64285,0.008802816901408494
2024-06-12,28550,31400,28550,29500,290090,0.029668411867364686
2024-06-13,29700,31450,29300,30500,217685,0.03389830508474567
2024-06-14,30500,30650,29350,29450,69948,-0.03442622950819674
2024-06-17,30100,30500,29050,29050,54915,-0.01358234295415961
2024-06-18,29100,29450,28700,28950,22443,-0.0034423407917383297
2024-06-19,28950,29000,28200,28500,43790,-0.015544041450777257
2024-06-20,28500,29100,28450,29000,20915,0.01754385964912286
2024-06-21,28600,29000,28100,28350,28462,-0.022413793103448265
2024-06-24,28350,28400,27450,27800,34152,-0.01940035273368612
2024-06-25,27550,28800,27400,28700,20954,0.03237410071942448
2024-06-26,28650,28950,27800,27800,12135,-0.03135888501742157
2024-06-27,27850,28200,27400,27550,7742,-0.008992805755395739
2024-06-28,27500,27800,27500,27600,7845,0.001814882032667775
2024-07-01,28050,28850,27650,28200,28037,0.021739130434782705
2024-07-02,28150,28750,27550,28300,19859,0.0035460992907800915
2024-07-03,28500,28500,27550,27550,20232,-0.026501766784452263
2024-07-04,27400,27900,27350,27500,13872,-0.001814882032667886
2024-07-05,27550,27600,26950,26950,26386,-0.020000000000000018
2024-07-08,26950,27250,26850,26850,15784,-0.0037105751391465214
2024-07-09,26850,27150,26500,26800,14060,-0.0018621973929237035
2024-07-10,26800,27300,26600,26950,14146,0.005597014925373234
2024-07-11,27000,27150,26800,26850,9527,-0.0037105751391465214
2024-07-12,26850,27150,26700,26750,12892,-0.003724394785847296
2024-07-15,27300,28950,27200,28400,91603,0.06168224299065428
2024-07-16,28500,30300,28500,29400,121605,0.035211267605633756
2024-07-17,29450,29700,29000,29350,28780,-0.00170068027210879
2024-07-18,29050,29350,28600,28800,18929,-0.01873935264054516
2024-07-19,28700,29150,28300,28800,15840,0.0
2024-07-22,28600,31250,28600,30850,303665,0.07118055555555558
2024-07-23,30250,30950,29900,30450,87022,-0.012965964343598091
2024-07-24,29950,30150,29050,29150,59110,-0.04269293924466333
2024-07-25,29800,31450,29000,30000,400996,0.029159519725557415
2024-07-26,29700,30800,29550,30500,101410,0.016666666666666607
2024-07-29,30150,30300,29450,29700,48644,-0.02622950819672132
2024-07-30,29600,30000,28850,29400,82949,-0.010101010101010055
2024-07-31,30400,31350,29150,30900,190503,0.05102040816326525
2024-08-01,30100,30800,29450,29650,86914,-0.04045307443365698
2024-08-02,29200,29450,27500,27900,68948,-0.05902192242833049
2024-08-05,27350,27700,20100,23550,97730,-0.15591397849462363
2024-08-06,23550,25150,23200,24350,46336,0.03397027600849256
2024-08-07,24350,25850,24350,25150,27307,0.03285420944558526
2024-08-08,24950,25350,24350,24500,23953,-0.025844930417495027
2024-08-09,25150,25800,25050,25450,25385,0.038775510204081653
2024-08-12,25350,26050,25350,26050,23811,0.023575638506876162
2024-08-13,26150,26250,25450,25550,18667,-0.019193857965451033
2024-08-14,25750,26200,25700,26000,9004,0.017612524461839474
2024-08-16,26300,26300,25600,25650,22576,-0.013461538461538414
2024-08-19,25550,25900,24850,25050,22139,-0.023391812865497075
2024-08-20,25050,25800,24900,25200,32216,0.0059880239520957446
2024-08-21,25400,25650,25050,25350,16449,0.005952380952380931
2024-08-22,25350,25450,24650,24700,18561,-0.02564102564102566
2024-08-23,25150,25150,24150,24600,10977,-0.004048582995951455
2024-08-26,24600,24600,24050,24300,12331,-0.012195121951219523
2024-08-27,23950,24200,23700,24050,21922,-0.010288065843621408
2024-08-28,24050,24750,23300,23300,17423,-0.03118503118503113
2024-08-29,23300,23500,22950,23050,11045,-0.010729613733905574
2024-08-30,22950,23400,22900,23000,6503,-0.002169197396963085
2024-09-02,23450,23450,22950,23200,6393,0.008695652173912993
2024-09-03,23200,23900,23000,23750,7067,0.0237068965517242
2024-09-04,23650,23650,22800,22950,18701,-0.03368421052631576
2024-09-05,22700,23250,22150,22250,16875,-0.030501089324618702
2024-09-06,22050,22300,20850,21100,26451,-0.051685393258426915
2024-09-09,20550,21250,20350,21150,25019,0.0023696682464455776
2024-09-10,21050,21250,20650,20750,13485,-0.01891252955082745
2024-09-11,20600,21800,20550,20950,8000,0.009638554216867545
2024-09-12,20950,21900,20950,21900,9742,0.04534606205250591
2024-09-13,21600,22500,21600,22000,8841,0.004566210045662045
2024-09-19,22100,22400,21400,22100,6275,0.00454545454545463
2024-09-20,22100,22450,21800,21800,7653,-0.013574660633484115
2024-09-23,21800,23450,21700,22050,11379,0.011467889908256979
2024-09-24,21900,22500,21900,21900,5258,-0.006802721088435382
2024-09-25,21900,22950,21900,22200,8473,0.013698630136986356
2024-09-26,22100,22750,22100,22600,8403,0.018018018018018056
2024-09-27,22700,23450,22500,22600,10363,0.0
2024-09-30,22550,22700,22150,22200,4775,-0.017699115044247815
2024-10-02,21900,22700,21900,22050,4826,-0.006756756756756799
2024-10-04,21950,22250,21850,21850,3430,-0.009070294784580546
2024-10-07,21800,22350,21750,22050,7600,0.009153318077803174
2024-10-08,21950,22600,21950,22050,6428,0.0
2024-10-10,22050,22450,22000,22000,7325,-0.0022675736961451642
2024-10-11,22050,23000,22050,22500,10690,0.022727272727272707
2024-10-14,22500,22600,22200,22250,5892,-0.011111111111111072
2024-10-15,22350,22900,22250,22900,8585,0.02921348314606731
2024-10-16,22700,23300,22550,22900,7607,0.0
2024-10-17,22900,23300,22700,22900,4733,0.0
2024-10-18,22900,22950,22350,22850,5523,-0.0021834061135370675
2024-10-21,22550,22850,22300,22300,7732,-0.024070021881838044
2024-10-22,22100,22300,21800,21800,7870,-0.022421524663677084
2024-10-23,22200,22450,21650,22300,8282,0.022935779816513735
2024-10-24,21950,22350,21800,21800,6622,-0.022421524663677084
2024-10-25,21850,22100,21450,22050,11995,0.011467889908256979
2024-10-28,22050,22800,21800,22650,11649,0.027210884353741527
2024-10-29,22500,23300,22350,22600,10364,-0.002207505518763808
2024-10-30,22700,24050,22650,23350,58277,0.0331858407079646
2024-10-31,23300,23300,22700,22700,13751,-0.027837259100642386
2024-11-01,22700,23000,22300,22450,8359,-0.011013215859030812
2024-11-04,22400,23100,22200,22750,9055,0.013363028953229383
2024-11-05,22050,22800,22050,22800,7103,0.00219780219780219
2024-11-06,22500,25100,22200,24800,105137,0.08771929824561409
2024-11-07,24550,24550,23600,23850,40000,-0.03830645161290325
2024-11-08,24000,24900,23700,24400,44244,0.023060796645702375
2024-11-11,24800,26200,23900,24900,138218,0.020491803278688492
2024-11-12,24900,27750,24450,26500,321715,0.06425702811244971
2024-11-13,26350,28300,24850,26000,269721,-0.018867924528301883
2024-11-14,25500,27500,25150,25400,88448,-0.023076923076923106
2024-11-15,25000,27300,24050,26250,128137,0.0334645669291338
2024-11-18,25700,26250,25200,25950,33513,-0.011428571428571455
2024-11-19,25650,26000,25200,25400,30074,-0.021194605009633882
2024-11-20,25350,25350,23800,23800,58237,-0.06299212598425197
2024-11-21,24250,25850,24000,25450,119097,0.06932773109243695
2024-11-22,25000,25050,24450,24650,36892,-0.03143418467583492
2024-11-25,24800,25350,24700,24900,32558,0.010141987829614507
2024-11-26,25500,25950,25150,25300,53334,0.016064257028112428
2024-11-27,25700,27100,25300,25450,172803,0.005928853754940677
2024-11-28,25600,25650,24800,24850,32110,-0.023575638506876273
2024-11-29,24700,24850,24000,24000,28535,-0.03420523138832998
2024-12-02,24450,24450,23300,23500,16603,-0.02083333333333337
2024-12-03,23200,24050,23200,23700,10006,0.008510638297872353
2024-12-04,22550,23650,22500,22850,33382,-0.03586497890295359
2024-12-05,23250,23250,22100,22450,20298,-0.017505470459518557
2024-12-06,22200,22850,21500,22000,27781,-0.020044543429844075
2024-12-09,21900,21900,20400,20400,30845,-0.07272727272727275
2024-12-10,20900,22350,20900,22300,23367,0.09313725490196068
2024-12-11,22000,23550,22000,23500,31369,0.053811659192825045
2024-12-12,23700,24100,23300,23700,28698,0.008510638297872353
2024-12-13,23750,24750,23750,24550,34643,0.03586497890295348
2024-12-16,24500,24600,24100,24250,14985,-0.012219959266802416
2024-12-17,24450,24800,24000,24550,16539,0.012371134020618513
2024-12-18,24550,24550,23900,24200,11917,-0.014256619144602856
2024-12-19,24150,24850,23750,24300,22446,0.004132231404958775
2024-12-20,24300,24350,23600,23750,14331,-0.02263374485596703
2024-12-23,24050,24250,23850,24000,10824,0.010526315789473717
2024-12-24,24250,24250,23750,23950,10635,-0.002083333333333326
2024-12-26,24300,24300,23700,23950,12759,0.0
2024-12-27,23900,23900,22800,22800,13856,-0.04801670146137782
2024-12-30,22900,23450,22650,23400,5923,0.026315789473684292
2025-01-02,23600,23850,23300,23600,6596,0.008547008547008517
2025-01-03,23400,23950,23400,23850,3448,0.010593220338983134
2025-01-06,23800,23850,23100,23850,4659,0.0
2025-01-07,23850,24400,23750,24100,19215,0.01048218029350112
2025-01-08,23800,24000,23650,23800,11505,-0.012448132780082943
2025-01-09,23800,23850,23650,23850,6845,0.0021008403361344463
2025-01-10,23800,24600,23550,24400,15780,0.023060796645702375
2025-01-13,24300,24600,24100,24100,8774,-0.012295081967213073
2025-01-14,24000,24550,23900,24500,11711,0.016597510373443924
2025-01-15,24550,24550,24050,24200,5790,-0.01224489795918371
2025-01-16,24700,24950,24100,24600,21566,0.016528925619834656
2025-01-17,24900,24900,24200,24700,11067,0.004065040650406582
2025-01-20,24950,24950,24200,24350,11358,-0.014170040485829927
2025-01-21,24300,24750,24300,24450,7082,0.004106776180698102
2025-01-22,24450,25100,24250,24950,18896,0.020449897750511203
2025-01-23,25000,25000,24200,24400,19140,-0.022044088176352727
2025-01-24,24400,24950,24250,24850,12066,0.018442622950819665
2025-01-31,24650,24850,23900,24100,20936,-0.030181086519114664
2025-02-03,24000,24050,22600,23050,17211,-0.04356846473029041
2025-02-04,23500,23550,23100,23400,10811,0.015184381778741818
2025-02-05,23350,23600,23200,23250,11310,-0.0064102564102563875
2025-02-06,23600,24650,23600,24500,34750,0.053763440860215006
2025-02-07,24350,24950,24050,24350,17260,-0.006122448979591799
2025-02-10,24400,25250,24300,24950,32816,0.024640657084188833
2025-02-11,24950,25100,24350,24800,10444,-0.006012024048096198
2025-02-12,24800,24800,24350,24600,7316,-0.008064516129032251
2025-02-13,25350,26100,25100,25250,69633,0.026422764227642226
2025-02-14,25350,25600,24800,24800,15468,-0.017821782178217838
2025-02-17,25100,25100,23500,24700,10160,-0.0040322580645161255
2025-02-18,24550,25150,24550,25050,13553,0.014170040485830038
2025-02-19,25350,25350,24550,24600,16743,-0.017964071856287456
2025-02-20,24400,24800,24100,24300,14844,-0.012195121951219523
2025-02-21,24300,25000,24100,24300,10176,0.0
2025-02-24,24300,24500,23600,24150,7391,-0.006172839506172867
2025-02-25,24250,24500,24000,24050,13147,-0.0041407867494823725
2025-02-26,24250,24650,23700,24250,15707,0.008316008316008316
2025-02-27,24150,24450,24050,24250,11365,0.0
2025-02-28,24250,24300,23350,23450,16657,-0.03298969072164948
2025-03-04,22750,23350,22400,22700,22579,-0.031982942430703654
2025-03-05,21750,23350,21750,23200,63388,0.022026431718061623
2025-03-06,23500,23500,22900,22900,9810,-0.012931034482758674
2025-03-07,22750,23050,22550,22900,10043,0.0
2025-03-10,22700,22800,22050,22500,9876,-0.017467248908296984
2025-03-11,21800,22550,21800,22250,12802,-0.011111111111111072
2025-03-12,22600,22700,22150,22200,10274,-0.0022471910112359383
2025-03-13,22200,22550,21900,22000,8308,-0.009009009009009028
2025-03-14,22000,22450,22000,22350,6577,0.015909090909090873
2025-03-17,22550,22850,22100,22350,7313,0.0
2025-03-18,22200,22550,22150,22300,10482,-0.0022371364653244186
2025-03-19,22300,22750,22050,22100,15186,-0.008968609865470878
2025-03-20,22100,22250,21650,21750,16118,-0.015837104072398245
2025-03-21,21750,21950,21250,21350,7729,-0.01839080459770115
2025-03-24,21250,21800,21100,21400,5576,0.0023419203747072626
2025-03-25,21400,21850,21200,21200,7829,-0.009345794392523366
2025-03-26,21250,21600,21150,21400,4736,0.009433962264151052
2025-03-27,21500,21850,21200,21450,5751,0.002336448598130758
2025-03-28,21750,21750,21100,21200,11509,-0.011655011655011704
2025-03-31,21200,21200,20200,20350,21612,-0.04009433962264153
2025-04-01,20550,21450,20550,21250,9078,0.04422604422604426
2025-04-02,21150,21350,20750,21050,7306,-0.009411764705882342
2025-04-03,20900,21200,20750,20850,6386,-0.009501187648456089
2025-04-04,20400,21850,20400,21700,11926,0.04076738609112707
2025-04-07,20700,20700,20000,20500,19511,-0.055299539170506895
2025-04-08,20500,20800,20000,20200,6420,-0.014634146341463428
2025-04-09,19810,20150,19500,19700,15394,-0.024752475247524774
2025-04-10,19900,20900,19900,20850,16336,0.058375634517766395
2025-04-11,20700,20900,20400,20900,3507,0.0023980815347721673
2025-04-14,20750,21350,20650,21000,3354,0.004784688995215225
2025-04-15,21050,21400,21000,21400,3922,0.01904761904761898
2025-04-16,21450,21600,20950,20950,6724,-0.0210280373831776
2025-04-17,21000,22250,20950,22100,15122,0.054892601431980825
2025-04-18,22100,22500,21950,22100,8764,0.0
2025-04-21,22700,23100,22000,22000,27777,-0.004524886877828038
2025-04-22,22450,23250,21150,22900,49185,0.040909090909091006
2025-04-23,22500,23300,22500,23200,20895,0.013100436681222627
2025-04-24,23200,23250,22700,22900,8595,-0.012931034482758674
2025-04-25,23100,23100,22800,22900,5465,0.0
2025-04-28,22900,23400,22800,22950,8511,0.0021834061135370675
2025-04-29,23200,24200,22700,23500,25553,0.023965141612200425
2025-04-30,24100,24350,23500,23700,24905,0.008510638297872353
2025-05-02,25350,27850,24500,24800,256776,0.04641350210970474
2025-05-07,23500,25000,23500,24650,54842,-0.006048387096774244
2025-05-08,24250,24550,24000,24000,24117,-0.026369168356997985
2025-05-09,24100,24900,23750,23750,24445,-0.01041666666666663
2025-05-12,24500,24900,23900,24050,27599,0.012631578947368327
2025-05-13,24050,24400,23700,24050,21026,0.0
2025-05-14,24050,24200,23800,24000,14051,-0.0020790020790020236
2025-05-15,24000,24300,23600,23700,18051,-0.012499999999999956
2025-05-16,24100,24100,23400,23600,15278,-0.00421940928270037
2025-05-19,23700,24250,23350,23450,15412,-0.006355932203389814
2025-05-20,23850,24550,23500,24200,26580,0.031982942430703654
2025-05-21,24200,24450,22750,23900,12072,-0.012396694214875992
2025-05-22,23650,24000,23450,23600,9028,-0.012552301255230103
2025-05-23,23250,24300,23250,24250,13535,0.02754237288135597
2025-05-26,24250,24300,23850,24150,5561,-0.004123711340206171
2025-05-27,24200,24200,23650,23850,4622,-0.012422360248447228
2025-05-28,24050,24300,23800,23800,6561,-0.002096436058700246
2025-05-29,24450,24450,23800,24250,9732,0.018907563025210017
2025-05-30,24500,24500,23950,24050,10159,-0.008247422680412342
2025-06-02,24400,24500,23950,24350,7906,0.012474012474012364
2025-06-04,24500,24700,24100,24600,15320,0.010266940451745477
2025-06-05,24650,25750,24600,25300,26810,0.028455284552845628
2025-06-09,25500,25700,25000,25150,22429,-0.005928853754940677
2025-06-10,25150,25700,25050,25250,14402,0.003976143141153132
2025-06-11,25300,25450,24900,24900,13189,-0.013861386138613874
2025-06-12,25400,26450,25400,25850,59445,0.0381526104417671
2025-06-13,26350,26950,25000,25800,47542,-0.0019342359767892114
2025-06-16,25800,25800,25000,25400,21542,-0.015503875968992276
2025-06-17,25400,25900,24700,25150,19012,-0.009842519685039353
2025-06-18,25450,25600,24800,24900,18092,-0.00994035785288272
2025-06-19,25200,25250,23700,24850,26840,-0.002008032128514081
2025-06-20,25050,25150,24650,24650,18178,-0.008048289738430636
2025-06-23,24600,24600,23600,23650,23481,-0.04056795131845847
2025-06-24,24200,24950,24100,24750,24822,0.04651162790697683
2025-06-25,24750,25500,24750,25000,24130,0.010101010101010166
2025-06-26,25100,25100,24150,24450,20897,-0.02200000000000002
2025-06-27,24550,24650,23950,24050,11916,-0.01635991820040905
2025-06-30,24100,24200,23500,23950,11111,-0.004158004158004158
2025-07-01,24100,24600,23950,24400,9658,0.018789144050104456
2025-07-02,24500,24550,23550,23950,11858,-0.018442622950819665
2025-07-03,24000,24300,23800,24300,11470,0.014613778705636848
2025-07-04,24300,24400,23800,23950,12850,-0.014403292181069949
2025-07-07,24050,24050,23450,23550,11488,-0.01670146137787054
2025-07-08,23550,23750,23350,23700,5232,0.006369426751592355
2025-07-09,23800,24350,23550,24050,17458,0.014767932489451407
2025-07-10,24400,24400,23500,23750,10988,-0.012474012474012475
2025-07-11,23800,24150,23500,23800,16010,0.002105263157894832
2025-07-14,23800,24050,23650,24050,8773,0.010504201680672232
2025-07-15,24150,25000,23800,24200,47721,0.006237006237006293
2025-07-16,24500,24500,23850,24000,15778,-0.008264462809917328
2025-07-17,23700,24250,23350,23800,34509,-0.008333333333333304
2025-07-18,23600,23800,23500,23600,16247,-0.008403361344537785
2025-07-21,23600,24100,23600,23800,10578,0.008474576271186418
2025-07-22,24000,24000,23500,23750,9512,-0.0021008403361344463
2025-07-23,23750,23800,23450,23600,10481,-0.0063157894736841635
2025-07-24,23750,23750,23100,23100,13388,-0.021186440677966156
2025-07-25,23200,23550,22950,22950,15439,-0.00649350649350644
2025-07-28,22900,23300,22650,22700,20859,-0.01089324618736387
2025-07-29,22900,23100,22600,22950,9152,0.011013215859030812
2025-07-30,22800,23150,22750,22900,3855,-0.002178649237472796
2025-07-31,23200,23500,22850,23250,12942,0.015283842794759916
2025-08-01,23250,23300,22550,22900,15981,-0.01505376344086018
2025-08-04,22850,23550,22550,22800,5996,-0.004366812227074246
2025-08-05,23000,23300,22850,23200,9005,0.01754385964912286
2025-08-06,23100,23600,23100,23300,9631,0.004310344827586299
2025-08-07,23600,23900,23550,23750,16461,0.0193133047210301
2025-08-08,24200,24900,23900,24700,48660,0.040000000000000036
2025-08-11,25250,25450,24750,25150,42122,0.018218623481781382
2025-08-12,24750,25200,24700,25000,11749,-0.005964214711729587
2025-08-13,25000,25000,24200,24400,15038,-0.02400000000000002
2025-08-14,24400,25300,24350,24700,14748,0.012295081967213184
2025-08-18,24750,24750,24000,24400,13020,-0.012145748987854255
2025-08-19,24400,25200,24100,24150,22691,-0.010245901639344246
2025-08-20,23950,24350,23550,24200,13903,0.0020703933747412417
2025-08-21,24350,24400,23750,23900,7754,-0.012396694214875992
2025-08-22,23850,24300,23800,24100,9356,0.008368200836819994
2025-08-25,24000,24300,23550,23600,10623,-0.020746887966805017
2025-08-26,24300,24300,23200,23300,11495,-0.012711864406779627
2025-08-27,23500,23500,22950,23250,9506,-0.0021459227467811592
2025-08-28,23250,23300,22800,22950,4658,-0.012903225806451646
2025-08-29,22950,23250,22750,22850,9193,-0.004357298474945481
2025-09-01,23100,23200,22750,23050,9832,0.00875273522975939
2025-09-02,23100,23400,22900,23050,9101,0.0
2025-09-03,23250,23250,22850,22950,6324,-0.004338394793926281
2025-09-04,22950,23300,22900,23050,16156,0.004357298474945592
2025-09-05,23300,23300,22800,23100,7894,0.002169197396963085
2025-09-08,23100,23150,22650,22700,11538,-0.017316017316017285
2025-09-09,22800,22800,22350,22500,15270,-0.008810572687224627
2025-09-10,22500,22750,22450,22650,12200,0.006666666666666599
2025-09-11,22650,22750,22400,22550,10191,-0.004415011037527616
2025-09-12,22700,22750,22450,22500,10204,-0.0022172949002217113
2025-09-15,22500,22550,22300,22400,14254,-0.004444444444444473
2025-09-16,22500,22600,22350,22450,9423,0.0022321428571427937
2025-09-17,22450,22450,22100,22150,13692,-0.013363028953229383
2025-09-18,22200,22300,21850,22000,16273,-0.006772009029345383
2025-09-19,22050,22200,21850,22000,8494,0.0
2025-09-22,22150,22150,21850,21900,8580,-0.004545454545454519
2025-09-23,21900,21950,21750,21800,9997,-0.004566210045662156
2025-09-24,21850,21850,21450,21550,7936,-0.011467889908256867
2025-09-25,21650,21850,21450,21750,4221,0.009280742459396807
2025-09-26,22000,22000,20950,21400,11903,-0.016091954022988464
2025-09-29,21450,21850,21450,21750,2208,0.016355140186915973
2025-09-30,21750,21850,21500,21500,3794,-0.011494252873563204
2025-10-01,21600,21900,21450,21600,4031,0.0046511627906977715
2025-10-02,21850,21900,21650,21750,5537,0.00694444444444442
2025-10-10,21750,21800,21300,21350,7271,-0.01839080459770115
2025-10-13,21350,21500,21100,21200,11607,-0.007025761124121788
2025-10-14,21550,21800,21250,21400,6766,0.009433962264151052
2025-10-15,21550,22000,21550,21900,9646,0.02336448598130847
2025-10-16,22100,22100,21650,21750,5860,-0.006849315068493178
2025-10-17,22200,22450,21800,22100,22379,0.016091954022988464
2025-10-20,22250,22450,21750,21950,9808,-0.006787330316742057
2025-10-21,21950,22300,21850,21900,16002,-0.002277904328018221
