Date,Open,High,Low,Close,Volume,Change
2013-07-29,13586,13586,13204,13252,50730,
2013-07-30,13204,13443,13204,13348,20984,0.007244189556293357
2013-07-31,12632,12823,12155,12823,239834,-0.03933173509139942
2013-08-01,12680,13443,12680,13062,55203,0.018638384153474297
2013-08-02,13061,13157,12871,13014,15280,-0.003674781809830052
2013-08-05,13347,13443,13109,13109,26880,0.0072998309512832815
2013-08-06,13300,13347,13109,13205,15270,0.007323213059730049
2013-08-07,13204,13681,13157,13443,43451,0.01802347595607734
2013-08-08,13443,14396,13443,14253,75720,0.06025440749832622
2013-08-09,14110,14301,13872,14015,45490,-0.01669823896723499
2013-08-12,14110,14253,13729,13729,31850,-0.02040670709953618
2013-08-13,13633,13967,13633,13634,10051,-0.00691965911574044
2013-08-14,13633,13776,13586,13729,21533,0.006967874431568211
2013-08-16,13633,13824,13586,13586,8911,-0.010415907932114554
2013-08-19,13490,13633,13252,13252,22326,-0.024584130722802855
2013-08-20,13109,13300,12394,12585,44631,-0.05033202535466341
2013-08-21,12632,12775,12155,12490,39510,-0.007548669050456924
2013-08-22,12489,12489,11965,12061,36880,-0.03434747798238591
2013-08-23,12203,12680,12060,12680,32290,0.051322444241771015
2013-08-26,12632,12680,12346,12394,19012,-0.02255520504731856
2013-08-27,12394,12585,12346,12585,20740,0.0154106825883491
2013-08-28,12299,12823,12155,12776,15548,0.015176797775129147
2013-08-29,12775,13014,12680,12966,22526,0.014871634314339355
2013-08-30,12966,13109,12871,12966,15340,0.0
2013-09-02,12966,13061,12871,13062,11470,0.007403979639055924
2013-09-03,13109,13729,13109,13538,42040,0.03644158628081451
2013-09-04,13633,13681,13443,13491,13545,-0.003471709262815814
2013-09-05,13443,13729,13443,13634,18990,0.010599659031947262
2013-09-06,13824,14777,13300,14540,134030,0.06645151826316553
2013-09-09,14491,15206,14348,14635,75496,0.006533700137551612
2013-09-10,15063,15063,14539,14683,27439,0.0032798086778271784
2013-09-11,14634,14873,14587,14683,21390,0.0
2013-09-12,14682,14682,14301,14397,43381,-0.019478308247633302
2013-09-13,14301,14491,14253,14349,10634,-0.0033340279224838287
2013-09-16,14110,14301,14015,14206,15530,-0.009965851278834759
2013-09-17,14396,14396,14158,14397,14910,0.013445023229621267
2013-09-23,14253,14491,14062,14063,30790,-0.023199277627283466
2013-09-24,14110,14253,14015,14110,5330,0.0033421033918794585
2013-09-25,14110,14301,13967,14301,10640,0.013536498936924213
2013-09-26,14301,14825,14158,14730,14826,0.029997902244598196
2013-09-27,14587,14730,14491,14635,8576,-0.006449422946367966
2013-09-30,14444,14444,14253,14397,7271,-0.01626238469422614
2013-10-01,14158,14396,13681,14397,15690,0.0
2013-10-02,14491,14539,14205,14301,6327,-0.0066680558449676575
2013-10-04,14253,14301,13967,14253,12760,-0.0033564086427522177
2013-10-07,14301,14301,13967,14110,4482,-0.0100329755139269
2013-10-08,14015,14062,13776,14063,12373,-0.003330970942593936
2013-10-10,14062,14253,13919,14063,14030,0.0
2013-10-11,14301,14634,14110,14492,34202,0.03050558202375031
2013-10-14,14777,14777,14444,14492,19430,0.0
2013-10-15,14444,14682,14396,14587,15040,0.0065553408777256905
2013-10-16,14491,14539,14015,14158,35792,-0.02940974840611499
2013-10-17,14301,14444,14110,14253,8730,0.006709987286339869
2013-10-18,14205,14301,13919,14158,15743,-0.00666526345330809
2013-10-21,13967,14539,13967,14349,3943,0.013490606017799056
2013-10-22,14158,14348,14110,14301,6040,-0.003345180848839613
2013-10-23,14301,14301,14110,14301,7771,0.0
2013-10-24,14205,14301,14158,14301,5660,0.0
2013-10-25,14396,14396,14110,14301,10332,0.0
2013-10-28,14205,14301,14110,14206,4921,-0.006642892105447218
2013-10-29,14110,14348,14110,14253,18250,0.003308461213571645
2013-10-30,14158,15445,14158,15350,50344,0.07696625271872581
2013-10-31,15111,15778,15063,15493,33510,0.009315960912052113
2013-11-01,15492,15540,15254,15350,20396,-0.009229974827341336
2013-11-04,15254,16494,15063,16065,92552,0.04657980456026056
2013-11-05,16017,16589,16017,16303,63081,0.014814814814814836
2013-11-06,16541,16732,16064,16494,55140,0.011715635159173177
2013-11-07,16494,16684,16017,16303,52960,-0.011579968473384272
2013-11-08,16207,16446,16017,16446,40127,0.00877139176838626
2013-11-11,16589,16589,15874,15970,32180,-0.028943208074911797
2013-11-12,15921,16112,15635,16017,21362,0.002943018159048183
2013-11-13,15874,16207,15778,15970,42590,-0.0029343822188924173
2013-11-14,15826,16064,15588,15731,28832,-0.01496556042579833
2013-11-15,15731,16064,15731,16017,27892,0.01818066238637095
2013-11-18,16112,16112,15588,15779,17621,-0.014859212087157347
2013-11-19,16017,16017,15492,15541,17796,-0.015083338614614306
2013-11-20,15683,15683,14873,14873,42739,-0.042983077022070604
2013-11-21,14777,14920,14301,14683,33250,-0.012774826867477995
2013-11-22,14634,14825,14587,14730,11530,0.0032009807260096057
2013-11-25,14539,14873,14348,14873,19450,0.009708078750848559
2013-11-26,14873,14968,14634,14921,11900,0.0032273246823102397
2013-11-27,14777,15445,14777,15445,23608,0.03511828965886998
2013-11-28,15445,15921,15159,15588,31140,0.009258659760440269
2013-11-29,15349,15635,15302,15636,9274,0.003079291762894565
2013-12-02,15397,15683,15349,15398,10550,-0.015221284215911957
2013-12-03,15397,15397,15016,15255,9629,-0.009286920379270036
2013-12-04,15159,15445,15159,15445,16330,0.012454932808915187
2013-12-05,15921,15921,15111,15445,50830,0.0
2013-12-06,15254,16350,14730,16160,167252,0.046293298802201344
2013-12-09,16398,16541,15921,16113,45294,-0.0029084158415841888
2013-12-10,16017,16160,15492,15731,31385,-0.023707565319928015
2013-12-11,15540,15635,15111,15255,54821,-0.030258724810882986
2013-12-12,15349,15397,15016,15255,15303,0.0
2013-12-13,15254,15302,14873,15255,12180,0.0
2013-12-16,15302,15492,15111,15350,8750,0.006227466404457482
2013-12-17,15254,15397,15111,15255,30931,-0.006188925081433205
2013-12-18,15159,15349,15159,15255,14530,0.0
2013-12-19,15111,15397,15016,15255,25100,0.0
2013-12-20,15159,15254,14825,14873,32214,-0.02504097017371354
2013-12-23,14873,15111,14730,15016,19350,0.009614738116049182
2013-12-24,15063,15254,14825,15159,5415,0.00952317527970159
2013-12-26,15063,15159,14682,15064,16716,-0.006266904149350272
2013-12-27,15016,15063,14491,15016,20061,-0.0031864046733934837
2013-12-30,14920,15302,14587,15255,24210,0.015916355887053868
2014-01-02,15302,15302,14873,15255,13807,0.0
2014-01-03,14920,15254,14873,14873,5538,-0.02504097017371354
2014-01-06,14873,15111,14777,14969,12150,0.0064546493646204794
2014-01-07,14873,15397,14682,15159,17991,0.012692898657225005
2014-01-08,15016,15540,14920,15255,8580,0.006332871561448572
2014-01-09,15588,15588,14968,15255,22475,0.0
2014-01-10,15349,15683,15349,15541,23051,0.018747951491314252
2014-01-13,15778,16112,15635,15827,19808,0.01840293417412009
2014-01-14,15874,15874,15492,15827,13650,0.0
2014-01-15,15921,15921,15540,15779,21580,-0.0030327920641940453
2014-01-16,15826,16303,15826,15874,28130,0.006020660371379716
2014-01-17,15921,16589,15731,16446,43757,0.03603376590651375
2014-01-20,16446,16827,16112,16685,42286,0.014532409096436716
2014-01-21,16637,17161,16494,16828,26480,0.008570572370392604
2014-01-22,16637,16780,16112,16113,24783,-0.0424887092940337
2014-01-23,16207,16255,15826,16017,15471,-0.005957922174641639
2014-01-24,16017,16160,15731,16160,17630,0.00892801398514087
2014-01-27,15969,15969,15349,15779,32340,-0.02357673267326732
2014-01-28,15540,15683,15445,15588,17034,-0.012104696115089686
2014-01-29,15588,15778,15302,15684,30360,0.00615858352578913
2014-02-03,15683,15683,15159,15255,20780,-0.027352716143840827
2014-02-04,15159,15206,14873,15207,29500,-0.0031465093411996437
2014-02-05,15492,15492,15159,15302,5621,0.006247123035444169
2014-02-06,15397,15492,14920,15255,22802,-0.0030714939223630555
2014-02-07,15254,15683,15254,15684,26940,0.02812192723697149
2014-02-10,15492,15731,14873,15350,60783,-0.021295587860239773
2014-02-11,15206,15206,14634,14826,83811,-0.03413680781758954
2014-02-12,14873,14920,14301,14492,53716,-0.022527991366518285
2014-02-13,14539,14682,14444,14587,15350,0.0065553408777256905
2014-02-14,14682,14682,14348,14540,20730,-0.003222047028175745
2014-02-17,14587,14587,14253,14253,22093,-0.01973865199449798
2014-02-18,14301,14301,13967,14253,36360,0.0
2014-02-19,14301,14587,14253,14444,26355,0.0134006875745456
2014-02-20,14539,14539,14348,14349,14217,-0.0065771254500138765
2014-02-21,14301,14301,13967,14158,49572,-0.013311032127674371
2014-02-24,14110,14348,14110,14206,11508,0.0033903093657297045
2014-02-25,14158,14301,14015,14063,15287,-0.010066169224271393
2014-02-26,13967,14348,13967,14349,12987,0.020337054682500133
2014-02-27,14158,14301,13586,13824,58496,-0.03658791553418361
2014-02-28,13824,14110,13586,14110,14872,0.02068865740740744
2014-03-03,13872,14062,13681,13872,18402,-0.016867469879518038
2014-03-04,13729,13967,13729,13777,6548,-0.0068483275663207
2014-03-05,13872,14444,13872,14397,19296,0.045002540465993945
2014-03-06,14301,14587,14205,14397,16658,0.0
2014-03-07,14205,14968,14205,14587,36530,0.013197193859831868
2014-03-10,14587,14682,14444,14540,42872,-0.003222047028175745
2014-03-11,14444,14682,14444,14635,20481,0.006533700137551612
2014-03-12,14634,14920,14491,14778,30512,0.009771096686026715
2014-03-13,14682,15206,14444,15207,32932,0.029029638652050327
2014-03-14,14873,15206,14777,14873,23501,-0.021963569408824934
2014-03-17,15159,15254,14682,14873,34542,0.0
2014-03-18,14873,15111,14777,14921,8253,0.0032273246823102397
2014-03-19,15111,15731,14968,15350,50546,0.028751424167281048
2014-03-20,15254,15349,14825,15016,18603,-0.021758957654723132
2014-03-21,15016,15206,14873,15016,11651,0.0
2014-03-24,15063,15063,14634,14826,10811,-0.012653169952051124
2014-03-25,14634,14873,14253,14397,25714,-0.028935653581545928
2014-03-26,14396,14587,14253,14444,9602,0.0032645690074319944
2014-03-27,14444,14491,14253,14492,5431,0.0033231791747438955
2014-03-28,14444,14491,14205,14301,6384,-0.013179685343637892
2014-03-31,14301,14396,14062,14253,8441,-0.0033564086427522177
2014-04-01,14253,14348,14110,14349,6102,0.006735424121237621
2014-04-02,14348,14825,14301,14683,18483,0.02327688340650913
2014-04-03,14682,14730,14348,14587,11101,-0.0065381733978069345
2014-04-04,14587,14587,14301,14444,6932,-0.009803249468705033
2014-04-07,14301,14396,14158,14301,9922,-0.009900304624757661
2014-04-08,14110,14348,14110,14301,13020,0.0
2014-04-09,14301,14301,14158,14253,6314,-0.0033564086427522177
2014-04-10,14158,14396,14158,14397,22070,0.010103136181856431
2014-04-11,14301,14491,14253,14444,4242,0.0032645690074319944
2014-04-14,14396,14587,14253,14492,18297,0.0033231791747438955
2014-04-15,14491,14539,14396,14444,9780,-0.003312172232956101
2014-04-16,14444,14491,14253,14444,13792,0.0
2014-04-17,14444,14491,14348,14492,5445,0.0033231791747438955
2014-04-18,14301,14587,14301,14444,9200,-0.003312172232956101
2014-04-21,14539,14539,14396,14492,4003,0.0033231791747438955
2014-04-22,14491,14491,14301,14492,14963,0.0
2014-04-23,14491,14491,14253,14397,8651,-0.0065553408777256905
2014-04-24,14301,14301,14062,14253,13514,-0.010002083767451597
2014-04-25,14110,14253,13967,14253,17114,0.0
2014-04-28,14110,14253,13967,14063,21713,-0.01333052690661618
2014-04-29,14110,14205,13967,14110,7030,0.0033421033918794585
2014-04-30,14062,14158,14062,14158,6233,0.003401842664776833
2014-05-02,14062,14110,13967,14063,4941,-0.006709987286339869
2014-05-07,13824,13824,13061,13252,30465,-0.05766906065562116
2014-05-08,13204,13395,13157,13300,8081,0.0036220947781466784
2014-05-09,13347,13395,13204,13300,6441,0.0
2014-05-12,13204,13443,13204,13443,14173,0.010751879699248068
2014-05-13,13443,13443,13252,13252,6340,-0.014208138064420117
2014-05-14,13204,13252,13061,13205,16654,-0.003546634470268595
2014-05-15,13109,13300,13109,13300,4524,0.007194244604316502
2014-05-16,13252,13252,12966,13109,16101,-0.01436090225563913
2014-05-19,13109,13157,12918,12966,11920,-0.0109085361202228
2014-05-20,12871,13157,12871,13062,8280,0.007403979639055924
2014-05-21,13157,13157,13014,13062,8860,0.0
2014-05-22,13061,13204,13014,13157,5970,0.0072730056652885455
2014-05-23,13204,13252,12966,13157,5560,0.0
2014-05-26,13157,13157,13014,13157,4630,0.0
2014-05-27,13014,13157,12823,12966,19575,-0.014516987155126504
2014-05-28,12966,12966,12823,12823,11938,-0.011028844670677107
2014-05-29,12775,12823,12394,12585,30415,-0.018560399282539164
2014-05-30,12632,12632,12203,12347,19640,-0.01891140246324985
2014-06-02,12155,12394,12155,12299,8263,-0.0038875840285089724
2014-06-03,12155,12346,12060,12204,20509,-0.007724205219936553
2014-06-05,12108,12203,11631,11822,43558,-0.031301212717141924
2014-06-09,11726,12155,11726,12156,10726,0.02825241075960072
2014-06-10,12108,12918,12108,12919,16592,0.06276735768344843
2014-06-11,12918,12918,12728,12728,12855,-0.014784426039167076
2014-06-12,12632,12823,12537,12823,12900,0.007463859208045154
2014-06-13,12918,13681,12871,13109,47700,0.022303673087421094
2014-06-16,13014,13395,13014,13252,11698,0.0109085361202228
2014-06-17,13252,13347,13157,13348,7206,0.007244189556293357
2014-06-18,13204,13347,13204,13300,4336,-0.003596044351213634
2014-06-19,13347,13490,13157,13300,5536,0.0
2014-06-20,13395,13443,13109,13348,15001,0.0036090225563909506
2014-06-23,13347,13347,13204,13252,6120,-0.007192088702427379
2014-06-24,13347,13347,13014,13252,6156,0.0
2014-06-25,13061,13252,12918,12919,6904,-0.02512828252339272
2014-06-26,13109,13300,12823,13062,4879,0.011068968186392025
2014-06-27,13157,13204,12918,13205,833,0.010947787475118709
2014-06-30,13204,13204,13014,13062,3899,-0.010829231351760726
2014-07-01,13109,13109,12871,12919,3205,-0.010947787475118709
2014-07-02,12871,13586,12871,13014,8243,0.007353510333617086
2014-07-03,13014,13252,12871,13157,3899,0.010988166589826376
2014-07-04,13157,13252,13061,13157,4360,0.0
2014-07-07,13157,13252,13014,13157,4176,0.0
2014-07-08,13252,13252,13014,13062,5486,-0.007220490993387507
2014-07-09,12918,13252,12918,13252,7286,0.014546011330577313
2014-07-10,13300,13300,13061,13205,4332,-0.003546634470268595
2014-07-11,13204,13252,12966,13252,9213,0.0035592578568723887
2014-07-14,13252,13395,12918,13205,16259,-0.003546634470268595
2014-07-15,13204,13252,12966,13109,5056,-0.007269973494888338
2014-07-16,13109,13204,12966,13157,6355,0.0036616065298649136
2014-07-17,13109,13872,13061,13872,30031,0.05434369537128525
2014-07-18,13776,14158,13490,14015,21113,0.0103085351787775
2014-07-21,14015,14205,13872,14158,12755,0.01020335354976809
2014-07-22,14444,14444,13919,14206,9960,0.0033903093657297045
2014-07-23,14110,15302,14062,15159,111917,0.0670843305645501
2014-07-24,15254,15731,15016,15350,80357,0.012599775710798955
2014-07-25,15349,15588,15254,15445,50771,0.006188925081433316
2014-07-28,15445,15731,14968,15350,30164,-0.006150857882810001
2014-07-29,15445,15445,14777,15255,32924,-0.006188925081433205
2014-07-30,15445,15445,14825,15064,37485,-0.01252048508685677
2014-07-31,15206,15206,13109,14778,37278,-0.018985661178969715
2014-08-01,14301,14587,13824,14587,21708,-0.012924617674922145
2014-08-04,14396,15063,14396,14730,20119,0.009803249468705033
2014-08-05,14873,14873,14444,14730,8621,0.0
2014-08-06,14777,15254,14348,15255,27405,0.035641547861507084
2014-08-07,15111,15302,14968,15207,14500,-0.0031465093411996437
2014-08-08,15111,15159,14634,15159,6160,-0.0031564411126454583
2014-08-11,15159,15206,14873,14969,6232,-0.012533808298700433
2014-08-12,14587,14873,14587,14873,12005,-0.00641325405838733
2014-08-13,14682,14968,14587,14969,20035,0.0064546493646204794
2014-08-14,14682,15492,14682,15255,23813,0.019106152715612224
2014-08-18,15254,15445,15111,15302,17590,0.0030809570632579497
2014-08-19,15349,15349,14920,15350,28474,0.003136844856881371
2014-08-20,15349,15969,15063,15398,68659,0.003127035830618796
2014-08-21,15254,15254,14873,15207,27844,-0.012404208338745337
2014-08-22,15397,15445,15111,15398,30975,0.012560005260735085
2014-08-25,15159,15349,15016,15255,25390,-0.009286920379270036
2014-08-26,15492,15492,15016,15255,31806,0.0
2014-08-27,15254,15349,15016,15255,36388,0.0
2014-08-28,15111,15349,15111,15350,30901,0.006227466404457482
2014-08-29,15111,15635,15063,15493,120800,0.009315960912052113
2014-09-01,15540,16637,15540,16589,128069,0.07074162525011296
2014-09-02,16684,17495,16589,17352,94243,0.04599433359455052
2014-09-03,17590,17590,16970,17400,66961,0.0027662517289073207
2014-09-04,17447,17495,17161,17495,57810,0.005459770114942586
2014-09-05,17590,18019,17447,17924,50222,0.024521291797656497
2014-09-11,18210,19687,18114,19450,159708,0.08513724615041296
2014-09-12,19640,19640,18877,19307,50345,-0.007352185089974261
2014-09-15,19401,19592,18972,19497,38727,0.009840990314393672
2014-09-16,19497,20832,19163,20594,85333,0.05626506642047491
2014-09-17,20450,20975,19926,20451,58561,-0.0069437700301058225
2014-09-18,20593,20593,20021,20498,47924,0.0022981761283067392
2014-09-19,20307,21642,20307,21404,70592,0.04419943409113092
2014-09-22,21547,21880,20975,21881,59543,0.02228555410203703
2014-09-23,21976,22881,21499,22310,62752,0.01960605091174994
2014-09-24,22357,23215,21928,23120,70357,0.03630658897355454
2014-09-25,23072,23453,22834,23263,40631,0.006185121107266545
2014-09-26,22881,23453,22405,23168,55083,-0.004083738124919356
2014-09-29,23167,23501,22595,23263,47846,0.0041004834254143585
2014-09-30,23263,23310,22643,23311,63039,0.002063362421012016
2014-10-01,23310,23310,22595,23073,58695,-0.010209772210544421
2014-10-02,22691,23215,22500,23216,66539,0.006197720279114138
2014-10-06,23406,25742,22929,24169,113015,0.041049276361130316
2014-10-07,24264,24645,23406,24026,78829,-0.005916670114609612
2014-10-08,23835,24931,23644,24884,55742,0.03571131274452677
2014-10-10,25074,25742,24454,24979,70336,0.003817714193859567
2014-10-13,25027,25885,24216,25027,105102,0.0019216141558908717
2014-10-14,25027,25646,24502,25647,43536,0.024773244895512914
2014-10-15,25837,25932,25027,25456,39810,-0.007447264787304508
2014-10-16,25074,25456,24741,25265,47061,-0.0075031426775612475
2014-10-17,25265,25646,24931,25313,30742,0.0018998614684346826
2014-10-20,25313,25360,24979,25313,17485,0.0
2014-10-21,25122,25551,24788,25313,27661,0.0
2014-10-22,24979,27076,24979,27077,93640,0.06968751234543524
2014-10-23,27076,27934,26266,26886,99958,-0.0070539572330760025
2014-10-24,26838,26838,26123,26552,33207,-0.012422822286692004
2014-10-27,26218,26266,22595,22596,311148,-0.14899065983730042
2014-10-28,22595,22881,21642,22548,175321,-0.0021242697822623224
2014-10-29,22595,23692,22405,22691,123053,0.006342025900301529
2014-10-30,22738,22834,21642,22262,54628,-0.018906174254109565
2014-10-31,21928,22834,21642,22691,80180,0.019270505794627635
2014-11-03,21451,22834,20546,22787,204478,0.00423075228063996
2014-11-04,22929,23024,21976,22834,66859,0.002062579540966336
2014-11-05,23215,25265,22929,24741,168928,0.08351580975737938
2014-11-06,25313,25694,24025,25361,142950,0.02505961763873721
2014-11-07,24931,25646,24693,25265,69496,-0.0037853396948069884
2014-11-10,25027,25217,23692,24312,80151,-0.03772016623787844
2014-11-11,23930,24454,23549,24455,62987,0.005881869035867071
2014-11-12,24407,24693,23930,24693,37156,0.009732161112246951
2014-11-13,24741,24884,24407,24741,30701,0.0019438707325962756
2014-11-14,24454,24693,24168,24550,25065,-0.0077199789822561815
2014-11-17,24645,24645,23167,23692,47787,-0.034949083503055034
2014-11-18,23692,23835,23167,23645,15687,-0.0019837919972987006
2014-11-19,23787,24550,23501,24550,45220,0.03827447663353767
2014-11-20,24550,24645,24121,24550,24784,0.0
2014-11-21,24550,24788,24407,24646,28184,0.003910386965376711
2014-11-24,24693,24693,24073,24121,33331,-0.021301631096323992
2014-11-25,24025,24741,23978,24503,23632,0.015836822685626695
2014-11-26,24264,24741,24216,24455,26228,-0.0019589438027997064
2014-11-27,24550,24645,24264,24312,17784,-0.005847474953997178
2014-11-28,24073,24741,24073,24646,25038,0.013738071734123114
2014-12-01,24693,24884,24359,24789,30865,0.005802158565284321
2014-12-02,24645,25074,24598,25075,26665,0.011537375448787746
2014-12-03,25503,26552,25265,26409,100388,0.05320039880358918
2014-12-04,26695,26790,26123,26457,49755,0.0018175621947063014
2014-12-05,26171,26361,25551,26123,55478,-0.012624258230335972
2014-12-08,25789,26171,25170,25599,38405,-0.020058951881483766
2014-12-09,25599,25599,24979,25408,28137,-0.0074612289542560495
2014-12-10,25551,25551,24598,25122,28179,-0.01125629722921917
2014-12-11,25122,25122,23787,24407,57512,-0.02846110978425287
2014-12-12,24025,24025,22738,23025,65359,-0.056623099930347864
2014-12-15,23120,23549,22214,23359,27377,0.014505971769815496
2014-12-16,23358,23358,21928,21928,25908,-0.061261184126032764
2014-12-17,22214,22214,21690,22119,17885,0.008710324699015004
2014-12-18,22119,22357,21213,22357,22442,0.01075998010759971
2014-12-19,22262,22405,21642,22262,35578,-0.004249228429574647
2014-12-22,22119,22691,21976,22691,24594,0.019270505794627635
2014-12-23,22452,22738,22309,22739,13816,0.002115376140319869
2014-12-24,22738,23024,22500,23025,13357,0.012577510004837533
2014-12-26,22977,22977,21404,21881,65971,-0.04968512486427801
2014-12-29,21928,22119,21118,21309,26070,-0.02614140121566655
2014-12-30,21547,21547,19783,20975,88285,-0.01567412830259518
2015-01-02,20689,21356,20593,21356,33254,0.018164481525625664
2015-01-05,21022,21356,20832,21261,17790,-0.004448398576512469
2015-01-06,20975,21261,20402,20594,28740,-0.03137199567282822
2015-01-07,20355,20736,19544,20403,49122,-0.009274545984267246
2015-01-08,19926,20164,19735,20069,36248,-0.01637014164583639
2015-01-09,20069,20402,18925,19831,46008,-0.01185908615277298
2015-01-12,19830,20021,18877,20022,73505,0.00963138520498208
2015-01-13,20021,21594,20021,21547,193185,0.07616621716112282
2015-01-14,21690,21690,21165,21547,47580,0.0
2015-01-15,21594,22262,21308,22119,58374,0.026546619018888995
2015-01-16,22309,22309,21404,21928,27109,-0.008635110086351094
2015-01-19,21928,21928,21213,21452,40423,-0.02170740605618382
2015-01-20,21261,21785,20879,21547,32879,0.00442849151594249
2015-01-21,21737,21737,20784,21404,34101,-0.006636654754722193
2015-01-22,21451,21594,20355,20403,44401,-0.0467669594468324
2015-01-23,20498,20784,20164,20737,20696,0.01637014164583639
2015-01-26,20927,20975,19926,20212,27166,-0.025317066113709763
2015-01-27,20212,20212,18543,19497,159398,-0.03537502473777954
2015-01-28,19354,20736,19354,20260,118929,0.03913422577832493
2015-01-29,20402,21880,20069,21642,105516,0.06821322803553809
2015-01-30,21785,22023,21356,21833,71680,0.008825432030311386
2015-02-02,21594,22548,21594,21928,52368,0.004351211468877292
2015-02-03,21928,21928,20641,21070,51838,-0.03912805545421383
2015-02-04,21356,21451,20927,21070,58795,0.0
2015-02-05,21213,21880,20593,21642,46615,0.027147603227337447
2015-02-06,21594,21737,20927,21213,52102,-0.019822567230385335
2015-02-09,20307,20736,19115,19259,115389,-0.09211332673360673
2015-02-10,18972,19497,18067,18496,109230,-0.03961784100939825
2015-02-11,18496,18686,17447,18305,102714,-0.010326557093425559
2015-02-12,18591,19306,18257,19307,53858,0.05473914231084409
2015-02-13,19306,19401,19020,19402,38699,0.004920495157196836
2015-02-16,19640,19687,19163,19211,27946,-0.009844345943717192
2015-02-17,19211,19687,18972,19402,32507,0.009942220602779717
2015-02-23,19401,19497,18734,18973,33935,-0.02211112256468406
2015-02-24,18782,19354,18782,19354,38371,0.020081167975544156
2015-02-25,19449,19449,19115,19354,33961,0.0
2015-02-26,19544,19544,19068,19164,24254,-0.009817092073989842
2015-02-27,19115,19830,18400,19688,88677,0.02734293466917137
2015-03-02,19830,19830,19306,19497,25102,-0.009701340918325863
2015-03-03,19497,19640,19068,19354,34720,-0.0073344617120583155
2015-03-04,19354,19783,19115,19688,31699,0.017257414487961142
2015-03-05,19544,21690,19497,21499,137932,0.09198496546119461
2015-03-06,21451,22691,21118,22691,134197,0.05544443927624543
2015-03-09,22691,22691,21308,21404,66022,-0.056718522762328694
2015-03-10,21785,22595,21642,22214,98726,0.037843393758176136
2015-03-11,22071,23024,21737,22501,64308,0.012919780318717988
2015-03-12,22500,22691,22119,22501,41710,0.0
2015-03-13,22119,23549,22023,23359,124217,0.03813163859384017
2015-03-16,23406,23930,23072,23549,80168,0.008133909842030995
2015-03-17,23692,23835,22881,23216,79054,-0.014140727844069834
2015-03-18,23215,23739,22262,22548,58013,-0.028773259820813246
2015-03-19,22405,25885,22405,25694,420571,0.13952456980663475
2015-03-20,25885,28602,25074,27268,406247,0.061259438001089794
2015-03-23,27076,30699,26457,29794,378022,0.0926360569165321
2015-03-24,29794,30747,28268,28936,176272,-0.02879774451231787
2015-03-25,28936,30032,28363,30032,168599,0.03787669339231403
2015-03-26,29603,29746,28077,28316,176889,-0.05713905167820987
2015-03-27,28220,29317,27458,27840,106678,-0.01681028393840933
2015-03-30,27791,28268,27172,28030,91713,0.006824712643678232
2015-03-31,28077,28363,27458,27840,66674,-0.006778451658936868
2015-04-01,27744,28411,26933,27411,99298,-0.01540948275862064
2015-04-02,27601,29603,27601,28126,219110,0.026084418664039877
2015-04-03,28602,29269,27029,27029,122779,-0.03900305766906065
2015-04-06,27029,27076,25742,26219,150262,-0.029967812349698475
2015-04-07,26457,26552,25170,26219,105987,0.0
2015-04-08,27076,28459,26361,27601,243963,0.052709866890422896
2015-04-09,27553,28316,26647,27029,122823,-0.020723886815695036
2015-04-10,27172,27172,25265,25265,182166,-0.06526323578378779
2015-04-13,25646,26028,24788,25694,91933,0.016980011874134116
2015-04-14,25694,25694,23263,23835,287016,-0.07235152175605197
2015-04-15,24216,24550,23596,23835,193191,0.0
2015-04-16,24073,26409,23930,25980,330019,0.08999370673379481
2015-04-17,26075,26933,25742,26505,192648,0.020207852193995457
2015-04-20,25980,28650,25885,27458,221177,0.035955480098094794
2015-04-21,27791,28220,26933,27840,112789,0.013912156748488558
2015-04-22,27982,29126,25885,27268,273656,-0.0205459770114943
2015-04-23,27076,27124,24788,25456,184612,-0.06645151826316564
2015-04-24,25265,25789,25027,25551,66025,0.003731929604022577
2015-04-27,25408,26028,25360,26028,36285,0.018668545262416236
2015-04-28,25885,25932,24788,24932,87562,-0.042108498540033845
2015-04-29,25122,25742,24502,24598,53705,-0.013396438312209158
2015-04-30,24931,24931,24168,24598,34751,0.0
2015-05-04,24788,24788,24121,24312,19822,-0.01162696154158871
2015-05-06,23644,24311,22691,22882,62229,-0.0588186903586706
2015-05-07,22691,23024,21594,23025,81846,0.006249453719080478
2015-05-08,23549,23549,22595,22882,71733,-0.006210640608034779
2015-05-11,23406,24550,23358,24360,108960,0.06459225592168516
2015-05-12,24359,25027,23882,23931,90458,-0.01761083743842362
2015-05-13,24264,26218,24073,25885,155326,0.08165141448330626
2015-05-14,25980,26266,25313,25933,73715,0.0018543558045200914
2015-05-15,25980,26600,25027,25265,97977,-0.025758685844291085
2015-05-18,25360,25742,24502,25218,73955,-0.001860281021175525
2015-05-19,25646,25742,24550,24693,117130,-0.020818463002617138
2015-05-20,24788,27982,24741,27554,477561,0.11586279512412423
2015-05-21,27553,27982,26600,27363,202843,-0.00693184292661686
2015-05-22,27696,28411,25932,26028,160156,-0.04878851003179474
2015-05-26,25742,26457,25599,25980,57672,-0.0018441678192715472
2015-05-27,25980,25980,24788,24789,70193,-0.04584295612009237
2015-05-28,25027,25742,24788,25647,69730,0.03461212634636324
2015-05-29,25265,25742,24311,24312,70351,-0.05205287168089834
2015-06-01,24311,25074,23978,24836,56243,0.021553142481079313
2015-06-02,25027,27172,24836,26505,221251,0.06720083749396033
2015-06-03,26790,26790,24311,24360,156985,-0.08092812676853423
2015-06-04,24359,24836,22977,24360,80563,0.0
2015-06-05,23930,24502,23120,23788,62799,-0.023481116584564865
2015-06-08,23835,24073,23120,23454,62332,-0.014040692786278841
2015-06-09,23453,24025,23024,24026,53628,0.024388164065830997
2015-06-10,24025,24359,23358,23597,70557,-0.017855656372263384
2015-06-11,23835,24073,23406,23692,56111,0.004025935500275413
2015-06-12,23930,24884,23215,23645,117591,-0.0019837919972987006
2015-06-15,23644,23644,21690,22119,114941,-0.06453795728483824
2015-06-16,22119,23024,21594,22834,77784,0.03232515032325156
2015-06-17,23167,23167,22500,22834,31964,0.0
2015-06-18,22500,24073,22500,23549,82836,0.031312954366295775
2015-06-19,23930,24025,23263,23692,39364,0.006072444689795731
2015-06-22,23930,24502,23835,23835,80596,0.006035792672632212
2015-06-23,23930,24121,23453,23883,50190,0.0020138451856512862
2015-06-24,24645,27315,24550,27077,536808,0.13373529288615327
2015-06-25,27553,28125,26600,27792,292030,0.026406174982457342
2015-06-26,27791,29412,27315,27649,402012,-0.005145365572826743
2015-06-29,27172,32892,27076,29460,610846,0.06549965640710331
2015-06-30,30318,34847,28554,34418,688917,0.1682959945689071
2015-07-01,34418,37373,33798,36563,416904,0.06232204079260861
2015-07-02,36897,37516,35562,36563,220135,0.0
2015-07-03,36563,38279,35991,38279,219469,0.04693269151874846
2015-07-06,39089,40662,38088,39567,284722,0.03364769194597561
2015-07-07,40519,40519,29603,30509,517976,-0.22892814719336818
2015-07-08,30604,31462,28268,29556,311666,-0.031236684257104463
2015-07-09,28745,31081,27648,30795,275106,0.04192042224928949
2015-07-10,31271,32129,29365,30128,161295,-0.021659360285760654
2015-07-13,29651,30938,28697,30318,89190,0.006306425916091429
2015-07-14,31414,32415,30985,32082,127487,0.058183257470809435
2015-07-15,32368,33417,31557,31653,119658,-0.013371984290256211
2015-07-16,31367,31462,28888,29079,203020,-0.08131930622689787
2015-07-17,29460,29841,28506,29365,119167,0.009835276316241925
2015-07-20,29365,30318,28697,29746,83099,0.012974629661161252
2015-07-21,30032,30127,28125,29031,109576,-0.024036845290123066
2015-07-22,28697,29508,28506,28698,49778,-0.011470497054872353
2015-07-23,28697,29126,28220,28459,63422,-0.008328106488256992
2015-07-24,28459,29746,28459,29031,89549,0.020099089918830693
2015-07-27,29031,29031,27219,27363,63436,-0.05745582308566699
2015-07-28,26790,27124,25265,26934,72246,-0.015678105470891324
2015-07-29,27362,27410,25265,25361,82867,-0.058402019751986334
2015-07-30,24931,25885,23310,23311,117616,-0.08083277473285755
2015-07-31,23072,24121,22500,23931,80309,0.02659688559049367
2015-08-03,24121,24121,22166,22262,75176,-0.06974217542100203
2015-08-04,21737,22977,21451,22691,89156,0.019270505794627635
2015-08-05,22881,24073,22405,23835,84818,0.050416464677625505
2015-08-06,24025,24311,23644,23835,71225,0.0
2015-08-07,23596,23882,23024,23263,34087,-0.023998321795678623
2015-08-10,23310,24216,23310,23597,94861,0.014357563512874538
2015-08-11,24073,24073,22405,22405,58390,-0.05051489596135106
2015-08-12,21928,22405,21118,21785,51969,-0.027672394554786872
2015-08-13,21785,23167,21594,23168,51283,0.06348404865733293
2015-08-17,23739,23787,22309,22882,32951,-0.012344613259668513
2015-08-18,23167,23263,22023,22024,39159,-0.03749672231448298
2015-08-19,21261,21785,19830,20355,71241,-0.07578096621867059
2015-08-20,20069,20784,19306,19497,57279,-0.042151805453205626
2015-08-21,18114,18734,17304,17876,118973,-0.08314099605067449
2015-08-24,17304,18543,17209,17209,88794,-0.037312597896621114
2015-08-25,17542,18972,17161,18496,116940,0.07478644895113029
2015-08-26,18400,19878,18210,19545,67283,0.05671496539792398
2015-08-27,19783,21165,19258,19879,85333,0.017088769506267587
2015-08-28,20498,20498,19258,19926,82975,0.0023643040394385473
2015-08-31,20021,20498,19497,19688,53772,-0.011944193516009283
2015-09-01,19592,20164,19401,19640,47930,-0.002438033319788757
2015-09-02,19354,19830,18972,19831,41714,0.009725050916497002
2015-09-03,20021,20450,19783,19831,54216,0.0
2015-09-04,20164,20164,18877,18973,40786,-0.04326559427159493
2015-09-07,18591,19354,18543,18973,20689,0.0
2015-09-08,18877,19163,17828,18162,40094,-0.042744953354767246
2015-09-09,18496,19020,18353,18925,37429,0.04201079176302169
2015-09-10,18639,19163,18591,19164,33160,0.012628797886393706
2015-09-11,19068,19640,19020,19497,40498,0.017376330619912395
2015-09-14,19735,19735,18972,18973,30406,-0.02687592963019947
2015-09-15,19258,19258,18877,19116,23162,0.0075370263005323235
2015-09-16,19258,19926,19258,19831,45931,0.037403222431471095
2015-09-17,20021,20116,19449,19545,35912,-0.01442186475719831
2015-09-18,19830,20927,19783,20880,91060,0.06830391404451275
2015-09-21,20593,20641,20069,20594,34664,-0.013697318007662829
2015-09-22,20355,20736,20212,20737,27707,0.0069437700301058225
2015-09-23,20402,20593,19830,20022,36469,-0.03447943289771904
2015-09-24,19926,20402,19497,19831,41802,-0.009539506542802889
2015-09-25,20021,20212,19497,19688,31686,-0.007210932378599155
2015-09-30,19211,19258,18400,19116,42609,-0.029053230394148755
2015-10-01,18972,19306,18972,19211,26849,0.004969658924461218
2015-10-02,19449,19735,18972,19497,25865,0.014887304148664793
2015-10-05,19735,20402,19497,19926,47252,0.022003385136174725
2015-10-06,20212,20259,19830,19926,30240,0.0
2015-10-07,19830,20069,19163,19354,42354,-0.028706212988055757
2015-10-08,19544,19640,19163,19545,27967,0.0098687609796424
2015-10-12,19401,19735,19354,19450,21838,-0.004860578152980355
2015-10-13,19497,19640,18925,18925,32537,-0.02699228791773778
2015-10-14,18877,19020,18639,18782,25573,-0.0075561426684279676
2015-10-15,18782,19163,18639,19021,20763,0.012724949419657072
2015-10-16,19258,19544,19068,19402,25566,0.020030492613427375
2015-10-19,19401,19497,18972,19307,22115,-0.004896402432738922
2015-10-20,19306,19354,18829,19211,36292,-0.004972289843062083
2015-10-21,19163,19163,18877,18878,42501,-0.01733381916610277
2015-10-22,18734,18877,18591,18878,31986,0.0
2015-10-23,18877,19306,18877,19164,35164,0.015149909948087625
2015-10-26,19306,19354,19020,19116,20102,-0.0025046963055729288
2015-10-27,19163,19258,18829,18925,29036,-0.009991630048127198
2015-10-28,18877,19068,18829,18925,20828,0.0
2015-10-29,19163,19258,18877,18973,10410,0.0025363276089829245
2015-10-30,18972,18972,18543,18830,23947,-0.0075370263005323235
2015-11-02,18829,18877,18114,18162,42004,-0.035475305363781184
2015-11-03,18353,18448,18114,18162,20375,0.0
2015-11-04,18162,18639,18067,18544,31172,0.021032925889219234
2015-11-05,20402,24073,20116,24074,955277,0.2982096635030198
2015-11-06,25885,26218,22548,23216,827406,-0.03564010966187592
2015-11-09,22977,23406,21928,22262,265316,-0.04109235010337697
2015-11-10,22595,22691,21118,21499,163190,-0.03427365016620254
2015-11-11,21022,22262,21022,22024,98906,0.024419740453044403
2015-11-12,21976,22738,21642,22739,96366,0.03246458409008346
2015-11-13,22738,22738,21499,21976,68660,-0.033554685782136384
2015-11-16,21261,22500,21165,21881,70813,-0.004322897706589002
2015-11-17,22357,23930,22023,22739,175184,0.03921210182349988
2015-11-18,22929,23453,22500,22787,83728,0.002110910770042551
2015-11-19,23120,23453,21928,22405,107186,-0.016763944354237115
2015-11-20,22405,22405,21118,21785,114159,-0.027672394554786872
2015-11-23,22023,22786,21785,22501,96810,0.032866651365618615
2015-11-24,22500,22977,22071,22548,57186,0.002088796053508757
2015-11-25,22548,22548,21976,21976,44170,-0.025368103601206338
2015-11-26,22023,22309,21976,22119,31217,0.006507098653076193
2015-11-27,22071,22357,21880,22214,30210,0.004294950042949441
2015-11-30,22071,22119,20641,21118,118473,-0.04933825515440715
2015-12-01,21118,21451,21070,21118,30231,0.0
2015-12-02,21451,21451,20879,21261,30217,0.006771474571455549
2015-12-03,20927,21118,20259,20737,64766,-0.02464606556605997
2015-12-04,20402,21165,20355,20927,25700,0.00916236678400928
2015-12-07,21165,21261,20832,21023,35836,0.0045873751612748315
2015-12-08,20879,20879,20164,20594,44228,-0.020406221757123144
2015-12-09,20784,21022,20450,20784,27338,0.009225988151888798
2015-12-10,21118,21165,19973,20165,55826,-0.02978252501924561
2015-12-11,20212,20689,19640,20641,45781,0.02360525663277957
2015-12-14,20498,20498,19020,19211,92921,-0.06927958916719146
2015-12-15,19401,19973,19306,19831,25713,0.032273176825776906
2015-12-16,20021,22357,20021,22024,160500,0.11058443850537047
2015-12-17,22023,23358,21833,22787,125561,0.034644024700327014
2015-12-18,22309,23310,22214,23073,64760,0.012551015930135634
2015-12-21,23072,23787,22738,23645,50127,0.024790881116456553
2015-12-22,23310,23644,22643,23216,42035,-0.01814337069147809
2015-12-23,23024,23406,22643,22691,30531,-0.022613714679531327
2015-12-24,22738,22881,22262,22405,27454,-0.012604116169406376
2015-12-28,22309,22738,21165,21833,60291,-0.025530015621513025
2015-12-29,22500,25217,22023,24693,190416,0.13099436632620343
2015-12-30,24693,27315,24359,26314,228794,0.06564613453205359
2016-01-04,26981,27648,24645,25122,226017,-0.045299080337462994
2016-01-05,24741,26981,24645,26886,266310,0.07021733938380703
2016-01-06,27648,30366,26218,28841,834490,0.07271442386372096
2016-01-07,28173,28793,26933,27363,314422,-0.05124648937276799
2016-01-08,26552,29079,26266,26839,557355,-0.019149947008734403
2016-01-11,26695,27219,24359,24693,232322,-0.0799582696821789
2016-01-12,25265,25742,24836,25027,144525,0.013526100514315909
2016-01-13,25456,25694,24931,25408,94303,0.01522355855675861
2016-01-14,24836,24979,23882,24693,206205,-0.028140743073047814
2016-01-15,25170,25170,23692,24074,120169,-0.025067832989106198
2016-01-18,23739,24788,23453,24693,86313,0.025712386807344112
2016-01-19,24836,25408,24121,25170,123831,0.019317215405175503
2016-01-20,25170,25694,24073,24455,117544,-0.02840683353198248
2016-01-21,24788,25646,24502,25027,114120,0.02338989981598849
2016-01-22,25265,25456,24741,25170,94652,0.005713829064610154
2016-01-25,25360,26886,24979,26600,216340,0.05681366706396496
2016-01-26,26552,26647,25837,26219,91231,-0.014323308270676738
2016-01-27,26314,26695,24502,25218,140010,-0.03817842022960449
2016-01-28,25074,25599,24645,25313,72644,0.0037671504480927265
2016-01-29,25456,25551,24454,24836,80943,-0.018844072215857488
2016-02-01,24979,26218,24884,26028,93571,0.04799484619101313
2016-02-02,26028,27267,25885,26839,179299,0.031158752113108923
2016-02-03,26838,27172,26361,26934,108729,0.003539625172323868
2016-02-04,27029,27076,25932,26171,91387,-0.028328506720130653
2016-02-05,26314,27029,26171,26505,79659,0.012762217721906
2016-02-11,25360,26123,24645,24693,127763,-0.06836445953593662
2016-02-12,23882,24216,21642,22357,229392,-0.09460170898635245
2016-02-15,22738,23358,22071,22930,77428,0.025629556738381742
2016-02-16,22786,24264,22786,23740,86440,0.035324901875272596
2016-02-17,23882,24502,23167,23645,69630,-0.004001684919966331
2016-02-18,23930,24216,23739,24026,45581,0.01611334320152258
2016-02-19,23930,24311,23596,24312,38317,0.011903770914842182
2016-02-22,23978,25980,23787,25790,131246,0.06079302402105946
2016-02-23,26171,26314,25217,25742,69167,-0.0018611865063978827
2016-02-24,25503,26790,25503,26219,96103,0.018530028746795102
2016-02-25,26504,26790,26123,26457,68792,0.009077386628017825
2016-02-26,26600,26743,25837,26219,48310,-0.008995728918622659
2016-02-29,26123,26218,25456,26219,50723,0.0
2016-03-02,26457,27267,26218,26505,121653,0.010908120065601379
2016-03-03,26504,27839,26171,27506,148763,0.03776645915864929
2016-03-04,27505,28268,27029,27554,111023,0.0017450738020794443
2016-03-07,27553,28077,27076,27554,98929,0.0
2016-03-08,27362,27791,26743,27220,63057,-0.012121652028743601
2016-03-09,27410,27744,26886,27411,87760,0.007016899338721627
2016-03-10,27839,29841,27839,29460,361792,0.07475101236729786
2016-03-11,29746,30795,29460,30318,242953,0.0291242362525459
2016-03-14,30318,30938,29746,30032,117353,-0.009433339930074558
2016-03-15,29794,30366,29460,29699,70831,-0.011088172615876357
2016-03-16,29984,31176,29365,30748,164006,0.03532105458096235
2016-03-17,30747,31033,29412,29937,138642,-0.026375699232470406
2016-03-18,29698,29698,28554,29317,143119,-0.02071015799846343
2016-03-21,29412,30318,29269,29746,116260,0.014633148002865193
2016-03-22,29603,30223,29603,29794,54539,0.0016136623411551199
2016-03-23,29889,29937,28840,29222,84083,-0.019198496341545246
2016-03-24,29174,29365,28697,28698,57421,-0.017931695298063155
2016-03-25,28650,29698,28602,29127,112864,0.014948776918252138
2016-03-28,29126,29269,28077,28173,87062,-0.03275311566587702
2016-03-29,28030,28936,28030,28793,60861,0.02200688602562728
2016-03-30,28793,28983,26886,28173,106806,-0.02153301149584974
2016-03-31,28602,28697,27887,28221,63325,0.0017037589181130297
2016-04-01,28030,28697,27696,27887,73280,-0.011835158215513286
2016-04-04,27887,28888,27648,28841,99603,0.03420948829203563
2016-04-05,28697,28840,27553,27792,97731,-0.036371831767275764
2016-04-06,27648,27982,27362,27649,47329,-0.005145365572826743
2016-04-07,27982,28363,27648,28221,65092,0.02068790914680463
2016-04-08,28030,28840,27791,28459,63809,0.008433436093689073
2016-04-11,28745,28745,27458,27601,90601,-0.030148634878245928
2016-04-12,27601,27791,26838,26934,72659,-0.024165791094525546
2016-04-14,26695,27029,25980,26171,100542,-0.028328506720130653
2016-04-15,26409,26981,26123,26886,39151,0.02732031638072674
2016-04-18,26933,27267,26361,26600,50837,-0.010637506508963779
2016-04-19,26695,26981,26361,26696,41795,0.0036090225563909506
2016-04-20,26695,26790,26361,26552,40435,-0.005394066526820507
2016-04-21,26743,27076,25980,26266,67227,-0.010771316661645103
2016-04-22,26218,26457,25742,25933,71040,-0.01267798675093279
2016-04-25,26028,26838,25837,26552,66618,0.023869201403617035
2016-04-26,26695,26790,26266,26457,49878,-0.0035778849050919215
2016-04-27,26695,26790,25980,26076,45196,-0.014400725705862372
2016-04-28,26266,26409,25932,26171,27665,0.0036431968093266764
2016-04-29,26028,26218,25503,25647,80909,-0.0200221619349662
2016-05-02,27553,28936,27362,27792,532588,0.08363551292548843
2016-05-03,28125,28363,27315,27840,166844,0.0017271157167531026
2016-05-04,27839,29698,27839,29031,345053,0.04278017241379306
2016-05-09,29222,29508,28554,29079,116725,0.0016534049808825113
2016-05-10,28983,29698,28793,29413,115338,0.011485952061625282
2016-05-11,29603,29603,28602,28698,76756,-0.024308979022881094
2016-05-12,28459,29222,28411,28841,55178,0.004982925639417379
2016-05-13,29031,29651,28888,28984,105720,0.004958219201830705
2016-05-16,28983,29555,28983,28984,58579,0.0
2016-05-17,29031,29365,28697,28888,75316,-0.003312172232956101
2016-05-18,28888,32654,28602,30223,515624,0.04621296039878153
2016-05-19,30461,30938,29460,29651,150297,-0.01892598352248287
2016-05-20,29651,29889,27982,28459,374683,-0.04020100502512558
2016-05-23,28983,28983,27934,28078,163383,-0.013387680522857437
2016-05-24,28173,28650,27410,28364,133456,0.010185910677398713
2016-05-25,28602,28602,27410,27411,156673,-0.033598928218869006
2016-05-26,27505,28030,27458,27840,74775,0.015650651198424015
2016-05-27,27839,28173,27648,28078,42196,0.008548850574712663
2016-05-30,27982,28125,27648,27649,63411,-0.015278866016097958
2016-05-31,27887,28793,27696,28698,160137,0.03793988932691961
2016-06-01,28697,28888,28411,28793,95626,0.003310335214997462
2016-06-02,28793,28840,28506,28602,65859,-0.006633556767269844
2016-06-03,28650,29698,28602,28888,157456,0.009999300748199325
2016-06-07,29079,29412,28745,29413,144962,0.018173636111880276
2016-06-08,29412,29555,28840,29270,133705,-0.004861795804576241
2016-06-09,29508,29889,28554,28793,206847,-0.01629654936795355
2016-06-10,28983,29365,28793,29365,78067,0.019865939638106456
2016-06-13,28983,29126,28506,28507,96772,-0.02921845734718198
2016-06-14,28459,28888,28220,28555,75167,0.0016837969621497084
2016-06-15,28268,28649,28125,28269,88506,-0.01001575906146035
2016-06-16,28602,28888,27362,27649,118809,-0.02193215182708974
2016-06-17,28125,28125,27172,27315,62346,-0.012080002893413821
2016-06-20,27696,28125,27315,27935,37959,0.022698151198975003
2016-06-21,27887,28793,27887,28745,91704,0.028995883300519054
2016-06-22,28697,28936,28316,28507,56031,-0.008279700817533486
2016-06-23,28363,28411,27458,27697,84775,-0.028414073736275247
2016-06-24,27839,28125,25122,26743,163921,-0.03444416362782976
2016-06-27,25742,26981,25551,26886,104527,0.005347193658153504
2016-06-28,26504,27791,26504,27363,59330,0.017741575541173837
2016-06-29,27744,28125,27601,27983,75036,0.022658334246975942
2016-06-30,27982,28650,27982,28412,58081,0.015330736518600618
2016-07-01,28411,28793,28268,28459,53540,0.0016542306067859336
2016-07-04,28602,28602,28268,28507,42659,0.0016866369162655825
2016-07-05,28459,28840,28316,28841,69792,0.01171642052829136
2016-07-06,28840,28936,28363,28507,88436,-0.01158073575812213
2016-07-07,28793,30795,28602,30795,329972,0.08026098852913321
2016-07-08,30985,31081,29889,30604,147934,-0.006202305569085853
2016-07-11,30985,31033,30223,30652,108405,0.0015684224284406856
2016-07-12,30795,30842,30270,30557,77826,-0.003099308364870157
2016-07-13,30604,30795,29746,29985,119177,-0.018719115096377248
2016-07-14,30223,30413,29794,29937,59028,-0.001600800400200053
2016-07-15,30366,30366,28745,28888,128511,-0.03504025119417442
2016-07-18,28602,29222,27934,28841,46670,-0.001626973137635046
2016-07-19,28840,29031,27934,28030,83522,-0.028119690718074963
2016-07-20,28030,28459,27458,27935,67021,-0.003389225829468434
2016-07-21,28125,28363,27839,28173,40238,0.008519778056201854
2016-07-22,28268,28268,27982,27983,39820,-0.006744045717530955
2016-07-25,28030,28173,27553,27935,54706,-0.0017153271629203326
2016-07-26,27839,28173,27696,27935,50952,0.0
2016-07-27,28077,28411,27315,27601,78306,-0.011956327188115234
2016-07-28,27648,27791,27362,27744,55049,0.005180971703923731
2016-07-29,27744,28125,27410,28078,107175,0.01203863898500579
2016-08-01,28125,28125,26886,26934,148064,-0.04074364270959474
2016-08-02,26886,27124,26218,26791,65224,-0.005309274522907859
2016-08-03,26886,26886,26361,26409,43464,-0.014258519652121993
2016-08-04,26409,26886,26075,26266,44475,-0.005414820705062717
2016-08-05,26266,26790,25980,26266,34154,0.0
2016-08-08,26361,26457,26123,26314,21842,0.0018274575496839418
2016-08-09,26409,26886,26266,26505,42415,0.007258493577563252
2016-08-10,26504,27124,26504,26982,26434,0.01799660441426143
2016-08-11,27172,27219,26790,26886,28400,-0.0035579275072270544
2016-08-12,26933,27029,26743,26791,28807,-0.0035334374767537202
2016-08-16,26790,27172,26695,26696,33741,-0.0035459669291926232
2016-08-17,26504,26933,26123,26362,39769,-0.012511237638597517
2016-08-18,26218,26647,26075,26123,26333,-0.009066079963583995
2016-08-19,26123,26790,26123,26696,22082,0.021934693565057506
2016-08-22,26504,26838,26028,26076,28416,-0.02322445310158827
2016-08-23,26171,26743,25885,26219,24431,0.00548396993403899
2016-08-24,26504,26838,26218,26696,30160,0.01819291353598529
2016-08-25,26457,26647,26075,26076,31149,-0.02322445310158827
2016-08-26,26314,26314,25742,25742,31485,-0.012808712992790294
2016-08-29,25789,25789,24979,24979,35953,-0.029640276590785497
2016-08-30,24979,25360,24836,25027,21580,0.0019216141558908717
2016-08-31,24502,25122,24407,24550,30416,-0.01905941583090265
2016-09-01,24550,25074,24454,24884,10059,0.013604887983706737
2016-09-02,24884,25170,24741,25075,11230,0.007675614852917567
2016-09-05,25122,25503,25122,25265,16139,0.007577268195413822
2016-09-06,25360,25408,24979,25075,13281,-0.007520284979220304
2016-09-07,25265,25265,24741,24789,14125,-0.011405782652043839
2016-09-08,24979,25217,24407,24741,24340,-0.0019363427326636318
2016-09-09,24741,25027,24550,24884,11241,0.005779879552160416
2016-09-12,24407,24741,24073,24169,26484,-0.028733322616942614
2016-09-13,24502,24645,23739,24312,14111,0.005916670114609612
2016-09-19,24407,24645,24168,24503,18884,0.007856202698256043
2016-09-20,24264,25551,24168,25170,28802,0.027221156593070228
2016-09-21,25360,25360,24884,24884,9313,-0.011362733412793036
2016-09-22,25122,25408,24979,24979,19966,0.003817714193859567
2016-09-23,24884,25456,24884,25361,18118,0.015292845990632076
2016-09-26,25360,26123,25217,25885,36550,0.020661645834154863
2016-09-27,25599,26123,25599,25837,21017,-0.0018543558045199804
2016-09-28,25837,26266,25789,25837,16877,0.0
2016-09-29,26218,26218,25646,25790,15369,-0.0018190966443472067
2016-09-30,25789,25837,24836,24884,36576,-0.03512989530825905
2016-10-04,24931,25313,24407,24646,17272,-0.009564378717248023
2016-10-05,24645,24836,24502,24550,15844,-0.0038951554004706956
2016-10-06,24884,24931,24216,24407,16358,-0.005824847250509135
2016-10-07,24407,24693,23024,23311,69706,-0.044905150161838825
2016-10-10,23215,23549,23215,23263,21947,-0.002059113723135053
2016-10-11,23215,23549,22929,22977,28377,-0.012294201091862633
2016-10-12,22881,23453,22786,23073,19203,0.004178091134612982
2016-10-13,23310,23358,22738,22787,26774,-0.012395440558228277
2016-10-14,22738,22929,22452,22596,22948,-0.008381972177118557
2016-10-17,22595,22834,21928,22262,35728,-0.014781377234908799
2016-10-18,22071,22452,21880,22310,26400,0.002156140508489779
2016-10-19,22309,22977,22309,22691,17381,0.017077543702375575
2016-10-20,23120,23167,22500,22548,16355,-0.006302058084703188
2016-10-21,22357,22977,22357,22548,9102,0.0
2016-10-24,22548,22929,22548,22548,11860,0.0
2016-10-25,22595,22834,21880,22405,25509,-0.006342025900301529
2016-10-26,22071,22500,21928,22357,13472,-0.0021423789332738474
2016-10-27,22166,22977,22166,22882,13234,0.023482578163438683
2016-10-28,22595,23024,22023,22119,22346,-0.03334498732628266
2016-10-31,21785,22071,20975,21309,36328,-0.036620100366201
2016-11-01,20736,21499,20689,20880,25716,-0.020132338448542897
2016-11-02,20641,20879,19878,20069,86494,-0.03884099616858239
2016-11-03,19830,20546,19735,20308,32621,0.01190891424585172
2016-11-04,20307,20593,19973,20546,10760,0.011719519401221179
2016-11-07,20546,20879,20116,20784,9781,0.01158376326292232
2016-11-08,21070,21070,20641,20784,11850,0.0
2016-11-09,20784,21213,18925,19736,48827,-0.05042340261739797
2016-11-10,20212,21165,20212,21118,77712,0.07002432103769762
2016-11-11,21022,22452,21022,22119,53246,0.04740032200018951
2016-11-14,22452,22452,21594,21928,17971,-0.008635110086351094
2016-11-15,21785,21880,20879,21309,39103,-0.02822874863188618
2016-11-16,21404,21594,21213,21499,19853,0.008916420291895433
2016-11-17,21547,21690,21165,21595,14135,0.004465323968556589
2016-11-18,21547,21547,21165,21309,19192,-0.01324380643667511
2016-11-21,21308,21451,20832,20832,11605,-0.022384907785442776
2016-11-22,20975,21070,20498,20784,12790,-0.0023041474654378336
2016-11-23,20689,20975,20498,20689,15890,-0.004570823710546623
2016-11-24,20450,20927,20212,20737,21066,0.002320073468993211
2016-11-25,20689,20975,20402,20832,10694,0.00458118339200464
2016-11-28,20736,20927,20498,20784,5632,-0.0023041474654378336
2016-11-29,20784,21070,20546,20737,12024,-0.002261354888375644
2016-11-30,20736,21404,20641,21261,19836,0.025268843130636043
2016-12-01,21261,21356,20832,21213,8491,-0.0022576548610131475
2016-12-02,21356,21356,21022,21166,6913,-0.0022156224956394466
2016-12-05,21022,21308,20736,20737,10003,-0.020268354908816066
2016-12-06,20784,21118,20736,20832,8919,0.00458118339200464
2016-12-07,20832,21022,20164,20594,13830,-0.011424731182795744
2016-12-08,20498,20593,20355,20355,11143,-0.01160532193842867
2016-12-09,20402,20832,20402,20689,16587,0.016408744780152196
2016-12-12,20975,21213,20879,21070,18928,0.018415583160133364
2016-12-13,21165,21833,21070,21690,25199,0.029425723777883217
2016-12-14,21880,21880,21261,21452,14350,-0.010972798524665706
2016-12-15,21261,21976,21261,21785,13269,0.015523028155882912
2016-12-16,21833,21880,21547,21738,10284,-0.0021574477851732388
2016-12-19,21642,21833,21594,21785,8690,0.002162112429846319
2016-12-20,21785,21880,21451,21499,7260,-0.013128299288501233
2016-12-21,21499,21690,21404,21404,6977,-0.004418810177217569
2016-12-22,21451,21642,21356,21547,10516,0.006680994206690327
2016-12-23,21547,22214,21451,21785,28060,0.011045621200167055
2016-12-26,21928,22452,21785,22214,33481,0.019692448932751905
2016-12-27,22119,22357,21737,22119,22134,-0.00427658233546413
2016-12-28,22071,22595,21880,22596,22604,0.02156517021565163
2016-12-29,22643,22643,22071,22453,13078,-0.006328553726323238
2017-01-02,22405,22452,21928,21928,8830,-0.0233821761011892
2017-01-03,21785,22214,21785,22167,8283,0.010899306822327537
2017-01-04,22166,22500,21976,22214,19776,0.0021202688681374315
2017-01-05,22262,22786,22214,22596,20247,0.017196362654182007
2017-01-06,22691,22786,22309,22405,6993,-0.00845282350858556
2017-01-09,22214,22357,21833,21833,17873,-0.025530015621513025
2017-01-10,22071,22071,21499,21499,13628,-0.015297943480053089
2017-01-11,21356,21690,21308,21309,16268,-0.008837620354435138
2017-01-12,21308,21499,20975,21023,21768,-0.013421558965695302
2017-01-13,20975,21308,20975,21261,9916,0.01132093421490743
2017-01-16,21213,21261,20736,21118,16022,-0.006725930106768252
2017-01-17,20832,21165,20832,21023,8266,-0.004498532057960025
2017-01-18,21070,21261,20879,21166,14032,0.006802073919041085
2017-01-19,21451,21451,20689,20880,19888,-0.013512236605877304
2017-01-20,20879,20975,20498,20641,10091,-0.01144636015325673
2017-01-23,20832,20832,20355,20403,14464,-0.011530449106147977
2017-01-24,20307,20546,20116,20260,11437,-0.0070087732196245645
2017-01-25,20307,20546,20259,20546,14259,0.014116485686080926
2017-01-26,20546,20689,20116,20594,4947,0.002336221162269947
2017-01-31,20593,20593,20164,20308,11682,-0.013887540060211756
2017-02-01,20450,20784,20164,20689,9157,0.0187610793775852
2017-02-02,20641,20641,20116,20165,9098,-0.025327468703175593
2017-02-03,20307,20355,20116,20117,15582,-0.0023803620133895365
2017-02-06,20450,22071,20116,21642,98779,0.07580653178903418
2017-02-07,21928,22071,21451,22071,59247,0.019822567230385335
2017-02-08,21928,22357,21690,22167,50374,0.004349599021340245
2017-02-09,21833,22119,21737,21928,22140,-0.010781792754996133
2017-02-10,21928,22119,21642,21881,18347,-0.0021433783290769615
2017-02-13,21880,21880,21070,21070,27782,-0.03706411955577904
2017-02-14,21165,21547,21118,21404,19291,0.015851922164214605
2017-02-15,21356,22262,21356,22214,45589,0.037843393758176136
2017-02-16,22262,22309,21833,22310,20410,0.004321598991626985
2017-02-17,22357,22405,22071,22357,24729,0.0021066786194532394
2017-02-20,22834,22929,22548,22548,45093,0.008543185579460655
2017-02-21,22405,23215,22309,22977,52019,0.01902607770090481
2017-02-22,23167,23167,22595,22644,24598,-0.01449275362318836
2017-02-23,22881,22881,22500,22501,17861,-0.006315138668079867
2017-02-24,22548,22786,22357,22501,15407,0.0
2017-02-27,22500,22881,22452,22548,26091,0.002088796053508757
2017-02-28,22738,22738,22119,22214,16625,-0.014812843711193846
2017-03-02,22452,22452,21118,21547,38662,-0.030026109660574396
2017-03-03,21547,21547,20879,20927,33966,-0.028774307328166326
2017-03-06,20927,21165,20689,20975,34676,0.0022936875806374157
2017-03-07,20975,21356,20784,21356,20942,0.018164481525625664
2017-03-08,21213,21356,21022,21261,11967,-0.004448398576512469
2017-03-09,21261,21308,21070,21118,13603,-0.006725930106768252
2017-03-10,21070,21261,20832,21213,13091,0.004498532057960025
2017-03-13,21022,21308,21022,21309,24464,0.004525526799604052
2017-03-14,21404,21404,21022,21356,17768,0.0022056408090478374
2017-03-15,21356,21356,20784,21023,25327,-0.015592807641880535
2017-03-16,21022,21213,20832,20927,17896,-0.004566427246349258
2017-03-17,20879,20927,20498,20689,30273,-0.011372867587327362
2017-03-20,20784,20784,20402,20689,15269,0.0
2017-03-21,20546,20832,20498,20784,11691,0.004591812074048907
2017-03-22,20736,20927,20546,20737,10194,-0.002261354888375644
2017-03-23,20689,20975,20498,20927,14889,0.00916236678400928
2017-03-24,20879,21308,20736,21166,21399,0.011420652745257387
2017-03-27,21261,21785,21165,21547,33560,0.01800056694699048
2017-03-28,21547,21594,21356,21547,13021,0.0
2017-03-29,21547,21690,21308,21499,10216,-0.0022276883092774424
2017-03-30,21499,21642,20975,21023,27166,-0.022140564677426866
2017-03-31,21022,21451,21022,21356,13961,0.015839794510773997
2017-04-03,21547,22214,21404,22214,42193,0.04017606293313358
2017-04-04,22214,22500,22023,22405,42238,0.008598181327091003
2017-04-05,22166,22643,22166,22453,19258,0.0021423789332737364
2017-04-06,22452,22452,22119,22405,11684,-0.002137798957822956
2017-04-07,22262,22595,22166,22357,15874,-0.0021423789332738474
2017-04-10,22262,22357,21499,21833,22362,-0.023437849443127434
2017-04-11,21833,22071,21547,21833,13677,0.0
2017-04-12,21690,21928,21499,21785,16954,-0.002198506847432835
2017-04-13,21833,22071,21737,22071,15783,0.013128299288501344
2017-04-14,22071,22357,21642,21738,25160,-0.015087671605273911
2017-04-17,21833,22214,21737,22119,6579,0.017526911399392775
2017-04-18,22214,22309,21976,22262,17492,0.006465030064650268
2017-04-19,22214,22643,22119,22501,24059,0.010735782948522177
2017-04-20,22595,22929,22405,22596,18505,0.0042220345762411515
2017-04-21,22881,22881,22357,22405,10198,-0.00845282350858556
2017-04-24,22405,22405,22023,22214,16149,-0.008524882838652048
2017-04-25,21880,22214,21833,22119,18846,-0.00427658233546413
2017-04-26,22166,22262,21976,22024,12704,-0.004294950042949552
2017-04-27,22166,22166,21690,21738,16462,-0.01298583363603345
2017-04-28,21499,21833,21499,21595,13396,-0.006578342073787824
2017-05-02,21594,21737,21356,21452,12664,-0.006621903218337555
2017-05-04,21451,21594,21451,21547,8157,0.00442849151594249
2017-05-08,21642,22262,21404,22214,29320,0.030955585464333746
2017-05-10,22309,22309,21785,21881,21058,-0.01499054650220577
2017-05-11,22071,22071,21785,21928,10163,0.0021479822677208382
2017-05-12,22071,22119,21737,21928,11827,0.0
2017-05-15,21880,22119,21642,21785,6998,-0.006521342575702249
2017-05-16,21737,21785,21308,21642,20618,-0.006564149644250672
2017-05-17,21642,21737,21165,21356,18403,-0.013215044820256927
2017-05-18,21261,21261,20832,21166,21378,-0.008896797153024938
2017-05-19,20832,21213,20736,21213,30824,0.0022205423792875933
2017-05-22,21356,21356,20736,20880,20905,-0.015697921086126443
2017-05-23,21070,21070,20736,20927,13812,0.0022509578544060993
2017-05-24,21022,21451,20927,21452,19647,0.025087207913222054
2017-05-25,21451,21499,21308,21499,10296,0.0021909379078872693
2017-05-26,21547,21547,21308,21356,11824,-0.006651472161495864
2017-05-29,21642,21642,21261,21309,11717,-0.0022007866641693408
2017-05-30,21308,21499,21261,21404,10091,0.004458210145947827
2017-05-31,21547,22119,21451,22024,54329,0.028966548308727358
2017-06-01,22119,22119,21737,21928,15276,-0.004358881220486777
2017-06-02,21928,22262,21737,21976,26931,0.002188982123312755
2017-06-05,22214,22548,22119,22453,42853,0.021705496905715327
2017-06-07,22452,22500,22166,22310,26066,-0.006368859395181059
2017-06-08,22309,22643,22262,22405,31551,0.004258180188256411
2017-06-09,22452,22643,22309,22453,26927,0.0021423789332737364
2017-06-12,22452,22548,22071,22167,21806,-0.012737718790362118
2017-06-13,22023,22548,22023,22453,20642,0.012902061623133454
2017-06-14,22691,23167,22595,22739,56260,0.012737718790362118
2017-06-15,22738,22977,22357,22357,24076,-0.016799331544922858
2017-06-16,22214,22405,22023,22262,17449,-0.004249228429574647
2017-06-19,22071,22357,21928,22119,21628,-0.006423501931542508
2017-06-20,22071,22309,21737,21881,22654,-0.01075998010759982
2017-06-21,21785,22071,21547,22024,11440,0.0065353503039167204
2017-06-22,22166,22738,21928,22119,14134,0.004313476207773448
2017-06-23,22262,22309,21880,22119,11839,0.0
2017-06-26,22119,22119,21833,21928,10432,-0.008635110086351094
2017-06-27,22071,22262,21928,22262,22328,0.015231667274717253
2017-06-28,22262,22262,21928,22167,12616,-0.004267361423052729
2017-06-29,22309,22357,21880,22119,17427,-0.0021653809717147032
2017-06-30,22119,22119,21737,21785,11912,-0.015100140151001362
2017-07-03,21880,21880,21165,21404,23910,-0.017489098003213188
2017-07-04,21308,21642,21308,21499,10111,0.004438422724724278
2017-07-05,21642,21642,21261,21499,5945,0.0
2017-07-06,21499,21547,21356,21499,3932,0.0
2017-07-07,21499,21499,21118,21309,11597,-0.008837620354435138
2017-07-10,21308,21308,21022,21213,8440,-0.004505138673799758
2017-07-11,21070,21213,20832,21023,22811,-0.008956771790882945
2017-07-12,20975,21165,20927,21118,10147,0.004518860295866345
2017-07-13,21213,21213,20736,20880,20662,-0.011270006629415685
2017-07-14,20593,20784,20212,20403,62462,-0.022844827586206873
2017-07-17,20402,20879,20402,20784,22804,0.018673724452286322
2017-07-18,20593,21070,20593,20975,10960,0.00918976135488836
2017-07-19,21070,21070,20593,20784,18275,-0.00910607866507751
2017-07-20,20832,20832,20498,20594,20194,-0.009141647421093135
2017-07-21,20593,20689,20402,20498,12502,-0.004661551908322847
2017-07-24,20593,20689,20498,20498,8879,0.0
2017-07-25,20593,20879,20498,20641,9091,0.006976290369792082
2017-07-26,20832,20832,20593,20737,10977,0.0046509374545806725
2017-07-27,20736,20784,20641,20689,6305,-0.0023147031875392354
2017-07-28,20689,20736,19544,20308,29263,-0.018415583160133364
2017-07-31,20164,20355,19830,20260,18571,-0.0023636005515067504
2017-08-01,20259,20355,20069,20212,3088,-0.002369200394866766
2017-08-02,20498,20498,20116,20212,4433,0.0
2017-08-03,20212,20212,19592,19783,21961,-0.0212250148426677
2017-08-04,19973,19973,19640,19640,7132,-0.007228428448668001
2017-08-07,19687,19973,19640,19879,7014,0.01216904276985753
2017-08-08,19687,20021,19687,19879,4014,0.0
2017-08-09,19830,19830,19449,19497,12749,-0.019216258363096705
2017-08-10,19497,19783,19258,19354,16207,-0.0073344617120583155
2017-08-11,19163,19354,18734,18735,29581,-0.03198305259894596
2017-08-14,18972,19258,18829,19164,9776,0.022898318654923866
2017-08-16,19020,19306,18972,19211,7667,0.0024525151325400785
2017-08-17,19449,19592,19115,19307,5268,0.0049971370568944184
2017-08-18,19354,19640,19163,19497,8065,0.009840990314393672
2017-08-21,19592,19592,19354,19497,5131,0.0
2017-08-22,19497,19544,19306,19402,6915,-0.004872544494024744
2017-08-23,19497,19497,19258,19402,6776,0.0
2017-08-24,19258,19497,19068,19164,17213,-0.012266776620966868
2017-08-25,19211,19306,19068,19211,7852,0.0024525151325400785
2017-08-28,19258,19497,19211,19402,8138,0.009942220602779717
2017-08-29,19401,19497,19163,19402,10211,0.0
2017-08-30,19497,19497,19163,19402,17983,0.0
2017-08-31,19401,19401,19211,19354,11269,-0.002473971755489135
2017-09-01,19449,19830,19258,19831,27626,0.024646067996279886
2017-09-04,19687,20498,19592,20165,52276,0.016842317583581234
2017-09-05,20307,20355,19926,20117,19406,-0.0023803620133895365
2017-09-06,19926,20212,19878,20022,9851,-0.004722374111448047
2017-09-07,20021,20307,20021,20022,8200,0.0
2017-09-08,20212,20259,19497,19688,12604,-0.016681650184796726
2017-09-11,19544,19973,19354,19545,22879,-0.007263307598537216
2017-09-12,19735,19735,19258,19545,9289,0.0
2017-09-13,19592,19640,19258,19402,13255,-0.007316449219749277
2017-09-14,19449,19449,19163,19354,8537,-0.002473971755489135
2017-09-15,19354,19354,19115,19164,12433,-0.009817092073989842
2017-09-18,19115,19401,19115,19402,7148,0.012419119181799276
2017-09-19,19354,19449,19258,19354,11529,-0.002473971755489135
2017-09-20,19449,20832,19306,20784,86650,0.07388653508318699
2017-09-21,20736,21165,20355,20355,52214,-0.020640877598152474
2017-09-22,20355,20355,19735,20165,32689,-0.009334315892901013
2017-09-25,20164,20212,19354,19354,32430,-0.04021819985122732
2017-09-26,19068,19735,19068,19593,22088,0.012348868450966277
2017-09-27,19640,19640,19258,19307,15743,-0.014597049966824871
2017-09-28,19544,19544,19115,19164,16311,-0.007406640078727933
2017-09-29,19354,19449,19163,19307,13627,0.007461907743686158
2017-10-10,19306,19544,19211,19354,11517,0.0024343502356658497
2017-10-11,19401,20021,19306,19926,17940,0.02955461403327475
2017-10-12,19926,20259,19735,20069,13288,0.00717655324701405
2017-10-13,20021,20116,19640,19688,16810,-0.01898450346305247
2017-10-16,19830,19830,19306,19545,11248,-0.007263307598537216
2017-10-17,19497,19878,19497,19831,7500,0.014632898439498554
2017-10-18,19973,20116,19640,20022,11136,0.00963138520498208
2017-10-19,20164,20307,19973,20117,13373,0.004744780741184673
2017-10-20,20212,20212,19783,19879,12547,-0.011830789879206605
2017-10-23,19973,20164,19878,20069,15727,0.009557824840283669
2017-10-24,20069,20164,19973,20022,15420,-0.0023419203747072626
2017-10-25,20259,20259,19735,19879,14497,-0.007142143641993837
2017-10-26,19830,20021,19640,19688,18440,-0.009608129181548408
2017-10-27,19735,20021,19640,20022,14647,0.01696464851686308
2017-10-30,20116,20259,19878,20165,17075,0.007142143641993837
2017-10-31,20212,20975,20021,20784,53516,0.030696751797669286
2017-11-01,20736,21165,20593,20880,23843,0.004618937644341736
2017-11-02,20879,20975,20212,20212,16225,-0.03199233716475092
2017-11-03,20307,20879,20212,20784,23561,0.028300019790223674
2017-11-06,20784,21261,20784,20927,22138,0.00688029253271738
2017-11-07,20927,21165,20689,20927,12083,0.0
2017-11-08,20927,21261,20593,21070,18594,0.006833277583982333
2017-11-09,21308,21499,20975,21452,31002,0.018130042714760375
2017-11-10,21404,21451,21165,21356,19727,-0.004475107216110441
2017-11-13,21404,21499,21165,21404,26252,0.002247611912343128
2017-11-14,21261,22405,21261,22310,99591,0.04232853672210801
2017-11-15,22500,22786,22166,22548,116726,0.010667861945315993
2017-11-16,22262,22452,21690,22071,44833,-0.021154869611495486
2017-11-17,22071,22071,21690,21833,23826,-0.010783380907072648
2017-11-20,21928,22357,21880,22310,45325,0.021847661796363216
2017-11-21,22691,22786,22214,22739,62992,0.019229045271178746
2017-11-22,22738,22786,21690,21690,56963,-0.04613219578697392
2017-11-23,21451,22023,21356,22024,27509,0.015398801290917419
2017-11-24,21833,22119,21594,21642,25831,-0.017344714856520116
2017-11-27,21451,22119,21404,21738,28164,0.004435819240365957
2017-11-28,21737,22023,21404,21404,55858,-0.015364798969546456
2017-11-29,21499,21594,21022,21261,24585,-0.006680994206690327
2017-11-30,21261,21499,21165,21309,14044,0.0022576548610131475
2017-12-01,21308,22119,21308,22024,42160,0.0335538974142382
2017-12-04,22119,22357,21880,22119,27368,0.004313476207773448
2017-12-05,22119,22119,21499,21595,22028,-0.023690040236900356
2017-12-06,21594,21833,21213,21642,16132,0.0021764297291040346
2017-12-07,21594,21594,20879,20927,21002,-0.03303761205064226
2017-12-08,20927,21165,20736,20880,9663,-0.002245902422707502
2017-12-11,21118,21261,20736,21261,14355,0.018247126436781613
2017-12-12,21308,21356,20927,20975,10047,-0.013451860213536504
2017-12-13,21165,21404,20927,20975,9093,0.0
2017-12-14,20975,21165,20832,20880,12216,-0.004529201430274132
2017-12-15,20975,21308,20975,21023,8414,0.00684865900383147
2017-12-18,20975,21213,20879,20927,5930,-0.004566427246349258
2017-12-19,20689,20975,20355,20451,17150,-0.022745735174654724
2017-12-20,20259,20402,20069,20117,10142,-0.016331719720307114
2017-12-21,19926,20355,19735,19736,8857,-0.018939205646965274
2017-12-22,19783,20116,19735,19974,10855,0.012059181191730772
2017-12-26,20259,20259,19878,19974,16997,0.0
2017-12-27,19973,20116,19878,19926,19313,-0.0024031240612796267
2017-12-28,20212,20498,19973,20355,15824,0.02152965974104193
2018-01-02,20450,20593,20259,20594,20359,0.011741586833701856
2018-01-03,20832,21356,20641,21166,37526,0.027775080120423512
2018-01-04,21165,21642,21070,21070,32976,-0.0045355759236511695
2018-01-05,21118,21404,20927,21356,26819,0.013573801613668612
2018-01-08,21404,21499,21022,21261,23216,-0.004448398576512469
2018-01-09,21261,21690,20975,21356,22527,0.0044682752457552155
2018-01-10,21547,21547,21022,21213,18456,-0.006696010488855597
2018-01-11,21213,21642,21213,21404,31971,0.009003912695045413
2018-01-12,21785,22119,21547,21690,66765,0.013361988413380654
2018-01-15,21737,22214,21690,22119,35404,0.019778699861687343
2018-01-16,21833,22119,21642,21785,26950,-0.015100140151001362
2018-01-17,21785,22071,21642,21690,13556,-0.004360798714711955
2018-01-18,21737,21880,21308,21690,26127,0.0
2018-01-19,21690,22214,21499,21738,45891,0.0022130013831258566
2018-01-22,21833,21928,21308,21547,22780,-0.008786456895758632
2018-01-23,21547,22023,21499,21881,27479,0.01550099781872194
2018-01-24,22023,22500,21976,22357,54636,0.021754033179470778
2018-01-25,22357,22738,22214,22501,41009,0.006440935724828956
2018-01-26,22500,22691,22262,22644,34201,0.006355273098973324
2018-01-29,22595,24216,22500,24074,122500,0.06315138668079845
2018-01-30,23787,24836,23501,23883,95357,-0.007933870565755563
2018-01-31,23692,24979,23215,24932,127234,0.04392245530293515
2018-02-01,24884,26123,24598,24646,107588,-0.011471201668538433
2018-02-02,24502,24550,23310,24121,72939,-0.021301631096323992
2018-02-05,23406,23930,22548,23216,60448,-0.03751917416359185
2018-02-06,21928,22834,21690,22834,68759,-0.01645416953824952
2018-02-07,22977,23596,22071,22071,50462,-0.03341508277130589
2018-02-08,22071,22834,22071,22787,33329,0.0324407593674958
2018-02-09,21928,23549,21880,23025,45124,0.010444551718084893
2018-02-12,23024,23787,23024,23454,33603,0.018631921824104225
2018-02-13,23549,23978,22881,22882,29646,-0.024388164065830997
2018-02-14,22881,23120,22452,22834,14531,-0.0020977187308801604
2018-02-19,22834,23453,22452,23406,26541,0.025050363493036798
2018-02-20,23406,23978,23167,23835,42664,0.01832863368367077
2018-02-21,23787,23835,23406,23645,27303,-0.007971470526536573
2018-02-22,23406,23549,22691,23120,20839,-0.022203425671389332
2018-02-23,23024,23310,22881,23216,12746,0.0041522491349481605
2018-02-26,23596,23739,23024,23454,23072,0.010251550654720942
2018-02-27,23501,23644,23024,23168,14119,-0.012194082032915499
2018-02-28,23167,23263,22738,22787,21244,-0.01644509668508287
2018-03-02,22357,23120,22357,22930,18687,0.006275507965067817
2018-03-05,23120,23120,22166,22167,19680,-0.03327518534670737
2018-03-06,22023,22548,21976,22405,18192,0.010736680651418862
2018-03-07,22500,22977,22405,22882,19309,0.02128989064940856
2018-03-08,22738,23072,21451,22501,17849,-0.016650642426361384
2018-03-09,22738,22834,22262,22787,13212,0.012710546197946648
2018-03-12,22977,23358,22881,23359,23820,0.025102031860271268
2018-03-13,23406,23453,22977,23025,14676,-0.014298557301254289
2018-03-14,23024,23167,22548,22834,14818,-0.008295331161780717
2018-03-15,22881,23072,22595,22977,16233,0.0062625908732591995
2018-03-16,22977,23072,22500,22930,14304,-0.0020455237846541685
2018-03-19,22929,23072,22691,22882,19329,-0.002093327518534638
2018-03-20,22071,23120,22071,22977,26237,0.004151734988200317
2018-03-21,23120,23787,23024,23359,48695,0.016625320973147062
2018-03-22,23549,24073,22977,23025,73603,-0.014298557301254289
2018-03-23,22500,22786,22262,22310,51275,-0.03105320304017367
2018-03-26,22214,22881,21642,22834,43120,0.023487225459435157
2018-03-27,23024,23072,22643,22930,13061,0.004204256810020235
2018-03-28,22834,22929,22405,22930,15761,0.0
2018-03-29,22691,22929,22595,22834,14711,-0.004186655037069387
2018-03-30,23120,23453,23072,23311,23031,0.020889901024787605
2018-04-02,23358,23692,23263,23359,17881,0.002059113723134942
2018-04-03,23263,23549,22881,23454,14699,0.004066954921015498
2018-04-04,23501,23739,23120,23502,34310,0.0020465592223075646
2018-04-05,23739,24168,23406,23788,36210,0.012169177091311267
2018-04-06,23787,24741,23453,24312,40882,0.022027913233563234
2018-04-09,24311,25265,24025,25075,92648,0.03138367884172433
2018-04-10,25265,25265,24598,24979,45278,-0.0038285144566301277
2018-04-11,24979,26790,24979,25265,211911,0.011449617678850332
2018-04-12,25408,26028,24216,25551,134065,0.011320007916089558
2018-04-13,25456,26123,24788,25456,94317,-0.0037180540879026003
2018-04-16,25456,25694,25170,25170,31907,-0.011235072281583935
2018-04-17,25360,25551,24598,24598,40148,-0.02272546682558596
2018-04-18,24598,24979,24073,24312,33675,-0.01162696154158871
2018-04-19,24311,24311,23167,23168,64533,-0.04705495228693646
2018-04-20,23024,23549,22977,23406,27825,0.010272790055248615
2018-04-23,23406,23406,22691,22930,27962,-0.020336665812184962
2018-04-24,22881,23024,22595,22691,16876,-0.010423026602703889
2018-04-25,22500,23072,22405,22548,36179,-0.006302058084703188
2018-04-26,22548,22881,22548,22739,20717,0.008470817810892317
2018-04-27,22881,22977,22405,22644,30504,-0.0041778442323761045
2018-04-30,22452,22643,21737,21928,42964,-0.03161985514926691
2018-05-02,21833,22023,21261,21738,44942,-0.008664720904779322
2018-05-03,21404,21737,21404,21642,23073,-0.004416229643941505
2018-05-04,21785,21785,20593,20784,51316,-0.03964513446077067
2018-05-08,20927,21070,20307,20308,27427,-0.022902232486528118
2018-05-09,20307,20832,20212,20784,23679,0.023439038802442358
2018-05-10,20784,20927,20307,20594,12037,-0.009141647421093135
2018-05-11,20593,21022,20593,20784,15704,0.009225988151888798
2018-05-14,20975,20975,20259,20451,24037,-0.016021939953810627
2018-05-15,20498,20736,20450,20689,10312,0.011637572734829682
2018-05-16,20736,20736,20212,20355,20563,-0.016143844555077558
2018-05-17,20450,20546,20355,20451,8482,0.004716285924834196
2018-05-18,20450,20927,20450,20784,16348,0.016282822355875082
2018-05-21,20832,21165,20784,21070,7641,0.013760585065434983
2018-05-23,21070,21070,20546,20641,12068,-0.02036070242050303
2018-05-24,20641,20879,20498,20832,7625,0.009253427644009493
2018-05-25,20832,20879,20259,20880,11660,0.0023041474654377225
2018-05-28,20927,20927,20546,20689,11658,-0.009147509578544044
2018-05-29,20736,20927,20546,20641,9422,-0.002320073468993211
2018-05-30,20498,20784,20259,20784,17923,0.006927958916719046
2018-05-31,20736,20736,20355,20355,8971,-0.020640877598152474
2018-06-01,20355,20641,20355,20594,7288,0.011741586833701856
2018-06-04,20546,20593,20307,20451,10930,-0.0069437700301058225
2018-06-05,20450,20641,20307,20451,10710,0.0
2018-06-07,20593,20736,20259,20594,12608,0.00699232311378406
2018-06-08,20784,20784,20450,20641,10516,0.002282218121782975
2018-06-11,20593,20641,20355,20546,10478,-0.004602490189428821
2018-06-12,20593,20641,20402,20498,8604,-0.002336221162270058
2018-06-14,20546,20689,20355,20498,13674,0.0
2018-06-15,20355,20593,20355,20498,9973,0.0
2018-06-18,20355,20498,19926,19926,22522,-0.02790516147916866
2018-06-19,19830,20069,19497,19545,29635,-0.019120746763023222
2018-06-20,19211,19830,19211,19736,5992,0.00977232028651831
2018-06-21,19544,19830,19401,19688,4872,-0.002432103769760885
2018-06-22,19687,19687,19354,19593,7329,-0.004825274278748459
2018-06-25,19687,19830,19306,19783,10304,0.009697340887051542
2018-06-26,19544,19687,19449,19640,3451,-0.007228428448668001
2018-06-27,19878,19878,19401,19545,10884,-0.004837067209775947
2018-06-28,19544,19544,18925,18973,18718,-0.02926579687899722
2018-06-29,18972,19258,18496,18830,13819,-0.0075370263005323235
2018-07-02,18686,18877,18162,18162,23284,-0.035475305363781184
2018-07-03,18162,18591,18114,18496,10314,0.01839004514921272
2018-07-04,18305,18877,18305,18639,6072,0.007731401384083014
2018-07-05,18639,18877,18114,18305,11795,-0.01791941627769733
2018-07-06,18305,18686,18257,18592,6426,0.01567877629063097
2018-07-09,18543,18925,18496,18878,6107,0.015382960413080848
2018-07-10,18877,19544,18829,19354,11107,0.02521453543807617
2018-07-11,19306,19354,19068,19164,14283,-0.009817092073989842
2018-07-12,19163,19544,18972,19307,4078,0.007461907743686158
2018-07-13,19544,19544,19306,19545,4316,0.01232713523592488
2018-07-16,19544,19592,19306,19450,3388,-0.004860578152980355
2018-07-17,19449,19544,19163,19211,5963,-0.012287917737789256
2018-07-18,19258,19497,19020,19116,7857,-0.004945083545885187
2018-07-19,19115,19163,18972,19068,6089,-0.0025109855618330457
2018-07-20,19068,19211,18925,19116,4779,0.0025173064820642743
2018-07-23,19115,19115,18448,18449,13405,-0.03489223686963805
2018-07-24,18734,18734,18305,18592,2079,0.007751097620467329
2018-07-25,18877,18877,18257,18305,9873,-0.015436746987951833
2018-07-26,18305,18448,18162,18353,5203,0.0026222343621962185
2018-07-27,18400,18496,18210,18449,12109,0.0052307524655370585
2018-07-30,18400,18639,18210,18258,3526,-0.010352864653910832
2018-07-31,18257,18448,18162,18401,6396,0.00783218315259071
2018-08-01,18353,18877,18353,18830,5402,0.02331395032878647
2018-08-02,18829,18877,18543,18639,4120,-0.010143388210302695
2018-08-03,18686,18925,18639,18782,3250,0.007672085412307572
2018-08-06,18829,19068,18591,18782,4865,0.0
2018-08-07,18782,18782,18400,18735,6368,-0.002502395910978561
2018-08-08,18591,18829,18591,18782,4484,0.0025086736055510706
2018-08-09,18877,18972,18639,18973,4559,0.010169311042487417
2018-08-10,18972,19115,18448,18878,17489,-0.005007115374479509
2018-08-13,18829,18829,18067,18115,23999,-0.04041741709926894
2018-08-14,18114,18448,18114,18305,14055,0.01048854540436106
2018-08-16,18305,18496,18162,18353,4440,0.0026222343621962185
2018-08-17,18400,18639,18114,18592,8881,0.01302239415899309
2018-08-20,18734,18972,18734,18925,8638,0.017910929432013667
2018-08-21,18972,19306,18925,19164,17277,0.012628797886393706
2018-08-22,19401,19401,18877,19021,6268,-0.007461907743686047
2018-08-23,19211,19211,18829,19021,5227,0.0
2018-08-24,19020,19258,18829,19116,9206,0.004994479785500161
2018-08-27,19354,19401,19211,19307,15836,0.009991630048127309
2018-08-28,19497,19544,19258,19259,8086,-0.002486144921531097
2018-08-29,19258,19401,19163,19402,11438,0.007425099953268566
2018-08-30,19449,19544,19306,19402,2543,0.0
2018-08-31,19401,19449,19115,19450,8356,0.002473971755489135
2018-09-03,19449,19544,19354,19545,8000,0.004884318766066764
2018-09-04,19544,19783,19544,19736,13595,0.00977232028651831
2018-09-05,19783,20402,19640,19640,22570,-0.004864207539521659
2018-09-06,19544,19783,19306,19497,9180,-0.007281059063136475
2018-09-07,19401,19640,19401,19497,7718,0.0
2018-09-10,19687,19687,19306,19450,5076,-0.002410627275991173
2018-09-11,19449,20164,19449,20117,21894,0.03429305912596403
2018-09-12,20116,20164,19783,20022,7190,-0.004722374111448047
2018-09-13,20164,20212,19973,20117,6768,0.004744780741184673
2018-09-14,20069,20307,19878,20308,9864,0.00949445742406918
2018-09-17,20307,20307,19926,19974,9814,-0.01644672050423479
2018-09-18,19973,20164,19878,20069,10841,0.004756183037949224
2018-09-19,20069,20116,19687,19688,6401,-0.01898450346305247
2018-09-20,19830,20546,19687,20117,34619,0.021789922795611538
2018-09-21,20307,20546,20307,20451,17033,0.01660287319182774
2018-09-27,20641,25217,20307,23359,1096050,0.14219353576842209
2018-09-28,23167,24121,22500,23931,227217,0.024487349629693123
2018-10-01,23930,24073,22881,23120,119295,-0.0338890978229075
2018-10-02,22881,23072,21547,21928,136583,-0.05155709342560555
2018-10-04,22119,22166,21404,22071,59739,0.006521342575702249
2018-10-05,21928,21928,21165,21166,51713,-0.04100403244075934
2018-10-08,21070,21499,20832,20832,32232,-0.01578002456770289
2018-10-10,20832,21165,20069,20069,42473,-0.0366263440860215
2018-10-11,19211,19783,18972,19307,66569,-0.03796900692610494
2018-10-12,18972,19830,18972,19831,20226,0.027140415393380746
2018-10-15,19783,19973,19306,19545,15469,-0.01442186475719831
2018-10-16,19878,20116,19592,20117,18965,0.029265796878997108
2018-10-17,20355,20641,19735,19879,27480,-0.011830789879206605
2018-10-18,19926,20069,19735,19879,11178,0.0
2018-10-19,19830,20164,19544,20165,9007,0.014387041601690242
2018-10-22,20164,20212,19830,20022,9366,-0.007091495164889605
2018-10-23,20021,20021,19401,19402,16924,-0.030965937468784288
2018-10-24,19687,19735,19068,19307,14553,-0.004896402432738922
2018-10-25,18972,18972,18448,18592,31588,-0.037033200393639665
2018-10-26,18639,18877,17924,18401,22576,-0.010273235800344227
2018-10-29,17971,18543,17161,17209,33299,-0.06477908809303845
2018-10-30,16446,17590,16398,17495,18094,0.016619210878028978
2018-10-31,17590,17733,16970,17304,16968,-0.010917404972849432
2018-11-01,17638,17924,17495,17543,7479,0.013811835413777063
2018-11-02,17828,18305,17781,18258,11880,0.04075699709285763
2018-11-05,18257,19497,18114,19354,30924,0.06002848066600941
2018-11-06,19354,19973,19163,19497,18471,0.007388653508318743
2018-11-07,19497,19926,18782,19116,11664,-0.019541467918141264
2018-11-08,19544,19592,19115,19259,7606,0.007480644486294263
2018-11-09,19544,19544,18496,18639,9907,-0.03219274105612957
2018-11-12,18639,18639,18114,18115,8220,-0.02811309619614788
2018-11-13,18019,18972,18019,18830,8428,0.039470052442726944
2018-11-14,18591,19115,18496,18878,9456,0.0025491237387147425
2018-11-15,19020,19020,18210,18544,10795,-0.01769255217713739
2018-11-16,18496,18877,18400,18878,8673,0.018011216566005128
2018-11-19,18972,19497,18686,19354,13964,0.02521453543807617
2018-11-20,19020,22643,19020,19736,210047,0.0197375219592848
2018-11-21,19926,20498,19735,19926,39408,0.009627077421969998
2018-11-22,20021,20164,19640,19688,20350,-0.011944193516009283
2018-11-23,19592,20498,19497,20022,32609,0.01696464851686308
2018-11-26,20069,20832,19926,20784,29446,0.03805813605034469
2018-11-27,20879,21642,20546,21595,41045,0.03902040030792908
2018-11-28,21404,21451,20259,20451,48251,-0.05297522574670066
2018-11-29,20498,20879,20450,20546,17413,0.0046452496210454
2018-11-30,20450,21070,20164,20832,24970,0.013919984425192267
2018-12-03,21261,21308,20736,20975,22077,0.006864439324116844
2018-12-04,20975,21118,20689,20737,8649,-0.011346841477949954
2018-12-05,20402,20784,20355,20641,9429,-0.00462940637507836
2018-12-06,20832,20879,19783,19831,13576,-0.039242284773024605
2018-12-07,19878,20069,19592,19831,8509,0.0
2018-12-10,19592,19973,19258,19736,9167,-0.004790479552216231
2018-12-11,20021,20116,19068,19307,8832,-0.02173692744223754
2018-12-12,19354,20069,19354,20069,5746,0.039467550629305403
2018-12-13,20021,20307,19354,20069,9499,0.0
2018-12-14,19926,20116,19783,20022,5157,-0.0023419203747072626
2018-12-17,20069,20069,19115,19211,12692,-0.04050544401158729
2018-12-18,19068,19211,18591,19068,21137,-0.007443652074332396
2018-12-19,19068,19449,18877,19354,8735,0.014998951122299209
2018-12-20,19211,19497,18877,19068,6925,-0.014777307016637375
2018-12-21,18972,19354,18972,19259,5140,0.010016782043213768
2018-12-24,19306,19354,18925,19354,5991,0.004932758710213481
2018-12-26,19068,19258,18972,19116,7854,-0.012297199545313608
2018-12-27,19401,19449,19115,19402,4386,0.014961288972588305
2018-12-28,19449,19926,19354,19783,9248,0.019637150809195036
2019-01-02,19783,20069,19592,19640,11533,-0.007228428448668001
2019-01-03,19640,19878,19640,19688,12358,0.0024439918533605276
2019-01-04,19592,19783,19544,19688,8157,0.0
2019-01-07,19926,20116,19592,20117,13061,0.021789922795611538
2019-01-08,20021,20402,20021,20117,5039,0.0
2019-01-09,20307,20307,20069,20069,4609,-0.0023860416563106224
2019-01-10,20164,20498,20021,20355,8949,0.014250834620558983
2019-01-11,20450,20498,20307,20451,4465,0.004716285924834196
2019-01-14,20307,20498,20259,20260,6835,-0.009339396606522943
2019-01-15,20164,20450,19973,20355,12590,0.004689042448173808
2019-01-16,20355,20498,20164,20451,3630,0.004716285924834196
2019-01-17,20069,20450,20069,20260,3371,-0.009339396606522943
2019-01-18,20116,20402,20116,20403,5052,0.007058242843040574
2019-01-21,20402,20641,20259,20546,10969,0.0070087732196246755
2019-01-22,20498,21356,20498,20832,29704,0.013919984425192267
2019-01-23,20832,20975,20641,20975,3129,0.006864439324116844
2019-01-24,20736,21118,20736,20975,6775,0.0
2019-01-25,20975,21118,20784,21023,5378,0.002288438617401578
2019-01-28,21022,21118,20689,20737,5767,-0.013604147838082059
2019-01-29,20641,20832,20355,20689,4589,-0.0023147031875392354
2019-01-30,20498,20784,20498,20689,2139,0.0
2019-01-31,20736,20879,20498,20832,4760,0.006911885543042118
2019-02-01,20689,21022,20689,20832,5862,0.0
2019-02-07,20736,20927,20498,20641,7494,-0.009168586789554567
2019-02-08,20450,20593,20116,20451,11580,-0.009204980378857641
2019-02-11,20355,20975,20355,20498,13495,0.0022981761283067392
2019-02-12,20546,21118,20546,20927,12504,0.020928871109376468
2019-02-13,20927,21308,20689,21309,15360,0.01825393032923972
2019-02-14,21308,21308,20879,21261,6260,-0.002252569336899879
2019-02-15,21261,21594,21022,21547,13526,0.013451860213536504
2019-02-18,21547,22166,21547,22119,30839,0.026546619018888995
2019-02-19,22166,22309,21642,21928,17587,-0.008635110086351094
2019-02-20,21928,22262,21928,22119,21303,0.008710324699015004
2019-02-21,22119,22262,21785,22024,13469,-0.004294950042949552
2019-02-22,21928,22309,21928,22071,13792,0.002134035597529893
2019-02-25,21880,22357,21880,22071,15767,0.0
2019-02-26,21976,22071,21356,21452,25105,-0.028045852023016682
2019-02-27,21499,21690,20927,21213,18359,-0.011141152340108151
2019-02-28,21356,21833,21070,21118,21485,-0.004478385895441472
2019-03-04,21594,21785,21165,21642,20287,0.024812955772326895
2019-03-05,21642,21976,21594,21976,18890,0.015432954440439905
2019-03-06,21976,22214,21642,22214,14845,0.010829996359665195
2019-03-07,22214,22214,21642,21976,11133,-0.01071396416674164
2019-03-08,21928,21928,21547,21785,13071,-0.008691299599563163
2019-03-11,21594,21928,21499,21738,8640,-0.0021574477851732388
2019-03-12,21594,21880,21594,21833,12123,0.004370227251817127
2019-03-13,21833,22214,21642,22214,7905,0.017450648101497768
2019-03-14,22023,22214,21976,22214,13527,0.0
2019-03-15,22214,22214,21785,21833,12205,-0.017151345998019263
2019-03-18,21833,22023,21737,21833,6981,0.0
2019-03-19,21785,22071,21737,21976,17368,0.006549718316310127
2019-03-20,22071,22691,21737,22691,19418,0.03253549326538052
2019-03-21,22691,22834,22071,22262,18383,-0.018906174254109565
2019-03-22,22262,22500,22071,22405,13923,0.006423501931542619
2019-03-25,21928,22262,21737,21881,16758,-0.023387636688239177
2019-03-26,21928,22166,21737,22167,4372,0.013070700607833219
2019-03-27,22166,22214,21785,21881,9145,-0.012902061623133454
2019-03-28,21928,22071,21642,21690,10447,-0.00872903432201455
2019-03-29,21928,21928,20975,21261,18557,-0.019778699861687454
2019-04-01,21404,21404,20879,21166,9940,-0.0044682752457551045
2019-04-02,21118,21451,21070,21404,12911,0.011244448644051719
2019-04-03,21404,21547,21213,21309,9521,-0.004438422724724389
2019-04-04,21308,21308,20927,21213,35917,-0.004505138673799758
2019-04-05,21308,21404,21165,21356,4690,0.006741149295243387
2019-04-08,21356,21785,21356,21690,8958,0.015639632890054322
2019-04-09,21690,21833,21594,21833,10110,0.006592899953895781
2019-04-10,21833,22405,21785,22357,17113,0.024000366417807895
2019-04-11,22357,23167,22309,23168,132089,0.036274992172473874
2019-04-12,23358,23692,22977,23168,32801,0.0
2019-04-15,23167,23310,22834,23263,17411,0.0041004834254143585
2019-04-16,22977,23167,22834,23120,8083,-0.006147100545931261
2019-04-17,23072,23310,22834,23263,23472,0.006185121107266545
2019-04-18,23358,23739,22738,22787,13734,-0.020461677341701456
2019-04-19,23310,23310,22738,22787,14425,0.0
2019-04-22,22786,23358,22786,23263,23315,0.020889103436169787
2019-04-23,23310,23406,22977,23120,12759,-0.006147100545931261
2019-04-24,23120,23120,22881,22882,13582,-0.010294117647058787
2019-04-25,23263,23263,22786,22787,10366,-0.004151734988200317
2019-04-26,22691,23406,22452,23025,24124,0.010444551718084893
2019-04-29,23263,23882,23167,23168,36510,0.006210640608034668
2019-04-30,23215,23549,22977,23454,10462,0.012344613259668513
2019-05-02,23453,25170,23453,25075,113362,0.06911401040334275
2019-05-03,25599,26361,24598,24979,139948,-0.0038285144566301277
2019-05-07,24979,26123,24693,25075,65184,0.0038432283117819654
2019-05-08,24836,25599,24836,25122,24717,0.0018743768693918472
2019-05-09,24788,25551,24741,25170,33810,0.0019106759016001007
2019-05-10,24836,25456,24598,24979,43375,-0.007588398887564574
2019-05-13,24979,25360,24598,24789,34085,-0.007606389367068367
2019-05-14,24264,25170,24121,24741,35340,-0.0019363427326636318
2019-05-15,24741,25265,24598,25075,21103,0.013499858534416598
2019-05-16,25170,26171,25170,25504,63698,0.017108673978065703
2019-05-17,25551,25885,24741,24884,29408,-0.024309912170639936
2019-05-20,24693,24931,23978,24217,36809,-0.026804372287413614
2019-05-21,23692,24311,23644,23835,25398,-0.015774043027625195
2019-05-22,23835,24025,23501,23978,15014,0.0059995804489196836
2019-05-23,23978,24216,23549,23835,15794,-0.005963800150137644
2019-05-24,23596,24216,23215,23502,21122,-0.013971050975456256
2019-05-27,23453,24454,23453,23740,27445,0.010126797719343106
2019-05-28,24121,24121,23453,23692,14901,-0.0020219039595619215
2019-05-29,23453,23596,23167,23168,12908,-0.02211717035286176
2019-05-30,23167,23406,22929,23406,13598,0.010272790055248615
2019-05-31,23406,23692,22929,23263,13442,-0.00610954456122359
2019-06-03,23453,23549,22977,23406,11272,0.006147100545931261
2019-06-04,23310,23453,23024,23406,11379,0.0
2019-06-05,23787,23787,23406,23454,12892,0.0020507562163547544
2019-06-07,23596,24454,23596,24360,22131,0.03862880532105395
2019-06-10,24550,25122,24121,24646,44442,0.011740558292282488
2019-06-11,24693,27982,24693,27935,343777,0.13344964700154183
2019-06-12,27648,30032,27267,28698,355251,0.027313406121353134
2019-06-13,28888,31796,28745,31558,415894,0.09965851278834759
2019-06-14,31939,32940,30890,31320,235016,-0.007541669307307153
2019-06-17,31319,31843,30413,31177,120146,-0.00456577266922098
2019-06-18,30938,32034,30795,31892,85615,0.02293357282612174
2019-06-19,32225,32415,30842,31510,88642,-0.011977925498557584
2019-06-20,31367,31748,30080,30318,111698,-0.0378292605522057
2019-06-21,30127,30699,28125,28745,146190,-0.05188336961540996
2019-06-24,28650,29269,28459,28507,53571,-0.008279700817533486
2019-06-25,28650,28888,27887,28364,45159,-0.005016311783070826
2019-06-26,28173,28840,27648,27983,56181,-0.013432520095896239
2019-06-27,28316,28316,26647,26839,77665,-0.04088196404960154
2019-06-28,26790,27219,26314,26552,49866,-0.01069339394165203
2019-07-01,26361,26838,26171,26791,47932,0.009001205182283867
2019-07-02,26886,26886,26314,26457,33234,-0.012466873203687778
2019-07-03,26552,26647,26075,26266,25663,-0.00721926144309637
2019-07-04,25885,26409,25646,26219,35680,-0.0017893855173989337
2019-07-05,26028,26361,25742,26076,27915,-0.005454060032800689
2019-07-08,26075,26075,24836,24979,47578,-0.04206933578769745
2019-07-09,24645,25551,24645,25170,62951,0.007646422995316149
2019-07-10,24931,26266,24931,26219,54910,0.04167659912594357
2019-07-11,26218,26457,25742,26314,31142,0.0036233265952172466
2019-07-12,26123,26790,26123,26600,41530,0.010868739074257006
2019-07-15,26600,26600,25932,26362,20994,-0.008947368421052593
2019-07-16,26075,26504,25932,25933,19926,-0.016273423867688375
2019-07-17,25742,25837,24979,25504,15964,-0.01654262908263604
2019-07-18,25789,25789,25170,25456,14337,-0.0018820577164366803
2019-07-19,25265,26123,25265,25790,14900,0.013120678818353326
2019-07-22,25646,25885,25503,25504,27525,-0.011089569600620353
2019-07-23,25742,25742,24741,24932,35403,-0.022427854454203255
2019-07-24,24884,25313,24216,24264,35799,-0.026792876624418427
2019-07-25,23692,24025,23167,23549,78577,-0.029467523903725645
2019-07-26,23310,27744,23263,26171,359251,0.11134230752898211
2019-07-29,26361,26743,24741,25075,93801,-0.04187841503954759
2019-07-30,25027,28316,24693,28126,220219,0.12167497507477565
2019-07-31,27982,28316,26790,27554,83848,-0.020337054682500133
2019-08-01,26933,27696,26743,27029,55818,-0.01905349495536035
2019-08-02,26695,26743,25599,26123,63682,-0.03351955307262566
2019-08-05,26171,26171,24216,24646,102273,-0.05654021360486927
2019-08-06,23787,25694,22977,24455,87330,-0.00774973626551978
2019-08-07,25170,26218,24645,25885,54822,0.05847474953997134
2019-08-08,26266,27267,25837,26982,55815,0.04237975661580062
2019-08-09,26981,27791,26075,26362,79288,-0.02297828181750794
2019-08-12,26075,27172,26075,27029,33400,0.02530157044230341
2019-08-13,26933,27315,26314,26600,31646,-0.015871841355581062
2019-08-14,27267,28125,26933,27172,89854,0.021503759398496136
2019-08-16,26600,26981,25408,25647,105101,-0.05612395112615931
2019-08-19,25742,25885,24979,25361,42400,-0.011151401723398457
2019-08-20,25456,26743,25408,26600,42179,0.04885454043610271
2019-08-21,26552,27267,26123,27172,53200,0.021503759398496136
2019-08-22,27315,27315,26314,26362,27678,-0.029810098630943638
2019-08-23,25980,26933,25932,26219,26132,-0.0054244746225627916
2019-08-26,25265,26075,25074,25694,23654,-0.02002364697356873
2019-08-27,26218,26314,25503,25504,13489,-0.007394722503308193
2019-08-28,25408,25932,25122,25933,19363,0.016820890840652414
2019-08-29,25742,26504,25217,25265,30340,-0.025758685844291085
2019-08-30,25456,25932,25360,25837,26021,0.022640015832178895
2019-09-02,25599,26218,25313,25885,13892,0.0018578008282694736
2019-09-03,25694,25980,25408,25694,16030,-0.007378790805485758
2019-09-04,25837,26504,25456,26171,31276,0.01856464544251568
2019-09-05,26504,27172,26218,26743,49750,0.02185625310458139
2019-09-06,27124,27601,26504,27315,50465,0.021388774632614238
2019-09-09,27076,27458,26600,26982,33116,-0.0121911037891268
2019-09-10,26886,27458,26504,26743,22845,-0.008857757023200685
2019-09-11,26981,26981,26314,26600,23378,-0.005347193658153504
2019-09-16,26504,26600,25932,26219,27640,-0.014323308270676738
2019-09-17,26218,27791,26218,27506,87912,0.04908654029520587
2019-09-18,28077,29222,27458,28793,155797,0.04678979131825778
2019-09-19,28793,28840,27458,28173,65754,-0.02153301149584974
2019-09-20,27934,29412,27934,29079,72306,0.03215844957938452
2019-09-23,29460,29555,28650,29127,61233,0.0016506757453833565
2019-09-24,28793,29174,28411,28841,25906,-0.009819068218491434
2019-09-25,28840,29651,28125,29460,47903,0.021462501300232306
2019-09-26,29508,29698,28793,28793,31518,-0.022640868974881156
2019-09-27,28363,28936,28363,28602,29694,-0.006633556767269844
2019-09-30,28316,28554,27553,27601,58280,-0.03499755261869797
2019-10-01,27744,28125,27362,27554,62318,-0.0017028368537371774
2019-10-02,27076,27553,26933,27363,27075,-0.00693184292661686
2019-10-04,27362,27791,26695,27601,23661,0.008697876694806927
2019-10-07,27458,28077,27315,27792,29182,0.006920039129017175
2019-10-08,27982,27982,27601,27983,13823,0.006872481289579735
2019-10-10,27744,27982,27505,27506,17535,-0.01704606368152095
2019-10-11,27553,27839,27410,27601,10739,0.003453791899949099
2019-10-14,27601,27934,27553,27935,18422,0.012101010832940906
2019-10-15,28125,28840,27791,28507,36491,0.0204761052443172
2019-10-16,28411,29079,28316,28745,31231,0.008348826603991943
2019-10-17,28745,28840,27982,28507,30859,-0.008279700817533486
2019-10-18,28506,28745,28268,28602,28328,0.0033325148209211175
2019-10-21,28506,29079,28459,28745,42137,0.004999650374099662
2019-10-22,28506,29794,28506,29603,71233,0.02984866933379715
2019-10-23,29603,30318,29555,29651,51575,0.0016214572847346176
2019-10-24,29698,30127,28793,29985,25566,0.011264375569120855
2019-10-25,29794,29841,28888,29127,22041,-0.028614307153576823
2019-10-28,28936,29174,28173,28364,37916,-0.02619562605143
2019-10-29,28745,28983,28363,28459,25616,0.0033493160344097994
2019-10-30,28459,28697,27791,28078,31924,-0.013387680522857437
2019-10-31,28125,29746,28125,29556,50906,0.05263907685732594
2019-11-01,29746,30509,28983,30318,81699,0.025781567194478328
2019-11-04,30890,31986,30604,30652,145887,0.011016557820436645
2019-11-05,30985,31224,30175,30318,48551,-0.010896515724911904
2019-11-06,30318,30604,29412,29556,46345,-0.025133584009499277
2019-11-07,29555,30270,29269,29365,27971,-0.006462308837461128
2019-11-08,29365,29889,29269,29365,22760,0.0
2019-11-11,29365,29698,28220,28555,63806,-0.027583858334752298
2019-11-12,28554,28602,28030,28269,24899,-0.01001575906146035
2019-11-13,28554,28554,27791,28459,55148,0.006721143301850141
2019-11-14,30413,31462,27744,27887,402842,-0.02009908991883058
2019-11-15,28173,29222,27934,28984,116059,0.039337325635600884
2019-11-18,29079,29508,28793,28888,43874,-0.003312172232956101
2019-11-19,28697,29031,28459,28602,23797,-0.009900304624757661
2019-11-20,28411,28936,28220,28507,39414,-0.0033214460527235534
2019-11-21,28506,29031,28030,28173,50609,-0.01171642052829125
2019-11-22,27934,28363,27505,27697,56123,-0.01689560927128808
2019-11-25,28173,29365,28173,29031,71641,0.04816406108964877
2019-11-26,29079,29174,28459,28650,38807,-0.013123902035754864
2019-11-27,28650,28697,28220,28412,23683,-0.008307155322862081
2019-11-28,28411,28745,28030,28173,22754,-0.00841193861748557
2019-11-29,28173,28840,28173,28555,30939,0.013559081389983296
2019-12-02,28554,28745,28268,28316,15947,-0.008369812642269325
2019-12-03,28125,28697,28030,28126,9003,-0.006709987286339869
2019-12-04,28030,28316,26981,27506,58050,-0.02204366066984287
2019-12-05,27505,27744,26790,27268,26997,-0.008652657601977753
2019-12-06,27124,27982,27124,27697,27454,0.015732727006014358
2019-12-09,27648,28125,27505,27506,24227,-0.006896053724230078
2019-12-10,27553,27934,27172,27697,24008,0.00694393950410821
2019-12-11,27744,28506,27744,28364,42458,0.024082030544824384
2019-12-12,28745,28793,28220,28412,16744,0.0016922859963333092
2019-12-13,28411,28459,27982,28173,21230,-0.00841193861748557
2019-12-16,28554,28554,27887,28126,26397,-0.001668263940652448
2019-12-17,28125,28173,27696,28173,34865,0.0016710516959397292
2019-12-18,28316,28316,27934,28126,21532,-0.001668263940652448
2019-12-19,28125,28459,27982,28078,19286,-0.0017066059873426243
2019-12-20,28125,28363,27791,27840,13275,-0.008476387207066005
2019-12-23,27934,28316,27934,28221,23696,0.01368534482758621
2019-12-24,28030,28363,27982,28126,18392,-0.0033662875163884554
2019-12-26,28125,28697,28030,28650,40901,0.018630448695157398
2019-12-27,28650,29500,28650,29100,20662,0.015706806282722585
2019-12-30,29200,29700,29100,29500,15310,0.013745704467353903
2020-01-02,29300,30750,29300,30550,50039,0.035593220338983045
2020-01-03,30550,30550,29800,30150,22711,-0.013093289689034338
2020-01-06,29950,29950,29300,29550,21007,-0.01990049751243783
2020-01-07,29550,29700,29200,29550,28863,0.0
2020-01-08,29100,29500,28350,28500,32961,-0.035532994923857864
2020-01-09,29300,29350,28350,28850,32229,0.012280701754386003
2020-01-10,29250,29250,28600,29050,13229,0.006932409012131657
2020-01-13,29100,29300,28800,29150,11661,0.0034423407917383297
2020-01-14,29150,29200,28850,29000,20074,-0.005145797598627766
2020-01-15,29100,30600,29050,29600,77227,0.020689655172413834
2020-01-16,29650,29900,29400,29800,17370,0.006756756756756799
2020-01-17,29800,30000,29100,29500,38713,-0.010067114093959773
2020-01-20,29500,29800,29350,29450,29141,-0.0016949152542372614
2020-01-21,29650,29750,29200,29350,18146,-0.00339558573853993
2020-01-22,29350,29950,29350,29650,16860,0.010221465076660996
2020-01-23,29650,29650,29100,29450,23181,-0.006745362563237767
2020-01-28,28650,29700,28600,29600,57261,0.005093378607809784
2020-01-29,29600,29750,29100,29200,25895,-0.013513513513513487
2020-01-30,29250,29300,28200,28350,37213,-0.02910958904109584
2020-01-31,28550,28900,28100,28350,43646,0.0
2020-02-03,28300,28350,27100,28200,45291,-0.005291005291005346
2020-02-04,28400,29450,28400,29350,53762,0.04078014184397172
2020-02-05,29500,31900,29000,31400,201723,0.06984667802385003
2020-02-06,31650,32750,31650,32350,176971,0.030254777070063632
2020-02-07,32350,33200,32000,32500,74157,0.004636785162287493
2020-02-10,32550,32900,32150,32500,59908,0.0
2020-02-11,32600,34150,32600,34150,124478,0.05076923076923068
2020-02-12,34500,34900,33850,34200,75498,0.0014641288433381305
2020-02-13,34300,34700,33200,33700,89507,-0.014619883040935644
2020-02-14,33850,34900,33500,34200,54193,0.014836795252225476
2020-02-17,34800,34800,33300,34050,50466,-0.004385964912280715
2020-02-18,33600,34500,33200,33300,51326,-0.022026431718061623
2020-02-19,33550,34200,33350,34000,49440,0.021021021021021102
2020-02-20,34050,34400,32950,33500,44607,-0.014705882352941124
2020-02-21,33450,33750,33000,33200,31506,-0.008955223880596996
2020-02-24,33000,34000,32150,32500,81193,-0.02108433734939763
2020-02-25,32700,32950,31700,32450,47777,-0.0015384615384614886
2020-02-26,32000,32700,31600,32250,59845,-0.006163328197226536
2020-02-27,32650,33650,31550,31950,105979,-0.009302325581395321
2020-02-28,31000,31750,30000,30350,104937,-0.0500782472613458
2020-03-02,30350,32050,29900,31700,86987,0.04448105436573302
2020-03-03,32050,32400,31350,31450,64182,-0.007886435331230235
2020-03-04,31250,32650,31250,32600,81112,0.0365659777424483
2020-03-05,32900,32950,32250,32450,38607,-0.004601226993865004
2020-03-06,32000,32300,31600,31950,37519,-0.015408320493066285
2020-03-09,31350,31900,30800,31300,42586,-0.020344287949921713
2020-03-10,30800,31300,30100,31300,97860,0.0
2020-03-11,31300,31300,29850,30200,59393,-0.03514376996805113
2020-03-12,29500,30200,28400,28800,55720,-0.04635761589403975
2020-03-13,27200,27300,23700,25900,158553,-0.10069444444444442
2020-03-16,26850,27300,25250,25250,105154,-0.025096525096525046
2020-03-17,24050,28450,23700,26800,205899,0.06138613861386144
2020-03-18,26850,27900,24200,24250,156191,-0.09514925373134331
2020-03-19,24650,25050,20800,21800,129696,-0.10103092783505152
2020-03-20,22550,24900,22150,24100,127175,0.10550458715596323
2020-03-23,22550,23900,22500,23150,41772,-0.03941908713692943
2020-03-24,24000,25350,23500,25200,77615,0.08855291576673863
2020-03-25,25850,27000,25200,25600,70142,0.015873015873015817
2020-03-26,25850,26300,24800,25350,84589,-0.009765625
2020-03-27,26100,26950,24750,25500,122413,0.00591715976331364
2020-03-30,25150,27200,24600,26850,152410,0.05294117647058827
2020-03-31,27650,29000,27450,29000,160718,0.08007448789571692
2020-04-01,29000,29600,27600,27700,140441,-0.04482758620689653
2020-04-02,27750,28800,27000,28300,83470,0.02166064981949467
2020-04-03,27600,28800,27000,27350,126766,-0.03356890459363959
2020-04-06,27550,29300,27500,29300,156830,0.07129798903107853
2020-04-07,30900,30900,29250,30650,182832,0.04607508532423199
2020-04-08,30800,30800,29800,29800,65982,-0.027732463295269127
2020-04-09,30350,30350,29150,29450,60757,-0.011744966442952975
2020-04-10,29800,30250,28850,30000,108972,0.018675721561969505
2020-04-13,30000,30800,29650,30700,124288,0.023333333333333428
2020-04-14,32600,33600,31200,31350,318305,0.021172638436482094
2020-04-16,30700,32000,30500,31250,70575,-0.0031897926634768536
2020-04-17,31300,31700,30600,30900,79248,-0.011199999999999988
2020-04-20,31100,31400,30650,30950,71966,0.0016181229773462036
2020-04-21,31000,31150,29050,30450,129078,-0.016155088852988664
2020-04-22,30000,31050,29500,30900,48650,0.014778325123152802
2020-04-23,31300,31300,30700,31100,54098,0.006472491909385036
2020-04-24,31300,31450,30550,30750,49330,-0.0112540192926045
2020-04-27,31350,31750,30950,31100,81179,0.011382113821138296
2020-04-28,31600,31600,30200,30800,46643,-0.009646302250803873
2020-04-29,30800,30800,30150,30200,68177,-0.01948051948051943
2020-05-04,30200,31650,29900,31150,109010,0.0314569536423841
2020-05-06,31200,32450,31200,32250,163206,0.035313001605136396
2020-05-07,32400,32400,31800,32150,59321,-0.0031007751937984773
2020-05-08,32200,32550,31750,32100,65691,-0.0015552099533436836
2020-05-11,32250,33000,31900,32700,137110,0.01869158878504673
2020-05-12,32850,33200,32300,32700,99278,0.0
2020-05-13,32700,33450,32500,33200,97194,0.015290519877675823
2020-05-14,33200,34000,32950,33650,136381,0.013554216867469826
2020-05-15,34050,34850,33500,33500,145699,-0.004457652303120341
2020-05-18,33900,34500,33000,34300,120175,0.023880597014925398
2020-05-19,37150,37200,32500,33000,355623,-0.03790087463556846
2020-05-20,33300,33500,32650,32700,61855,-0.009090909090909038
2020-05-21,32750,33250,32150,32700,67728,0.0
2020-05-22,32500,33000,31550,31950,70539,-0.022935779816513735
2020-05-25,31950,33500,31950,33450,113337,0.04694835680751175
2020-05-26,33700,33750,32600,32850,69462,-0.017937219730941756
2020-05-27,32850,33000,31100,31550,142294,-0.0395738203957382
2020-05-28,31800,31850,30000,30200,170117,-0.0427892234548336
2020-05-29,30300,30850,30000,30700,72729,0.01655629139072845
2020-06-01,30950,31800,30750,31750,92035,0.03420195439739415
2020-06-02,32150,32250,31250,31800,92852,0.0015748031496063408
2020-06-03,32000,32150,30900,31050,80394,-0.02358490566037741
2020-06-04,31300,31600,30400,31250,124026,0.006441223832528209
2020-06-05,31500,31950,30900,31950,58412,0.022399999999999975
2020-06-08,32100,32250,31650,32050,61370,0.003129890453834161
2020-06-09,32300,32950,31650,32750,114540,0.021840873634945357
2020-06-10,32600,33250,32400,32500,134672,-0.007633587786259555
2020-06-11,34600,35450,32900,33050,582256,0.01692307692307682
2020-06-12,31400,33300,31150,33100,146057,0.001512859304084735
2020-06-15,33500,34200,31400,31700,209371,-0.04229607250755285
2020-06-16,32650,35400,32100,34550,410049,0.08990536277602534
2020-06-17,34500,37700,32950,37700,380965,0.09117221418234434
2020-06-18,44800,47850,38400,39050,2359069,0.035809018567639184
2020-06-19,39350,41150,37150,39700,603464,0.016645326504481472
2020-06-22,41150,42950,40100,42700,552786,0.07556675062972285
2020-06-23,42850,42850,39550,41250,324238,-0.03395784543325531
2020-06-24,41250,42550,39850,40100,295379,-0.027878787878787836
2020-06-25,39350,40950,39000,40150,134085,0.0012468827930174342
2020-06-26,40300,41100,38850,40550,178649,0.00996264009962644
2020-06-29,39800,40750,39600,39900,76883,-0.01602959309494456
2020-06-30,40850,41000,39300,39400,114229,-0.01253132832080206
2020-07-01,39500,39700,38900,39000,71932,-0.010152284263959421
2020-07-02,39100,39600,38700,39300,63745,0.007692307692307665
2020-07-03,39450,39450,38650,38950,51313,-0.008905852417302795
2020-07-06,39500,39550,38750,39200,46999,0.006418485237484006
2020-07-07,39250,39450,38600,38700,52352,-0.012755102040816313
2020-07-08,38700,40400,38650,40250,121369,0.040051679586563305
2020-07-09,40700,40850,39800,39950,84515,-0.007453416149068359
2020-07-10,40200,41300,39950,41100,134846,0.028785982478097605
2020-07-13,41600,42200,40750,42200,197505,0.02676399026763998
2020-07-14,42000,42200,41250,42000,66035,-0.004739336492891044
2020-07-15,42000,42000,40200,40450,99870,-0.036904761904761885
2020-07-16,40450,40700,38600,38750,125839,-0.04202719406674904
2020-07-17,38750,39100,38600,38950,35388,0.005161290322580614
2020-07-20,38950,39500,38250,39150,63756,0.005134788189987249
2020-07-21,39550,40300,38500,38700,89126,-0.011494252873563204
2020-07-22,39200,39200,37500,38000,102699,-0.018087855297157618
2020-07-23,38350,45600,37850,41750,527190,0.09868421052631571
2020-07-24,41750,43350,40400,40750,253084,-0.0239520958083832
2020-07-27,40800,41200,39500,39900,109436,-0.020858895705521463
2020-07-28,39800,40200,39500,39700,65680,-0.005012531328320802
2020-07-29,39500,40750,38950,40700,119903,0.025188916876574208
2020-07-30,40650,40650,39250,39400,69697,-0.03194103194103193
2020-07-31,39400,39950,39050,39450,45843,0.0012690355329949554
2020-08-03,39550,40200,39100,39950,59034,0.012674271229404344
2020-08-04,40300,51900,40100,51900,2948654,0.2991239048811014
2020-08-05,55300,67400,55300,67300,6368927,0.2967244701348748
2020-08-06,64000,66300,60300,61400,1435077,-0.08766716196136703
2020-08-07,60900,61900,57400,59000,809123,-0.039087947882736174
2020-08-10,59000,60000,56900,58400,714003,-0.01016949152542368
2020-08-11,57600,62300,54800,55600,1962609,-0.047945205479452024
2020-08-12,54500,54700,51600,52600,481683,-0.0539568345323741
2020-08-13,53700,53900,51000,51000,369454,-0.03041825095057038
2020-08-14,51000,52900,50100,51500,395741,0.009803921568627416
2020-08-18,52800,53400,48600,49000,420865,-0.04854368932038833
2020-08-19,49000,53000,49000,52500,354592,0.0714285714285714
2020-08-20,52900,55900,51500,54400,961526,0.036190476190476106
2020-08-21,53500,54000,50500,51000,262405,-0.0625
2020-08-24,51400,51400,48500,49550,241661,-0.028431372549019618
2020-08-25,50100,56800,49050,55000,654857,0.10998990918264373
2020-08-26,54200,57400,53000,57000,741334,0.036363636363636376
2020-08-27,56100,56600,53700,54200,294637,-0.0491228070175439
2020-08-28,55500,56300,53800,54000,159245,-0.0036900369003689537
2020-08-31,54900,61500,54400,57200,868523,0.059259259259259345
2020-09-01,57600,60100,55600,55800,458133,-0.02447552447552448
2020-09-02,55800,56700,54900,55500,151016,-0.005376344086021501
2020-09-03,55500,56200,54500,54500,151393,-0.018018018018018056
2020-09-04,51500,53100,51300,52500,192406,-0.03669724770642202
2020-09-07,52200,53000,50900,51100,159470,-0.026666666666666616
2020-09-08,52600,59900,51000,51700,1444686,0.011741682974559797
2020-09-09,50700,51000,49800,50600,166622,-0.021276595744680882
2020-09-10,51700,51700,49300,49550,184829,-0.02075098814229248
2020-09-11,49850,51400,49650,50300,183140,0.015136226034308864
2020-09-14,49800,50500,49450,50000,96146,-0.005964214711729587
2020-09-15,50900,55900,50400,51500,398313,0.030000000000000027
2020-09-16,51800,52300,50900,51200,92743,-0.005825242718446644
2020-09-17,52100,52200,50200,50300,124414,-0.017578125
2020-09-18,50300,51700,49900,50700,90450,0.007952286282306265
2020-09-21,50700,51100,49000,49450,84507,-0.024654832347140054
2020-09-22,49450,50000,46100,46950,118313,-0.05055611729019216
2020-09-23,47100,49000,44100,45800,198590,-0.024494142705005273
2020-09-24,44400,45450,42750,42750,143224,-0.06659388646288211
2020-09-25,43500,44750,42400,43800,90396,0.024561403508772006
2020-09-28,43850,45150,43850,45150,146948,0.03082191780821919
2020-09-29,45550,46250,44700,45750,66369,0.013289036544850585
2020-10-05,46550,47950,46350,47500,114096,0.03825136612021862
2020-10-06,48000,48000,46500,47150,55451,-0.00736842105263158
2020-10-07,46600,47150,46400,46750,38116,-0.008483563096500557
2020-10-08,47750,50500,47050,47150,216577,0.00855614973262031
2020-10-12,48600,48650,47200,47300,62398,0.0031813361611876534
2020-10-13,47600,48050,45900,46100,55328,-0.025369978858350906
2020-10-14,45600,46250,45050,45100,42848,-0.021691973969631184
2020-10-15,44800,45450,43050,43750,52379,-0.029933481152993324
2020-10-16,43100,44050,42250,43500,60579,-0.005714285714285672
2020-10-19,43000,44200,42450,42600,42753,-0.020689655172413834
2020-10-20,42000,42800,40750,41350,65797,-0.02934272300469487
2020-10-21,41350,42200,41300,41900,33673,0.01330108827085863
2020-10-22,41800,42150,39650,39700,85511,-0.05250596658711215
2020-10-23,40000,40650,39600,39700,61867,0.0
2020-10-26,39750,40800,39700,39750,58950,0.0012594458438286438
2020-10-27,39300,40350,38550,39600,46177,-0.0037735849056603765
2020-10-28,39100,40600,39050,40600,42725,0.025252525252525304
2020-10-29,39900,41250,39500,41200,54595,0.014778325123152802
2020-10-30,41000,41150,39050,39250,68948,-0.047330097087378675
2020-11-02,38800,39250,37500,37750,92004,-0.03821656050955413
2020-11-03,37600,39400,37600,39200,86148,0.038410596026489996
2020-11-04,39800,39900,38700,39600,55599,0.010204081632652962
2020-11-05,39600,41100,39600,40700,67285,0.02777777777777768
2020-11-06,41450,41450,39550,40200,55847,-0.012285012285012331
2020-11-09,40150,43550,40100,41600,150227,0.03482587064676612
2020-11-10,43600,44300,41500,42350,233334,0.018028846153846256
2020-11-11,42050,42300,40850,41050,84367,-0.030696576151121646
2020-11-12,41900,41950,40500,40800,69506,-0.006090133982947665
2020-11-13,40800,41550,39250,41100,86928,0.007352941176470562
2020-11-16,41300,42100,41200,41300,61434,0.0048661800486617945
2020-11-17,41300,41300,39650,40000,86106,-0.03147699757869249
2020-11-18,39700,41550,39650,40900,100909,0.022499999999999964
2020-11-19,40900,41450,40050,41200,72439,0.007334963325183352
2020-11-20,42200,53500,41400,53500,1202670,0.29854368932038833
2020-11-23,58700,63000,52900,54100,4864753,0.01121495327102795
2020-11-24,53800,53800,49850,49950,1150613,-0.07670979667282807
2020-11-25,50400,54000,47650,48000,1817710,-0.03903903903903905
2020-11-26,48000,53000,48000,49900,1317581,0.039583333333333304
2020-11-27,50400,50400,49050,49450,292269,-0.009018036072144242
2020-11-30,52900,64200,51000,64200,8126607,0.2982810920121335
2020-12-01,64500,77900,61700,67400,9130209,0.049844236760124616
2020-12-02,68900,73200,66300,66800,1923161,-0.008902077151335286
2020-12-03,66400,75500,63500,68000,3181829,0.017964071856287456
2020-12-04,70500,74100,69100,70100,1608800,0.03088235294117636
2020-12-07,75000,91000,72900,89100,6828209,0.2710413694721825
2020-12-08,86100,88300,76400,77700,1636130,-0.12794612794612792
2020-12-09,77700,81500,72500,75800,1371462,-0.02445302445302444
2020-12-10,74400,79300,73400,75500,592002,-0.00395778364116095
2020-12-11,75400,85100,74900,79000,3100849,0.04635761589403975
2020-12-14,79900,101000,78700,96500,6505065,0.22151898734177222
2020-12-15,98000,114000,97900,101000,5931679,0.04663212435233155
2020-12-16,101000,101000,92200,92500,1000100,-0.08415841584158412
2020-12-17,91700,95300,90000,93600,675105,0.011891891891891992
2020-12-18,92500,119000,90600,102000,5072328,0.08974358974358965
2020-12-21,103000,109000,97100,100500,1368158,-0.014705882352941124
2020-12-22,101500,102000,96700,96900,420184,-0.035820895522388096
2020-12-23,98400,98600,81100,82000,642072,-0.15376676986584104
2020-12-24,81200,82000,73200,77500,378046,-0.054878048780487854
2020-12-28,75600,80700,73000,73800,243875,-0.047741935483870956
2020-12-29,74600,82500,74600,79900,443134,0.08265582655826553
2020-12-30,77600,88600,75500,79900,880790,0.0
2021-01-04,80300,80800,75600,76900,336163,-0.03754693366708384
2021-01-05,76900,88000,74400,80400,1489314,0.04551365409622887
2021-01-06,82000,86400,80500,85700,653800,0.06592039800995031
2021-01-07,84100,89100,82900,83800,541542,-0.022170361726954524
2021-01-08,83100,84500,79600,80000,240633,-0.04534606205250602
2021-01-11,79800,79800,74200,76000,248589,-0.050000000000000044
2021-01-12,74700,79700,74300,77600,249967,0.021052631578947434
2021-01-13,81100,81100,76000,76000,123923,-0.020618556701030966
2021-01-14,78000,92800,78000,80300,4559977,0.05657894736842106
2021-01-15,80300,81400,76100,76300,402969,-0.04981320049813198
2021-01-18,75500,76000,70700,71000,254416,-0.06946264744429886
2021-01-19,69700,71300,65800,69900,268559,-0.015492957746478853
2021-01-20,69300,81700,68500,72700,1048177,0.0400572246065809
2021-01-21,72900,75000,72600,73000,204994,0.004126547455295837
2021-01-22,72600,78600,72400,73400,435301,0.005479452054794498
2021-01-25,73300,75200,72400,73800,139114,0.005449591280654031
2021-01-26,75700,76700,74000,75000,194108,0.016260162601626105
2021-01-27,76000,77600,74600,75400,175561,0.005333333333333412
2021-01-28,73500,73800,70500,70800,126345,-0.06100795755968169
2021-01-29,71300,71500,65800,66300,118002,-0.06355932203389836
2021-02-01,65500,73400,64700,70200,224128,0.05882352941176472
2021-02-02,70800,71100,68400,69900,88440,-0.004273504273504258
2021-02-03,70500,74600,69400,71200,202433,0.01859799713876975
2021-02-04,71400,71700,69500,69800,64061,-0.0196629213483146
2021-02-05,70000,71800,69100,70500,79893,0.01002865329512903
2021-02-08,71000,71000,68500,68600,56774,-0.026950354609929117
2021-02-09,68600,70500,68100,69000,74140,0.005830903790087438
2021-02-10,69000,72200,69000,71600,184935,0.037681159420289934
2021-02-15,71100,71200,69100,69700,93580,-0.026536312849162025
2021-02-16,70800,71200,69000,69200,78695,-0.00717360114777621
2021-02-17,68900,69100,66800,68200,82204,-0.014450867052023142
2021-02-18,67900,69200,67400,67900,52847,-0.004398826979472137
2021-02-19,67900,69400,66000,68600,75702,0.010309278350515427
2021-02-22,68500,72300,68500,71800,249241,0.04664723032069973
2021-02-23,72500,75300,68000,68100,333486,-0.05153203342618384
2021-02-24,68800,70300,66200,66200,117352,-0.027900146842878115
2021-02-25,67900,68500,66300,67000,86781,0.012084592145015005
2021-02-26,65800,67800,64500,65900,100838,-0.016417910447761197
2021-03-02,66300,72900,65000,66700,139558,0.012139605462822445
2021-03-03,66700,67700,66000,67400,45164,0.010494752623688264
2021-03-04,66800,70500,66100,69700,174121,0.03412462908011871
2021-03-05,68100,73900,67500,73800,301021,0.05882352941176472
2021-03-08,73800,73800,67700,68100,373160,-0.07723577235772361
2021-03-09,67700,67700,62300,63500,164050,-0.0675477239353891
2021-03-10,63500,64800,60700,60700,93258,-0.04409448818897643
2021-03-11,59900,62000,59900,60600,65672,-0.0016474464579900872
2021-03-12,60700,62200,60700,61700,42011,0.018151815181518094
2021-03-15,62200,62400,61500,61800,33526,0.0016207455429497752
2021-03-16,61800,65300,61800,64300,201436,0.040453074433656866
2021-03-17,74200,83500,68500,80500,3978057,0.25194401244167963
2021-03-18,61400,63800,60800,61600,2121965,-0.23478260869565215
2021-03-19,60400,61500,59400,60700,319900,-0.01461038961038963
2021-03-22,60300,61200,59700,59900,195403,-0.01317957166392092
2021-03-23,59800,60100,57100,57300,236627,-0.04340567612687818
2021-03-24,57300,58600,57000,57100,108943,-0.003490401396160525
2021-03-25,56900,57500,55300,55900,147177,-0.021015761821365997
2021-03-26,56200,58100,55100,56900,163249,0.017889087656529412
2021-03-29,57100,59500,56100,57200,150629,0.005272407732864748
2021-03-30,57700,57900,56900,57000,57196,-0.0034965034965035446
2021-03-31,57000,57400,56000,56700,58585,-0.0052631578947368585
2021-04-01,56700,57300,56100,56900,58456,0.003527336860670305
2021-04-02,57200,57200,56600,56900,48154,0.0
2021-04-05,57100,57200,56000,56100,57957,-0.01405975395430581
2021-04-06,56100,56400,54900,54900,77291,-0.021390374331550777
2021-04-07,54500,55400,54100,54700,61032,-0.0036429872495445936
2021-04-08,54700,56400,54300,56000,67631,0.02376599634369292
2021-04-09,56500,57400,56100,56600,80597,0.010714285714285676
2021-04-12,57100,57100,56100,56600,47878,0.0
2021-04-13,56600,57900,56600,57700,136381,0.019434628975264934
2021-04-14,59200,60300,58200,59100,260940,0.024263431542461023
2021-04-15,59300,60200,58100,59900,159321,0.013536379018612488
2021-04-16,62100,66500,61000,63000,1229762,0.05175292153589317
2021-04-19,62000,62300,60100,61100,242458,-0.030158730158730163
2021-04-20,61000,61000,59700,60100,121353,-0.016366612111292977
2021-04-21,59800,60800,56700,57800,309851,-0.038269550748752046
2021-04-22,57800,68300,57800,62800,2036107,0.08650519031141868
2021-04-23,63400,64000,60900,63000,403125,0.0031847133757962887
2021-04-26,61100,62500,60900,60900,208638,-0.033333333333333326
2021-04-27,60300,60900,59200,59600,151434,-0.021346469622331665
2021-04-28,60900,77400,59700,77400,4924257,0.29865771812080544
2021-04-29,72500,73900,69700,71300,1580444,-0.07881136950904388
2021-04-30,72600,88400,70600,74300,8612579,0.04207573632538564
2021-05-03,74700,75900,66100,66100,919306,-0.11036339165545084
2021-05-04,65500,66000,61100,63200,550655,-0.04387291981845687
2021-05-06,62100,64800,62000,63200,261835,0.0
2021-05-07,63200,65300,63200,63900,247263,0.011075949367088667
2021-05-10,64000,69200,63500,66800,551218,0.04538341158059467
2021-05-11,66000,67500,64700,65800,171078,-0.014970059880239472
2021-05-12,66400,68900,65000,66100,287021,0.004559270516717229
2021-05-13,64800,65600,62200,62400,225987,-0.055975794251134636
2021-05-14,62600,63000,60600,61000,130314,-0.022435897435897467
2021-05-17,61000,62100,60100,60400,99156,-0.00983606557377048
2021-05-18,60200,61200,59500,60600,95323,0.0033112582781456013
2021-05-20,60600,60700,59700,59900,75951,-0.011551155115511524
2021-05-21,59900,60700,59500,59500,73031,-0.006677796327211993
2021-05-24,59100,59400,56500,56600,122104,-0.04873949579831938
2021-05-25,56600,57700,56600,57300,57261,0.012367491166077826
2021-05-26,57300,59600,57100,58300,111846,0.017452006980802848
2021-05-27,58700,59500,58300,59100,60829,0.013722126929674117
2021-05-28,59600,60600,58800,58800,108784,-0.005076142131979711
2021-05-31,59200,59200,58500,58700,48765,-0.00170068027210879
2021-06-01,58600,59000,58100,58900,56377,0.0034071550255536653
2021-06-02,59000,59100,57700,57900,66329,-0.01697792869269954
2021-06-03,57900,58400,57500,57800,43937,-0.0017271157167529916
2021-06-04,57800,58600,57300,58400,45118,0.01038062283737018
2021-06-07,58900,58900,57300,57800,52429,-0.010273972602739767
2021-06-08,57800,58200,57500,57600,38845,-0.0034602076124568004
2021-06-09,57700,58000,56900,56900,50706,-0.01215277777777779
2021-06-10,57000,58000,55800,57600,60747,0.012302284710017597
2021-06-11,57600,58200,57200,57200,38089,-0.00694444444444442
2021-06-14,57300,57700,56900,57200,31943,0.0
2021-06-15,57200,57700,57000,57100,33495,-0.0017482517482517723
2021-06-16,57300,57500,56900,57300,20222,0.003502626970227629
2021-06-17,57400,57500,56700,56800,32010,-0.008726003490401424
2021-06-18,56800,57000,56300,56500,43095,-0.005281690140845119
2021-06-21,56500,56600,55600,56000,43003,-0.008849557522123908
2021-06-22,56500,56600,55900,56100,30536,0.0017857142857142794
2021-06-23,56100,58600,55600,57900,115083,0.03208556149732611
2021-06-24,58200,59700,57600,57800,145884,-0.0017271157167529916
2021-06-25,57600,58400,57500,58100,38744,0.00519031141868509
2021-06-28,58200,59300,58000,59000,54905,0.015490533562822817
2021-06-29,59200,60500,58500,59000,88991,0.0
2021-06-30,59500,60500,58700,58800,93128,-0.003389830508474523
2021-07-01,59100,60300,58200,60000,109133,0.020408163265306145
2021-07-02,60100,60100,59300,60000,65117,0.0
2021-07-05,60200,61200,59800,60900,92972,0.014999999999999902
2021-07-06,60900,61000,59000,59200,91068,-0.02791461412151064
2021-07-07,59300,59900,58600,59400,50088,0.0033783783783782884
2021-07-08,59400,64000,58600,59800,411598,0.006734006734006703
2021-07-09,59500,59500,58000,58600,86153,-0.02006688963210701
2021-07-12,58600,61500,58400,58900,76619,0.005119453924914641
2021-07-13,59200,59800,58700,58900,41056,0.0
2021-07-14,59100,60600,58800,59400,65368,0.008488964346349714
2021-07-15,60100,61500,59200,60000,141409,0.010101010101010166
2021-07-16,59800,59900,58900,59100,41891,-0.015000000000000013
2021-07-19,59000,59400,58600,58800,30559,-0.005076142131979711
2021-07-20,58100,59000,57800,58100,33327,-0.011904761904761862
2021-07-21,58600,58600,57500,57500,29082,-0.0103270223752151
2021-07-22,57600,58100,57000,57700,31991,0.003478260869565153
2021-07-23,57200,59200,57200,58100,34338,0.006932409012131657
2021-07-26,58300,58300,56900,56900,43794,-0.02065404475043031
2021-07-27,56700,57200,56400,56700,20920,-0.0035149384885764245
2021-07-28,56700,57200,56100,56100,28008,-0.010582010582010581
2021-07-29,56100,61700,56100,56900,216629,0.01426024955436711
2021-07-30,57100,58000,56600,56800,62349,-0.0017574692442882123
2021-08-02,56500,57200,56200,56500,21019,-0.005281690140845119
2021-08-03,56500,56900,56200,56300,20657,-0.0035398230088495852
2021-08-04,56300,57900,56300,57200,35863,0.015985790408525657
2021-08-05,57600,58300,57200,57400,29494,0.0034965034965035446
2021-08-06,58000,58100,56900,57900,24776,0.008710801393728262
2021-08-09,57700,57700,56200,56500,43587,-0.024179620034542326
2021-08-10,58100,58100,56400,56500,46182,0.0
2021-08-11,56400,57400,56300,56900,28212,0.0070796460176991705
2021-08-12,56500,57800,56500,57300,50828,0.007029876977152849
2021-08-13,57000,57100,55100,55500,44926,-0.03141361256544506
2021-08-17,55500,56200,53000,53100,54391,-0.043243243243243246
2021-08-18,52000,53000,51000,52100,46613,-0.01883239171374762
2021-08-19,51500,52400,48400,48550,74306,-0.06813819577735125
2021-08-20,48450,49800,46550,48250,70388,-0.006179196704428458
2021-08-23,48250,50000,47700,49300,40547,0.021761658031087983
2021-08-24,49450,51700,49450,51500,47370,0.04462474645030423
2021-08-25,52200,52200,50500,51600,21805,0.001941747572815622
2021-08-26,51400,53100,51100,51200,31819,-0.007751937984496138
2021-08-27,53300,53900,51300,51300,75380,0.001953125
2021-08-30,51300,52200,50800,51100,17401,-0.003898635477582846
2021-08-31,51200,51900,50300,51700,29359,0.011741682974559797
2021-09-01,51700,53400,51200,53000,42753,0.025145067698259194
2021-09-02,53000,53400,52200,53000,18531,0.0
2021-09-03,52900,55500,52700,53600,59175,0.01132075471698113
2021-09-06,54000,54000,52500,53000,15780,-0.011194029850746245
2021-09-07,53000,53200,51500,52200,26190,-0.015094339622641506
2021-09-08,51800,52400,50300,50400,42044,-0.03448275862068961
2021-09-09,49700,50800,49650,50000,21298,-0.007936507936507908
2021-09-10,50100,50300,49200,49950,18273,-0.0010000000000000009
2021-09-13,50300,50600,49300,49800,20561,-0.0030030030030030463
2021-09-14,49500,50500,49500,49750,18113,-0.0010040160642570406
2021-09-15,50000,50300,49500,49650,16115,-0.0020100502512563345
2021-09-16,49700,49950,49000,49000,18554,-0.01309164149043307
2021-09-17,48800,50500,48500,49700,28784,0.014285714285714235
2021-09-23,49050,49450,48300,48450,22643,-0.02515090543259557
2021-09-24,48450,48800,48100,48100,14819,-0.007223942208462342
2021-09-27,48000,48600,47800,48000,17053,-0.0020790020790020236
2021-09-28,47900,47900,46900,46900,26198,-0.022916666666666696
2021-09-29,45800,46600,45150,45500,49984,-0.02985074626865669
2021-09-30,45000,48900,45000,45300,95586,-0.00439560439560438
2021-10-01,45300,53100,45300,45900,399599,0.013245033112582849
2021-10-05,45850,49250,43100,43350,139093,-0.05555555555555558
2021-10-06,43350,44000,40100,40100,64135,-0.07497116493656286
2021-10-07,40100,42950,40100,42800,47002,0.06733167082294256
2021-10-08,42200,43950,42200,43300,33747,0.011682242990654235
2021-10-12,42750,43000,41100,41350,30575,-0.04503464203233254
2021-10-13,41050,42300,41050,41500,22627,0.0036275695284160303
2021-10-14,41550,43300,41550,43250,22089,0.04216867469879526
2021-10-15,43100,43450,42650,43300,19933,0.0011560693641619046
2021-10-18,43300,43300,42150,42850,15269,-0.010392609699769073
2021-10-19,42550,44450,42300,43150,49727,0.007001166861143604
2021-10-20,43150,43550,42650,43150,18492,0.0
2021-10-21,43150,43600,42750,42850,15508,-0.006952491309385911
2021-10-22,42900,43700,42400,43300,18215,0.010501750291715295
2021-10-25,43750,43750,42150,42950,20841,-0.008083140877598205
2021-10-26,43000,43650,42800,43400,14839,0.010477299185098987
2021-10-27,43450,43700,42500,42750,15415,-0.01497695852534564
2021-10-28,42750,43150,42050,42250,15714,-0.011695906432748537
2021-10-29,42500,42900,41200,42100,39783,-0.0035502958579881616
2021-11-01,42150,42850,41650,42200,27358,0.002375296912114022
2021-11-02,42200,43750,42200,42900,27630,0.016587677725118377
2021-11-03,42900,43500,42600,42850,14872,-0.0011655011655011815
2021-11-04,42900,43650,41550,41950,20326,-0.02100350058343059
2021-11-05,42300,43000,41000,41200,18649,-0.017878426698450522
2021-11-08,41200,41700,40150,40650,17839,-0.013349514563106846
2021-11-09,40500,40950,40000,40050,16303,-0.014760147601476037
2021-11-10,40050,40100,38650,38750,29031,-0.03245942571785265
2021-11-11,38150,39200,38150,38200,14453,-0.014193548387096744
2021-11-12,38250,39550,38250,39300,16834,0.028795811518324665
2021-11-15,39400,40900,39400,40300,17426,0.025445292620865034
2021-11-16,40000,40300,39100,40050,14335,-0.006203473945409432
2021-11-17,40050,40050,38800,38850,17895,-0.029962546816479363
2021-11-18,38850,39050,38000,38550,13231,-0.007722007722007707
2021-11-19,38400,39200,38200,39200,12900,0.016861219195849486
2021-11-22,39200,39650,39100,39200,13832,0.0
2021-11-23,39200,39450,38600,38700,8354,-0.012755102040816313
2021-11-24,38650,39150,38500,38700,8624,0.0
2021-11-25,38950,39100,38150,38200,12089,-0.012919896640826822
2021-11-26,38200,38500,37500,37850,23517,-0.009162303664921434
2021-11-29,37500,39300,37450,38400,53161,0.014531043593130732
2021-11-30,38000,38400,35250,35300,66706,-0.08072916666666663
2021-12-01,34750,35950,34650,35300,21730,0.0
2021-12-02,34700,36850,34700,36850,28213,0.0439093484419264
2021-12-03,36850,38950,36150,38500,35768,0.04477611940298498
2021-12-06,38500,38500,37600,38000,12979,-0.012987012987012991
2021-12-07,38050,39050,37700,38600,14917,0.015789473684210575
2021-12-08,38700,39250,38300,38650,17590,0.0012953367875647714
2021-12-09,38950,39900,38950,39550,28076,0.023285899094437346
2021-12-10,39600,40500,39000,39400,26481,-0.0037926675094817064
2021-12-13,39450,39700,38900,39000,20282,-0.010152284263959421
2021-12-14,38900,39600,38800,39400,15757,0.01025641025641022
2021-12-15,39000,41700,39000,40500,72330,0.027918781725888353
2021-12-16,41000,41000,39950,40200,21485,-0.007407407407407418
2021-12-17,39800,40400,39550,40200,23334,0.0
2021-12-20,39950,40050,38600,38750,22177,-0.03606965174129351
2021-12-21,38650,39000,37900,37950,18777,-0.020645161290322567
2021-12-22,38000,38300,37500,37600,14109,-0.00922266139657446
2021-12-23,37650,38200,37300,37700,12470,0.0026595744680850686
2021-12-24,37850,39900,37850,38800,29226,0.02917771883289122
2021-12-27,39200,48500,38600,42500,1087021,0.09536082474226815
2021-12-28,42250,43500,41300,41400,144706,-0.025882352941176467
2021-12-29,41500,42200,41250,41400,34810,0.0
2021-12-30,41400,42050,40900,41800,33136,0.009661835748792313
2022-01-03,41200,41700,40900,41050,23524,-0.01794258373205737
2022-01-04,40850,41600,40250,40350,24146,-0.01705237515225333
2022-01-05,40400,40550,39300,39550,23508,-0.019826517967781898
2022-01-06,38450,39100,38350,38450,21316,-0.027812895069532217
2022-01-07,38200,39000,38200,38650,14380,0.005201560468140354
2022-01-10,38650,38650,37750,37850,17425,-0.02069857697283317
2022-01-11,37550,38150,37200,37500,17283,-0.009247027741083214
2022-01-12,37500,38800,37500,38500,14125,0.026666666666666616
2022-01-13,38800,38800,37800,37900,11653,-0.01558441558441559
2022-01-14,37900,38300,37450,37550,22275,-0.00923482849604218
2022-01-17,37700,39500,37550,38300,50962,0.01997336884154466
2022-01-18,37800,38700,37700,38600,24695,0.007832898172323688
2022-01-19,38600,42500,38300,38300,357739,-0.007772020725388629
2022-01-20,38350,39250,38150,38850,30680,0.01436031331592691
2022-01-21,38750,38800,37550,37550,33284,-0.03346203346203347
2022-01-24,36950,37200,35600,35700,35444,-0.04926764314247667
2022-01-25,35500,35750,33150,33350,51298,-0.06582633053221287
2022-01-26,32900,34300,32900,33350,29672,0.0
2022-01-27,33000,33600,31500,31550,28867,-0.05397301349325334
2022-01-28,31550,32800,31250,32150,21271,0.019017432646592614
2022-02-03,32250,33900,32250,33650,22064,0.04665629860031095
2022-02-04,33600,33850,33300,33850,11804,0.005943536404160454
2022-02-07,33950,34450,33000,34250,12116,0.011816838995568624
2022-02-08,34250,34300,33700,33850,10273,-0.011678832116788329
2022-02-09,33850,35550,33650,34700,26271,0.025110782865583436
2022-02-10,35250,35250,34350,34400,10913,-0.008645533141210415
2022-02-11,33650,34400,33600,33650,9632,-0.021802325581395388
2022-02-14,33150,33500,32000,32250,20410,-0.04160475482912329
2022-02-15,32150,32700,31900,32150,10508,-0.0031007751937984773
2022-02-16,32250,34050,32250,33400,27370,0.038880248833592645
2022-02-17,33500,34200,32800,33450,13049,0.0014970059880239361
2022-02-18,32650,33650,32650,33650,8428,0.005979073243647326
2022-02-21,33650,34150,33000,34000,6654,0.010401188707280795
2022-02-22,33650,33850,32950,33400,6321,-0.01764705882352946
2022-02-23,33350,33900,33150,33750,6712,0.010479041916167775
2022-02-24,33700,33700,32050,32100,14133,-0.04888888888888887
2022-02-25,32750,33500,32350,32700,9155,0.01869158878504673
2022-02-28,32950,33750,32500,33150,14992,0.013761467889908285
2022-03-02,32700,34050,32700,33850,10462,0.02111613876319751
2022-03-03,34300,34300,33850,34150,9454,0.008862629246676468
2022-03-04,34650,35800,34050,34550,32408,0.01171303074670571
2022-03-07,34100,34150,33500,33550,12725,-0.02894356005788712
2022-03-08,33050,34250,32600,33800,15155,0.007451564828613977
2022-03-10,34000,42200,33900,36050,753531,0.06656804733727806
2022-03-11,36650,37750,35800,36950,120491,0.02496532593619971
2022-03-14,37450,37700,35550,35550,38110,-0.0378890392422192
2022-03-15,35200,36550,35200,36400,27828,0.02390998593530247
2022-03-16,36600,38800,36150,36150,118711,-0.006868131868131844
2022-03-17,36550,37300,36500,36800,26726,0.017980636237897585
2022-03-18,37300,37300,36350,36650,20135,-0.0040760869565217295
2022-03-21,36600,36950,36300,36550,13923,-0.0027285129604365244
2022-03-22,36750,36800,36150,36800,12794,0.0068399452804377425
2022-03-23,37000,37000,36450,36450,16153,-0.009510869565217406
2022-03-24,36350,36350,35650,35850,15998,-0.016460905349794275
2022-03-25,36150,36350,35750,35800,15990,-0.001394700139469962
2022-03-28,35850,37650,35450,36150,56426,0.009776536312849249
2022-03-29,36150,36750,35750,36150,19060,0.0
2022-03-30,36200,36950,36200,36450,19442,0.008298755186721962
2022-03-31,36550,36700,36150,36450,12011,0.0
2022-04-01,36200,36700,36050,36250,11565,-0.005486968449931462
2022-04-04,36000,37000,36000,36700,12352,0.012413793103448256
2022-04-05,36400,37050,36400,36950,20735,0.006811989100817373
2022-04-06,36700,37000,36650,37000,11738,0.0013531799729364913
2022-04-07,37000,37000,36250,36450,15851,-0.014864864864864824
2022-04-08,36200,36700,35600,35800,10493,-0.017832647462277085
2022-04-11,35800,36150,35250,35500,9646,-0.008379888268156388
2022-04-12,35500,35600,35100,35100,10939,-0.011267605633802802
2022-04-13,34850,35750,34850,35300,7236,0.005698005698005604
2022-04-14,35300,35750,35300,35500,7028,0.0056657223796034994
2022-04-15,35500,35850,35100,35650,10634,0.004225352112676051
2022-04-18,35650,36400,35300,36100,14463,0.012622720897615736
2022-04-19,38350,38350,36450,36550,70048,0.012465373961218829
2022-04-20,36850,36900,36500,36600,12985,0.001367989056087593
2022-04-21,36700,36900,36350,36600,12856,0.0
2022-04-22,36300,36800,36250,36550,13830,-0.001366120218579181
2022-04-25,36200,36450,35800,36100,18123,-0.012311901504788003
2022-04-26,35950,36500,35950,36350,8142,0.006925207756232732
2022-04-27,35600,36150,35250,35550,11651,-0.022008253094910613
2022-04-28,35550,36100,35100,35350,11178,-0.005625879043600568
2022-04-29,35600,35800,35250,35700,8975,0.00990099009900991
2022-05-02,35500,35650,35200,35400,5858,-0.008403361344537785
2022-05-03,35700,35750,35300,35300,9218,-0.0028248587570621764
2022-05-04,35300,36200,35000,35350,12950,0.0014164305949009304
2022-05-06,35350,35350,34600,34950,11475,-0.011315417256011262
2022-05-09,34500,34900,33100,33450,24718,-0.0429184549356223
2022-05-10,32200,33400,31300,33250,33111,-0.005979073243647215
2022-05-11,32950,33350,32900,33100,5388,-0.004511278195488688
2022-05-12,32750,33400,31750,32250,16209,-0.025679758308157052
2022-05-13,32300,33050,31000,32750,9453,0.015503875968992276
2022-05-16,32800,33800,32800,33200,6926,0.013740458015267132
2022-05-17,32800,33450,32800,33300,3229,0.003012048192771122
2022-05-18,33450,33600,33000,33100,5281,-0.006006006006005982
2022-05-19,32300,33000,32300,32650,7038,-0.013595166163142047
2022-05-20,32650,34250,32300,32700,7875,0.0015313935681469104
2022-05-23,32700,34600,31450,34000,32763,0.039755351681957096
2022-05-24,34500,34550,33400,33400,9924,-0.01764705882352946
2022-05-25,33350,33800,33100,33450,6080,0.0014970059880239361
2022-05-26,33600,34350,33400,33950,7870,0.014947683109117982
2022-05-27,34100,34200,33600,33950,5568,0.0
2022-05-30,34400,34450,34050,34200,7123,0.007363770250368162
2022-05-31,34400,34400,33900,34250,5008,0.0014619883040936088
2022-06-02,34100,34250,33750,34100,4337,-0.004379562043795637
2022-06-03,34000,34350,33900,33900,8014,-0.0058651026392961825
2022-06-07,33900,33900,33000,33250,9622,-0.019174041297935096
2022-06-08,33000,33400,33000,33300,5415,0.0015037593984963404
2022-06-09,33300,33400,32800,33200,5420,-0.0030030030030030463
2022-06-10,33200,33200,32400,32900,7080,-0.009036144578313254
2022-06-13,32100,32100,30750,30750,22136,-0.06534954407294835
2022-06-14,29650,39950,29600,32550,2679836,0.05853658536585371
2022-06-15,33400,33500,30450,30450,334956,-0.06451612903225812
2022-06-16,30650,31150,28900,28900,217942,-0.05090311986863716
2022-06-17,28100,28500,27650,28500,76872,-0.01384083044982698
2022-06-20,28550,28750,26550,27700,70105,-0.028070175438596467
2022-06-21,27200,28050,27200,27700,38135,0.0
2022-06-22,27650,28300,26300,26300,51172,-0.05054151624548742
2022-06-23,26100,26900,24900,25100,56299,-0.04562737642585546
2022-06-24,25000,26350,25000,26000,33658,0.03585657370517925
2022-06-27,26600,27250,26300,26950,29588,0.03653846153846163
2022-06-28,26650,27350,26650,27200,14592,0.00927643784786647
2022-06-29,26700,29350,26500,27600,59424,0.014705882352941124
2022-06-30,27500,28100,27300,27600,18416,0.0
2022-07-01,27500,27950,26450,27000,29288,-0.021739130434782594
2022-07-04,27450,27800,26600,26750,14715,-0.0092592592592593
2022-07-05,26800,28050,26800,28050,19840,0.04859813084112141
2022-07-06,28100,28550,27850,28300,21358,0.00891265597147961
2022-07-07,28300,29000,28300,28650,15538,0.012367491166077826
2022-07-08,28850,29250,28600,28800,19536,0.005235602094240788
2022-07-11,28700,29850,28700,29000,24035,0.00694444444444442
2022-07-12,28950,30200,28350,30150,66075,0.039655172413793016
2022-07-13,30250,30300,29350,30000,26557,-0.00497512437810943
2022-07-14,29650,30050,29250,29850,22996,-0.0050000000000000044
2022-07-15,30000,30200,29300,30150,15006,0.01005025125628145
2022-07-18,30300,30450,29850,30050,20195,-0.0033167495854062867
2022-07-19,29750,30650,29750,30300,24388,0.008319467554076532
2022-07-20,30650,32050,30300,31200,52650,0.02970297029702973
2022-07-21,31500,33100,31000,31250,68357,0.0016025641025640969
2022-07-22,31300,31550,30350,30400,23348,-0.027200000000000002
2022-07-25,30300,30300,29400,30050,32639,-0.011513157894736836
2022-07-26,29850,30250,29700,30000,10782,-0.0016638935108153063
2022-07-27,30000,31000,29850,30500,13124,0.016666666666666607
2022-07-28,30950,30950,30350,30350,13123,-0.004918032786885296
2022-07-29,30400,30700,30050,30050,11395,-0.009884678747940745
2022-08-01,30000,30750,30000,30300,16448,0.008319467554076532
2022-08-02,30050,30400,29600,30100,12008,-0.0066006600660065695
2022-08-03,29550,30250,29550,29800,8904,-0.009966777408637828
2022-08-04,30000,30300,30000,30050,7385,0.008389261744966348
2022-08-05,29950,31400,29950,31050,32225,0.03327787021630613
2022-08-08,31200,31500,30700,30950,14043,-0.0032206119162641045
2022-08-09,30850,31250,30650,30650,11704,-0.009693053311793265
2022-08-10,31100,31100,30050,30150,11591,-0.01631321370309946
2022-08-11,30300,30750,30300,30650,6677,0.016583747927031434
2022-08-12,30350,31000,30350,30500,10284,-0.004893964110929905
2022-08-16,30600,30950,30500,30850,7902,0.011475409836065653
2022-08-17,30850,31100,30150,30200,11808,-0.021069692058346856
2022-08-18,30200,30200,29550,29600,10433,-0.019867549668874163
2022-08-19,29400,29750,29350,29450,10537,-0.0050675675675675436
2022-08-22,29100,29400,28350,28400,22042,-0.035653650254668934
2022-08-23,28100,29000,27800,28050,12129,-0.01232394366197187
2022-08-24,28000,28900,28000,28100,6440,0.0017825311942958333
2022-08-25,27800,28600,27800,28250,5825,0.005338078291814874
2022-08-26,28650,28800,27900,28100,10251,-0.005309734513274322
2022-08-29,27300,27900,27050,27550,5214,-0.019572953736654797
2022-08-30,27350,28250,27350,28200,10554,0.023593466424682408
2022-08-31,28200,28500,28000,28300,4327,0.0035460992907800915
2022-09-01,28250,28250,27850,27850,5380,-0.01590106007067138
2022-09-02,27850,28250,27400,27650,5777,-0.007181328545781018
2022-09-05,27150,27600,26450,27200,19161,-0.016274864376130238
2022-09-06,26700,27200,26700,27000,7032,-0.007352941176470562
2022-09-07,26950,26950,26000,26200,13331,-0.029629629629629672
2022-09-08,26200,26500,26200,26300,5538,0.003816793893129722
2022-09-13,26550,26900,26500,26700,4339,0.015209125475285079
2022-09-14,25600,26500,25600,26500,5440,-0.0074906367041198685
2022-09-15,26150,26450,26150,26300,6682,-0.007547169811320753
2022-09-16,25800,26350,25700,26350,6067,0.0019011406844107182
2022-09-19,26000,26300,25150,25200,11528,-0.0436432637571158
2022-09-20,25400,27000,25250,25400,10752,0.007936507936507908
2022-09-21,25400,25650,25000,25100,3819,-0.011811023622047223
2022-09-22,24450,25000,24000,24900,15611,-0.007968127490039834
2022-09-23,24600,24650,23650,23750,13660,-0.04618473895582331
2022-09-26,23500,23500,22250,22300,19387,-0.06105263157894736
2022-09-27,21550,22450,21550,22300,15631,0.0
2022-09-28,21800,22500,21400,21400,10859,-0.04035874439461884
2022-09-29,21600,22350,21600,21600,10173,0.009345794392523255
2022-09-30,21150,21900,21150,21500,8671,-0.00462962962962965
2022-10-04,21600,22300,21600,21950,3528,0.020930232558139528
2022-10-05,22100,22400,20900,21000,38006,-0.0432801822323462
2022-10-06,21400,22100,21200,22100,12659,0.05238095238095242
2022-10-07,22300,23050,21700,21750,17064,-0.015837104072398245
2022-10-11,21750,21750,20500,20600,33275,-0.05287356321839076
2022-10-12,20300,21200,20150,20500,10782,-0.004854368932038833
2022-10-13,20350,20750,20100,20200,8930,-0.014634146341463428
2022-10-14,20850,21000,20500,20900,11513,0.034653465346534684
2022-10-17,20700,21800,20550,21000,11659,0.004784688995215225
2022-10-18,21200,22400,21200,22000,25785,0.04761904761904767
2022-10-19,22100,22150,21550,22000,15974,0.0
2022-10-20,22000,22150,21500,21500,8160,-0.022727272727272707
2022-10-21,21900,23000,21150,21200,34520,-0.013953488372092981
2022-10-24,21500,21850,21100,21400,18371,0.009433962264151052
2022-10-25,21700,21700,21150,21450,7022,0.002336448598130758
2022-10-26,21250,21700,21050,21600,6973,0.006993006993007089
2022-10-27,21600,22000,21550,22000,8292,0.0185185185185186
2022-10-28,22000,22100,21550,21700,4000,-0.013636363636363669
2022-10-31,21700,22100,21550,21800,3986,0.004608294930875667
2022-11-01,21400,21950,21400,21800,5688,0.0
2022-11-02,21700,22000,21600,21950,8475,0.006880733944954143
2022-11-03,21900,21900,21300,21800,11113,-0.006833712984054663
2022-11-04,21600,21800,21400,21800,5127,0.0
2022-11-07,21800,22050,21550,22050,5198,0.011467889908256979
2022-11-08,22100,24350,22000,22550,137542,0.0226757369614512
2022-11-09,22950,23000,22450,22450,13188,-0.0044345898004434225
2022-11-10,22500,22900,22300,22600,12967,0.006681514476614803
2022-11-11,23050,23400,22800,23400,22437,0.03539823008849563
2022-11-14,23800,23800,23000,23350,8923,-0.002136752136752129
2022-11-15,23600,24950,23400,24550,20016,0.051391862955032064
2022-11-16,24700,24700,23850,24400,11862,-0.006109979633401208
2022-11-17,24350,24550,23800,24000,7595,-0.016393442622950838
2022-11-18,24000,24300,23500,23800,10872,-0.008333333333333304
2022-11-21,23800,23800,22700,22850,10028,-0.03991596638655459
2022-11-22,22850,23100,22550,22850,13073,0.0
2022-11-23,22800,23800,22800,23050,11604,0.00875273522975939
2022-11-24,23050,23350,23000,23200,3751,0.006507592190889477
2022-11-25,23050,23650,23050,23350,4127,0.006465517241379226
2022-11-28,23200,23200,22550,22750,8088,-0.025695931477516032
2022-11-29,22750,23300,22550,23300,5999,0.02417582417582409
2022-11-30,23350,23450,23000,23300,3926,0.0
2022-12-01,23550,23750,23100,23650,10903,0.015021459227467782
2022-12-02,23650,24300,23550,23700,11925,0.0021141649048626032
2022-12-05,23950,24400,23650,23950,8144,0.010548523206751037
2022-12-06,23350,23700,23150,23200,5732,-0.03131524008350728
2022-12-07,23200,23550,22750,23500,4529,0.012931034482758674
2022-12-08,23400,24350,22850,23550,10895,0.0021276595744681437
2022-12-09,23500,23850,23500,23800,5525,0.010615711252653925
2022-12-12,24250,24250,23550,24000,8077,0.008403361344537785
2022-12-13,23900,27200,23900,25650,158529,0.06875000000000009
2022-12-14,26300,26600,25300,25500,32694,-0.005847953216374324
2022-12-15,25900,26600,25550,26500,40490,0.03921568627450989
2022-12-16,26050,26400,25450,25850,23388,-0.024528301886792447
2022-12-19,25600,25750,24650,24700,19748,-0.044487427466150864
2022-12-20,24350,24650,24000,24000,13127,-0.028340080971659964
2022-12-21,23900,24600,23900,24550,7756,0.022916666666666696
2022-12-22,24450,25150,24350,24650,10384,0.004073319755600879
2022-12-23,24300,24300,23550,23600,13692,-0.04259634888438135
2022-12-26,23600,24450,23600,24150,13096,0.02330508474576276
2022-12-27,23650,24350,23650,24150,6079,0.0
2022-12-28,24000,24850,23700,24000,13265,-0.006211180124223614
2022-12-29,24000,24300,22900,23800,19814,-0.008333333333333304
2023-01-02,23500,25100,23500,23850,18401,0.0021008403361344463
2023-01-03,23750,23850,23000,23400,16664,-0.018867924528301883
2023-01-04,23000,23650,23000,23450,4554,0.002136752136752129
2023-01-05,23350,23850,23350,23500,4523,0.002132196162046851
2023-01-06,23750,24700,22900,24200,25875,0.029787234042553123
2023-01-09,24500,24950,24150,24750,10073,0.022727272727272707
2023-01-10,24850,24900,24200,24700,13084,-0.002020202020202033
2023-01-11,24700,24800,24450,24700,6135,0.0
2023-01-12,24550,24950,24550,24650,3308,-0.002024291497975672
2023-01-13,24650,24700,24300,24450,6541,-0.008113590263691739
2023-01-16,24350,24450,24050,24450,3874,0.0
2023-01-17,24450,24550,24200,24350,3337,-0.004089979550102263
2023-01-18,24350,24550,24050,24450,4126,0.004106776180698102
2023-01-19,24400,24450,24200,24450,2532,0.0
2023-01-20,24100,24550,24100,24500,3065,0.002044989775051187
2023-01-25,24500,24750,24350,24650,7590,0.00612244897959191
2023-01-26,24800,25250,24600,25150,13337,0.020283975659229236
2023-01-27,25150,25250,25000,25150,6219,0.0
2023-01-30,25150,25200,24700,25000,7537,-0.005964214711729587
2023-01-31,24850,24950,24700,24700,6270,-0.01200000000000001
2023-02-01,24700,25500,24700,25100,7194,0.0161943319838056
2023-02-02,24850,25300,24850,25000,10055,-0.003984063745019917
2023-02-03,25250,25700,25000,25700,13507,0.028000000000000025
2023-02-06,25800,26350,25300,25300,17926,-0.015564202334630295
2023-02-07,25350,25800,25350,25550,7696,0.009881422924901129
2023-02-08,26150,26150,25650,25900,7359,0.013698630136986356
2023-02-09,25850,25950,25200,25500,6333,-0.015444015444015413
2023-02-10,25700,25900,25050,25500,7081,0.0
2023-02-13,25850,25850,24850,25000,7370,-0.019607843137254943
2023-02-14,25250,25400,24900,25300,5852,0.01200000000000001
2023-02-15,25400,25400,24550,24600,7273,-0.02766798418972327
2023-02-16,24900,25200,24600,25000,4856,0.016260162601626105
2023-02-17,24600,26850,24600,25800,49265,0.03200000000000003
2023-02-20,26200,26650,25700,26000,15480,0.007751937984496138
2023-02-21,26000,26550,25550,25900,8680,-0.0038461538461538325
2023-02-22,25500,25800,25100,25100,11010,-0.030888030888030937
2023-02-23,25100,25700,24500,24750,9566,-0.013944223107569709
2023-02-24,24800,24950,24450,24750,7264,0.0
2023-02-27,24400,24700,23900,24150,11355,-0.024242424242424288
2023-02-28,24150,24400,24000,24200,6580,0.0020703933747412417
2023-03-02,24200,24550,23900,24150,8602,-0.0020661157024793875
2023-03-03,25250,31200,25250,26400,663102,0.0931677018633541
2023-03-06,26400,26450,25600,26000,62701,-0.015151515151515138
2023-03-07,26000,26600,25950,26000,42624,0.0
2023-03-08,25700,26350,25700,25850,24995,-0.005769230769230749
2023-03-09,25800,26600,25750,25850,31629,0.0
2023-03-10,25800,25800,25100,25150,26641,-0.027079303675048405
2023-03-13,24700,25200,24200,25100,33723,-0.001988071570576566
2023-03-14,24700,24850,23300,23450,24944,-0.06573705179282874
2023-03-15,23550,24000,23500,23950,11822,0.021321961620469176
2023-03-16,23750,24000,22850,23600,12462,-0.014613778705636737
2023-03-17,23700,24200,23300,23850,14272,0.010593220338983134
2023-03-20,23850,24600,23700,24150,11569,0.012578616352201255
2023-03-21,23850,24400,23750,23800,9574,-0.01449275362318836
2023-03-22,23800,24050,23300,24050,17464,0.010504201680672232
2023-03-23,24000,24000,23250,23500,10330,-0.022869022869022815
2023-03-24,23800,23800,23150,23250,7785,-0.010638297872340385
2023-03-27,23600,23600,22900,23200,7270,-0.0021505376344086446
2023-03-28,23200,24000,23000,23500,18809,0.012931034482758674
2023-03-29,23650,25350,23650,24950,68457,0.06170212765957439
2023-03-30,24950,25500,24550,24900,21976,-0.002004008016032066
2023-03-31,24900,25250,24550,24950,11994,0.002008032128514081
2023-04-03,25300,25300,24500,24550,10684,-0.01603206412825653
2023-04-04,24550,25600,24300,25500,22574,0.0386965376782078
2023-04-05,25900,28350,25650,27600,160925,0.08235294117647052
2023-04-06,28550,29400,27150,27550,132805,-0.0018115942028985588
2023-04-07,28000,28450,26850,27500,38422,-0.001814882032667886
2023-04-10,27350,27350,26400,27150,28101,-0.012727272727272698
2023-04-11,27000,27950,26500,27600,32663,0.016574585635359185
2023-04-12,27950,29650,27000,28500,103783,0.032608695652173836
2023-04-13,28150,28800,27400,28100,47289,-0.01403508771929829
2023-04-14,28200,29250,28050,28850,48604,0.026690391459074814
2023-04-17,28850,29100,27750,27850,25761,-0.03466204506065862
2023-04-18,27850,28000,27100,27600,28831,-0.008976660682226245
2023-04-19,27600,27600,27100,27450,16855,-0.005434782608695676
2023-04-20,27200,27400,26350,26750,24308,-0.025500910746812377
2023-04-21,26400,26600,26000,26450,14855,-0.01121495327102806
2023-04-24,26450,26600,25950,26200,14767,-0.009451795841209809
2023-04-25,26000,26100,25400,25900,17427,-0.011450381679389277
2023-04-26,25850,26150,25400,25400,12105,-0.019305019305019266
2023-04-27,25400,25600,24900,25150,10373,-0.009842519685039353
2023-04-28,25650,25650,25050,25250,8630,0.003976143141153132
2023-05-02,25000,25700,24850,25400,7372,0.005940594059405946
2023-05-03,25750,25750,25050,25250,9819,-0.0059055118110236116
2023-05-04,25000,27050,25000,26350,42333,0.0435643564356436
2023-05-08,26650,27000,26200,26900,29192,0.020872865275142205
2023-05-09,27150,27850,26400,27450,32914,0.020446096654274992
2023-05-10,27100,27600,26950,27350,18081,-0.0036429872495445936
2023-05-11,27800,27800,27000,27350,19432,0.0
2023-05-12,27350,27350,26800,27000,8034,-0.012797074954296161
2023-05-15,26750,27500,26550,27000,11342,0.0
2023-05-16,26800,27100,26300,26700,10644,-0.011111111111111072
2023-05-17,26700,26900,26150,26750,7264,0.001872659176029856
2023-05-18,26600,26850,26250,26600,7747,-0.005607476635513975
2023-05-19,26750,26750,26100,26400,8393,-0.007518796992481258
2023-05-22,26200,27300,26200,27050,16869,0.024621212121212155
2023-05-23,27100,27250,26700,27200,11162,0.005545286506469571
2023-05-24,27400,27400,26900,27000,9058,-0.007352941176470562
2023-05-25,27000,27100,26450,26650,6751,-0.012962962962962954
2023-05-26,26700,26850,26300,26650,6906,0.0
2023-05-30,26400,26750,26350,26600,5710,-0.0018761726078799779
2023-05-31,26800,27100,26500,26650,7237,0.001879699248120259
2023-06-01,26700,27000,26550,26850,3280,0.007504690431519689
2023-06-02,27000,27250,26750,26850,8571,0.0
2023-06-05,26800,26850,26450,26850,5768,0.0
2023-06-07,26500,26850,26450,26550,6191,-0.011173184357541888
2023-06-08,26850,26850,26300,26450,5832,-0.0037664783427495685
2023-06-09,26300,26700,26250,26400,6653,-0.001890359168241984
2023-06-12,26650,26650,25850,26000,12153,-0.015151515151515138
2023-06-13,26300,26300,25650,25900,12986,-0.0038461538461538325
2023-06-14,26050,26050,25100,25200,10028,-0.027027027027026973
2023-06-15,25750,25750,24850,25000,10255,-0.007936507936507908
2023-06-16,25400,25400,24900,25200,4715,0.008000000000000007
2023-06-19,25200,25400,25000,25250,5357,0.001984126984126977
2023-06-20,25250,25250,24850,25050,6089,-0.007920792079207928
2023-06-21,25350,25350,24800,25000,5456,-0.001996007984031989
2023-06-22,24700,25200,24700,25000,4497,0.0
2023-06-23,25200,25200,24750,24900,8426,-0.0040000000000000036
2023-06-26,24900,25150,24700,24850,10404,-0.002008032128514081
2023-06-27,24850,25050,24500,24600,8782,-0.010060362173038184
2023-06-28,24650,24800,24400,24700,7917,0.004065040650406582
2023-06-29,24700,24750,23900,23900,13567,-0.03238866396761131
2023-06-30,23650,24350,23650,24350,3288,0.01882845188284521
2023-07-03,24000,24600,24000,24600,4333,0.010266940451745477
2023-07-04,24300,24750,24000,24150,5243,-0.018292682926829285
2023-07-05,23750,24500,23750,24150,5872,0.0
2023-07-06,23900,24350,23450,23550,15585,-0.024844720496894457
2023-07-07,23300,23800,22450,23250,22389,-0.01273885350318471
2023-07-10,22850,23050,22600,23000,6744,-0.010752688172043001
2023-07-11,23050,23550,22900,23400,5167,0.017391304347825987
2023-07-12,23200,23250,22750,23100,5281,-0.012820512820512775
2023-07-13,22850,23800,22850,23550,9219,0.01948051948051943
2023-07-14,23350,23600,23100,23600,5510,0.002123142250530785
2023-07-17,23300,23750,23000,23400,5328,-0.008474576271186418
2023-07-18,23100,23500,22800,23000,8777,-0.017094017094017144
2023-07-19,23000,23500,22700,23250,7380,0.010869565217391353
2023-07-20,23050,23600,23050,23350,6891,0.004301075268817289
2023-07-21,23350,24150,23350,23850,14610,0.021413276231263323
2023-07-24,23800,23800,22650,23000,14229,-0.03563941299790352
2023-07-25,23000,23000,21800,21800,14754,-0.05217391304347829
2023-07-26,21550,21800,20200,20700,37704,-0.050458715596330306
2023-07-27,20500,21800,20500,21700,9456,0.048309178743961345
2023-07-28,22250,22250,20750,21600,7210,-0.004608294930875556
2023-07-31,21400,21800,21300,21800,6073,0.0092592592592593
2023-08-01,21800,22500,21800,22400,6471,0.02752293577981657
2023-08-02,23100,23100,22050,22200,9525,-0.008928571428571397
2023-08-03,22050,23500,21900,23150,15654,0.04279279279279269
2023-08-04,23150,23600,22000,23200,6810,0.002159827213822796
2023-08-07,23200,23250,22400,23050,6954,-0.006465517241379337
2023-08-08,23400,23400,22450,22700,9288,-0.015184381778741818
2023-08-09,22850,23650,22600,23100,14159,0.017621145374449254
2023-08-10,23500,24250,23450,24050,23755,0.04112554112554112
2023-08-11,24050,24250,23500,24250,7433,0.008316008316008316
2023-08-14,24300,24300,23500,23650,5789,-0.024742268041237137
2023-08-16,23500,23500,22650,23400,13501,-0.010570824524312905
2023-08-17,22800,23350,22350,23100,12077,-0.012820512820512775
2023-08-18,22550,23150,22400,22950,6088,-0.00649350649350644
2023-08-21,23050,23100,22550,22900,3912,-0.002178649237472796
2023-08-22,22950,22950,22400,22900,2902,0.0
2023-08-23,22500,22900,22200,22350,6012,-0.024017467248908297
2023-08-24,22700,22700,22100,22450,4707,0.004474272930648837
2023-08-25,22100,22650,22100,22600,3548,0.006681514476614803
2023-08-28,22500,22700,22200,22450,5303,-0.006637168141592875
2023-08-29,22500,22550,22050,22300,6268,-0.006681514476614692
2023-08-30,22050,22550,22050,22250,4637,-0.0022421524663677195
2023-08-31,22050,22600,22050,22450,3694,0.008988764044943753
2023-09-01,22200,22600,21900,22250,7912,-0.008908685968819552
2023-09-04,22250,22300,21750,22100,10560,-0.006741573033707815
2023-09-05,21850,22200,21750,22100,10048,0.0
2023-09-06,22350,23750,21950,23250,31305,0.05203619909502266
2023-09-07,23400,23400,22550,23100,12244,-0.006451612903225823
2023-09-08,23100,23200,22950,23200,3549,0.0043290043290042934
2023-09-11,22950,24650,22850,24450,46434,0.053879310344827624
2023-09-12,24650,24750,23900,24250,20736,-0.008179959100204526
2023-09-13,24150,24550,23750,24500,13909,0.010309278350515427
2023-09-14,24450,24650,24000,24350,19848,-0.006122448979591799
2023-09-15,24350,24500,23700,23900,13036,-0.01848049281314168
2023-09-18,23700,24000,23500,23700,12938,-0.008368200836820106
2023-09-19,23500,23950,23500,23800,6186,0.00421940928270037
2023-09-20,24250,24250,23350,24000,13808,0.008403361344537785
2023-09-21,23650,23800,22850,23050,12042,-0.039583333333333304
2023-09-22,23000,23350,22600,23000,9778,-0.002169197396963085
2023-09-25,23000,23300,22600,22950,2609,-0.0021739130434782483
2023-09-26,22850,23000,22100,22700,8967,-0.01089324618736387
2023-09-27,22100,22900,22100,22900,2532,0.008810572687224738
2023-10-04,22650,22650,21500,22000,11683,-0.0393013100436681
2023-10-05,21650,22150,21300,21850,19954,-0.006818181818181834
2023-10-06,21850,22500,21350,22100,6471,0.011441647597254079
2023-10-10,21850,22550,21400,21800,7129,-0.013574660633484115
2023-10-11,21500,22500,21500,22100,9538,0.013761467889908285
2023-10-12,22100,22800,21850,22400,12191,0.013574660633484115
2023-10-13,22400,22400,21500,21650,10307,-0.033482142857142905
2023-10-16,21400,21850,21100,21500,12215,-0.006928406466512715
2023-10-17,21450,21800,21000,21550,8522,0.0023255813953488857
2023-10-18,21500,21600,21050,21450,5518,-0.004640371229698403
2023-10-19,21300,22800,20500,20600,25755,-0.03962703962703962
2023-10-20,20700,20750,19500,19500,17206,-0.05339805825242716
2023-10-23,19450,19880,19200,19500,8489,0.0
2023-10-24,19600,19810,19050,19700,11715,0.01025641025641022
2023-10-25,19700,19890,19660,19880,4704,0.009137055837563413
2023-10-26,19310,19810,19200,19600,8572,-0.014084507042253502
2023-10-27,19310,19970,19250,19900,6233,0.015306122448979664
2023-10-30,19500,20150,19500,20050,3987,0.007537688442211143
2023-10-31,20100,20350,19690,19800,3832,-0.012468827930174564
2023-11-01,19840,20200,19800,20050,5101,0.012626262626262541
2023-11-02,20050,20850,20050,20600,7603,0.027431421446383997
2023-11-03,20750,21700,20700,21050,21335,0.02184466019417486
2023-11-06,21350,25700,21050,22950,1429600,0.09026128266033262
2023-11-07,23200,23850,21850,22200,149349,-0.0326797385620915
2023-11-08,22050,22400,21650,21950,46144,-0.011261261261261257
2023-11-09,21700,22100,21100,21750,36215,-0.009111617312072884
2023-11-10,21250,21500,20750,21450,24903,-0.01379310344827589
2023-11-13,21300,21750,20600,20750,22711,-0.03263403263403264
2023-11-14,20700,21500,20700,21500,12791,0.03614457831325302
2023-11-15,22100,22100,21350,21450,11723,-0.0023255813953488857
2023-11-16,21450,22050,21300,21700,17579,0.011655011655011593
2023-11-17,21700,21700,21200,21300,7050,-0.018433179723502335
2023-11-20,21300,21700,21100,21550,5137,0.011737089201877993
2023-11-21,21450,21800,21000,21750,10458,0.009280742459396807
2023-11-22,21750,21950,21250,21350,8955,-0.01839080459770115
2023-11-23,21200,21800,21200,21600,9060,0.011709601873536313
2023-11-24,21650,21900,21300,21350,7889,-0.01157407407407407
2023-11-27,21350,21450,21200,21300,5551,-0.0023419203747072626
2023-11-28,21300,21450,21150,21300,5397,0.0
2023-11-29,21350,21350,20800,20800,10185,-0.023474178403755874
2023-11-30,20800,21050,20700,20850,4284,0.0024038461538462563
2023-12-01,20950,20950,20600,20700,7962,-0.007194244604316502
2023-12-04,20950,21200,20600,20800,15165,0.004830917874396157
2023-12-05,20650,21250,20650,21250,9221,0.02163461538461542
2023-12-06,21350,21650,21000,21250,6693,0.0
2023-12-07,21350,25000,21200,23650,556398,0.11294117647058832
2023-12-08,23300,23500,22450,22750,71660,-0.038054968287526414
2023-12-11,22750,22900,21650,21650,48502,-0.0483516483516484
2023-12-12,21900,22300,21800,22100,12040,0.020785219399538146
2023-12-13,22100,22150,21500,21800,13865,-0.013574660633484115
2023-12-14,21900,22300,21700,21750,14215,-0.002293577981651418
2023-12-15,21750,22150,21750,22000,6732,0.011494252873563315
2023-12-18,21950,22250,21750,22050,10755,0.002272727272727204
2023-12-19,21850,22300,21850,22150,10852,0.0045351473922903285
2023-12-20,22100,22450,22100,22350,8620,0.009029345372460584
2023-12-21,22500,22500,21900,22050,11098,-0.01342281879194629
2023-12-22,22050,23000,21800,22550,23182,0.0226757369614512
2023-12-26,22400,23400,22400,22800,27006,0.011086474501108556
2023-12-27,23150,23500,22800,22950,25773,0.006578947368421018
2023-12-28,22750,23850,22750,23850,18827,0.03921568627450989
2024-01-02,23700,24600,23350,24200,30597,0.01467505241090139
2024-01-03,24100,24650,23700,24300,18364,0.004132231404958775
2024-01-04,24300,24300,23650,23700,14250,-0.024691358024691357
2024-01-05,23700,24200,23300,23450,9767,-0.010548523206751037
2024-01-08,23350,23600,23000,23050,8649,-0.017057569296375252
2024-01-09,22950,23800,22950,23650,8378,0.026030368763557465
2024-01-10,24100,24100,23600,23600,10333,-0.0021141649048626032
2024-01-11,23750,24100,23700,23800,12485,0.008474576271186418
2024-01-12,23800,24100,22900,23450,16643,-0.014705882352941124
2024-01-15,23450,23450,22900,23250,7682,-0.008528784648187626
2024-01-16,22950,23100,22450,22900,9334,-0.01505376344086018
2024-01-17,22850,22850,22200,22350,10050,-0.024017467248908297
2024-01-18,22350,22550,22050,22500,8554,0.006711409395973256
2024-01-19,22550,22900,22400,22750,12353,0.011111111111111072
2024-01-22,22750,23100,22250,22550,13189,-0.00879120879120876
2024-01-23,22550,23000,22300,22400,11026,-0.006651884700665134
2024-01-24,22500,22600,22250,22500,7294,0.0044642857142858094
2024-01-25,22500,22750,22300,22750,10540,0.011111111111111072
2024-01-26,22900,23000,22400,22650,5504,-0.00439560439560438
2024-01-29,22950,23000,22650,22900,7005,0.011037527593819041
2024-01-30,23000,23000,22650,22800,5393,-0.004366812227074246
2024-01-31,22900,22900,22450,22500,7705,-0.013157894736842146
2024-02-01,22500,22650,21950,22550,21259,0.0022222222222221255
2024-02-02,22500,22650,22250,22450,7076,-0.0044345898004434225
2024-02-05,22300,22500,22250,22400,8008,-0.00222717149220486
2024-02-06,22400,22500,22100,22100,10163,-0.013392857142857095
2024-02-07,22150,22200,21900,22100,8713,0.0
2024-02-08,22000,24150,21950,22200,92912,0.004524886877828038
2024-02-13,22300,22450,22100,22400,6998,0.009009009009008917
2024-02-14,22300,22500,22200,22450,4616,0.0022321428571427937
2024-02-15,22500,22500,22150,22450,6205,0.0
2024-02-16,22200,22500,22200,22300,3813,-0.006681514476614692
2024-02-19,22300,22500,22300,22350,4108,0.0022421524663676085
2024-02-20,22350,22600,22300,22400,7175,0.0022371364653244186
2024-02-21,22500,22500,22150,22150,13896,-0.011160714285714302
2024-02-22,22300,22400,22100,22100,4194,-0.0022573363431150906
2024-02-23,22050,25200,21900,24000,186323,0.08597285067873295
2024-02-26,23600,23900,23050,23600,51912,-0.01666666666666672
2024-02-27,23200,23550,23000,23200,16941,-0.016949152542372836
2024-02-28,23200,23300,22850,23150,11562,-0.0021551724137931494
2024-02-29,23150,23400,22650,23050,20671,-0.004319654427645814
2024-03-04,23050,23350,22600,23050,19854,0.0
2024-03-05,22900,23300,22600,23150,11798,0.00433839479392617
2024-03-06,23150,24800,23150,23850,63782,0.030237580993520474
2024-03-07,23850,24300,23200,23550,38709,-0.012578616352201255
2024-03-08,23550,24450,23350,24400,24402,0.03609341825902335
2024-03-11,24750,25000,24200,24550,31887,0.006147540983606481
2024-03-12,24550,24850,23900,24200,19894,-0.014256619144602856
2024-03-13,24550,24900,24200,24500,19390,0.012396694214876103
2024-03-14,24450,24650,23850,24350,16061,-0.006122448979591799
2024-03-15,24100,24400,24000,24150,16973,-0.008213552361396315
2024-03-18,23850,24550,23850,24450,13313,0.012422360248447228
2024-03-19,24750,24850,24150,24600,20990,0.006134969325153339
2024-03-20,25250,25850,24650,25200,50684,0.024390243902439046
2024-03-21,25150,25200,24250,24600,26708,-0.023809523809523836
2024-03-22,24450,25250,24300,25100,22460,0.020325203252032464
2024-03-25,25100,25650,24950,25450,19486,0.013944223107569709
2024-03-26,25400,25400,24750,24900,19514,-0.0216110019646365
2024-03-27,24900,24950,24350,24350,9743,-0.02208835341365467
2024-03-28,24500,24550,24150,24250,8533,-0.004106776180698102
2024-03-29,24050,24500,23800,23950,10787,-0.012371134020618513
2024-04-01,23950,24300,23850,24050,8887,0.0041753653444676075
2024-04-02,24050,24150,23250,23750,23852,-0.012474012474012475
2024-04-03,23750,23850,23000,23750,8156,0.0
2024-04-04,23750,24050,23250,23950,13201,0.008421052631578885
2024-04-05,23950,23950,23300,23300,9151,-0.02713987473903967
2024-04-08,23400,23400,22800,23100,8114,-0.008583690987124415
2024-04-09,22900,23350,22750,23300,24358,0.008658008658008587
2024-04-11,23300,23400,22900,23150,5364,-0.006437768240343367
2024-04-12,22950,23750,22950,23750,7906,0.02591792656587466
2024-04-15,23500,23950,23400,23750,9637,0.0
2024-04-16,23750,23800,23400,23500,13278,-0.010526315789473717
2024-04-17,23750,23750,23300,23300,3869,-0.008510638297872353
2024-04-18,23300,23850,23300,23850,3905,0.023605150214592197
2024-04-19,23800,23800,23050,23450,10302,-0.016771488469601636
2024-04-22,23450,23500,23100,23450,3511,0.0
2024-04-23,23350,23750,23350,23650,4449,0.008528784648187626
2024-04-24,23750,23750,23450,23600,7801,-0.0021141649048626032
2024-04-25,23500,23950,23400,23550,7553,-0.0021186440677966045
2024-04-26,23550,24500,23550,24150,13360,0.02547770700636942
2024-04-29,24050,24700,24050,24650,14710,0.020703933747411973
2024-04-30,24450,24700,24250,24350,8072,-0.012170385395537497
2024-05-02,24600,24600,23900,24200,8377,-0.006160164271047264
2024-05-03,24200,24200,23800,23900,6426,-0.012396694214875992
2024-05-07,24000,24200,23800,24000,7270,0.004184100418409997
2024-05-08,24150,24250,23900,24200,10502,0.008333333333333304
2024-05-09,24200,24500,23800,24000,6099,-0.008264462809917328
2024-05-10,24150,24250,23850,24200,2441,0.008333333333333304
2024-05-13,24200,24800,24000,24400,19846,0.008264462809917328
2024-05-14,24350,24500,24200,24250,6047,-0.006147540983606592
2024-05-16,24400,24450,24050,24100,12764,-0.006185567010309256
2024-05-17,24100,24350,23600,24000,8674,-0.004149377593360981
2024-05-20,24000,24100,23700,23900,8261,-0.004166666666666652
2024-05-21,23700,23850,23550,23550,5198,-0.014644351464435101
2024-05-22,23550,23550,23300,23300,6502,-0.010615711252653925
2024-05-23,23350,23400,23000,23100,7264,-0.008583690987124415
2024-05-24,23200,23200,22600,22850,12002,-0.010822510822510845
2024-05-27,22850,22900,22400,22700,6789,-0.006564551422319487
2024-05-28,22750,22750,22400,22500,6031,-0.008810572687224627
2024-05-29,22500,22750,22300,22400,6782,-0.004444444444444473
2024-05-30,22400,22500,22100,22300,5651,-0.004464285714285698
2024-05-31,22100,22600,22100,22300,3001,0.0
2024-06-03,21950,22500,21950,22500,6946,0.008968609865470878
2024-06-04,22500,22550,22200,22350,5920,-0.00666666666666671
2024-06-05,22500,22500,22150,22400,5831,0.0022371364653244186
2024-06-07,22500,22550,22200,22350,2147,-0.0022321428571429047
2024-06-10,22500,22500,22250,22400,2391,0.0022371364653244186
2024-06-11,22250,22550,22200,22500,7265,0.0044642857142858094
2024-06-12,22600,22700,22450,22600,4056,0.004444444444444473
2024-06-13,22650,22650,22400,22450,4760,-0.006637168141592875
2024-06-14,22450,22450,22100,22100,7643,-0.015590200445434244
2024-06-17,22100,22450,22000,22450,5428,0.015837104072398134
2024-06-18,22500,22500,22100,22150,3123,-0.013363028953229383
2024-06-19,22250,22400,21950,22000,3890,-0.006772009029345383
2024-06-20,21950,22100,21900,21950,2914,-0.002272727272727315
2024-06-21,21950,22400,21900,21900,3106,-0.002277904328018221
2024-06-24,22400,22400,21750,21750,4440,-0.006849315068493178
2024-06-25,21700,22250,21500,21700,3584,-0.0022988505747126853
2024-06-26,21600,22050,21550,21600,2750,-0.004608294930875556
2024-06-27,21950,21950,21200,21550,8277,-0.0023148148148147696
2024-06-28,21600,21600,21200,21200,4861,-0.016241299303944357
2024-07-01,21100,21650,21100,21450,3937,0.011792452830188704
2024-07-02,21450,21450,21150,21250,3875,-0.009324009324009341
2024-07-03,21300,21400,21250,21350,2335,0.004705882352941115
2024-07-04,21350,21550,21300,21550,1771,0.00936768149882905
2024-07-05,21350,22250,21350,22000,5907,0.02088167053364276
2024-07-08,22000,22550,22000,22550,5200,0.02499999999999991
2024-07-09,22600,22700,22150,22500,3658,-0.0022172949002217113
2024-07-10,22500,23000,22250,22850,13430,0.015555555555555545
2024-07-11,22850,23050,22550,22550,4116,-0.013129102844638973
2024-07-12,22900,22900,22500,22900,5486,0.015521064301552201
2024-07-15,23050,23050,22600,22650,3445,-0.01091703056768556
2024-07-16,22650,22650,21900,22000,11691,-0.028697571743929395
2024-07-17,21800,22600,21800,22350,4795,0.015909090909090873
2024-07-18,22350,22500,22150,22200,1884,-0.006711409395973145
2024-07-19,22500,22500,21850,22000,6292,-0.009009009009009028
2024-07-22,22000,22100,21600,21800,5443,-0.009090909090909038
2024-07-23,21800,22200,21600,21950,5473,0.006880733944954143
2024-07-24,22150,23300,21950,22650,16272,0.03189066059225509
2024-07-25,22650,23050,22400,22650,15311,0.0
2024-07-26,22650,26150,22600,25300,219492,0.11699779249448117
2024-07-29,26350,26350,25300,25400,64217,0.0039525691699604515
2024-07-30,25650,26100,24650,25200,26307,-0.007874015748031482
2024-07-31,26350,28700,25350,25850,184565,0.025793650793650702
2024-08-01,25800,27050,25600,26650,41912,0.030947775628626717
2024-08-02,26050,26800,25250,25800,41238,-0.031894934333958735
2024-08-05,24800,25050,22150,22900,82404,-0.11240310077519378
2024-08-06,23000,25350,22900,25350,40808,0.10698689956331875
2024-08-07,25350,27000,24350,26300,66558,0.03747534516765283
2024-08-08,26000,28000,26000,27200,87287,0.034220532319391594
2024-08-09,27500,27800,26950,27100,46144,-0.003676470588235281
2024-08-12,27650,27900,26800,27200,29135,0.0036900369003689537
2024-08-13,27000,27250,25900,26700,36840,-0.018382352941176516
2024-08-14,26850,27500,26600,27050,28630,0.013108614232209659
2024-08-16,27050,27650,26650,27600,32999,0.020332717190388205
2024-08-19,27550,28300,27150,27500,31330,-0.0036231884057971175
2024-08-20,27650,29200,27150,29050,65739,0.056363636363636394
2024-08-21,29150,30400,28500,29900,60286,0.029259896729776358
2024-08-22,29800,30900,28950,29100,54218,-0.026755852842809347
2024-08-23,28800,32300,28600,31800,133783,0.09278350515463907
2024-08-26,31800,33350,30050,32300,64502,0.01572327044025168
2024-08-27,31950,32300,30950,31600,35971,-0.021671826625387025
2024-08-28,31650,32400,30050,31550,54271,-0.0015822784810126667
2024-08-29,30850,31400,30450,30800,33137,-0.023771790808240878
2024-08-30,30800,35700,30700,34950,260254,0.13474025974025983
2024-09-02,35050,35250,33500,34350,79858,-0.01716738197424894
2024-09-03,34300,34800,31550,31650,104255,-0.0786026200873362
2024-09-04,30500,31500,30150,31500,51470,-0.004739336492891044
2024-09-05,31050,31250,30100,30950,51159,-0.01746031746031751
2024-09-06,30850,30900,29400,29800,41189,-0.037156704361874016
2024-09-09,29750,30500,28550,29950,34777,0.005033557046979942
2024-09-10,30200,31650,29700,30850,30561,0.030050083472454192
2024-09-11,30850,31600,27950,28300,74813,-0.08265802269043765
2024-09-12,28050,29200,27850,29000,29638,0.02473498233215543
2024-09-13,29050,30000,28450,29700,25300,0.024137931034482696
2024-09-19,29650,30050,27700,29850,38443,0.005050505050504972
2024-09-20,29800,30850,29250,30650,43625,0.02680067001675046
2024-09-23,30600,30600,29750,30000,22720,-0.021207177814029365
2024-09-24,30050,30500,29800,30050,13386,0.0016666666666667052
2024-09-25,29900,30300,28650,28750,27974,-0.043261231281197965
2024-09-26,28750,30100,28650,29800,17014,0.03652173913043488
2024-09-27,29750,30000,29400,29400,7367,-0.01342281879194629
2024-09-30,29400,29750,29050,29100,18697,-0.010204081632653073
2024-10-02,29000,29300,28400,28500,30644,-0.020618556701030966
2024-10-04,28550,29800,28550,29150,24160,0.02280701754385972
2024-10-07,29150,29250,28150,29000,26595,-0.005145797598627766
2024-10-08,29150,30100,28900,29150,27905,0.005172413793103514
2024-10-10,30000,30400,29500,29850,21379,0.02401372212692965
2024-10-11,29600,30100,29350,29950,12287,0.003350083752093891
2024-10-14,29900,30000,28950,29050,22005,-0.03005008347245408
2024-10-15,29000,31000,28950,30700,25988,0.05679862306368322
2024-10-16,30350,30800,29950,30350,20285,-0.01140065146579805
2024-10-17,30350,31000,29400,30950,27584,0.01976935749588149
2024-10-18,31500,32150,30500,31300,49893,0.011308562197092087
2024-10-21,31250,31350,30150,30500,22534,-0.025559105431309903
2024-10-22,30500,30600,29550,29700,20666,-0.02622950819672132
2024-10-23,29250,29950,28450,29500,40345,-0.006734006734006703
2024-10-24,29250,29550,28700,28750,14523,-0.025423728813559365
2024-10-25,28950,29050,27750,28400,33253,-0.012173913043478257
2024-10-28,27100,27250,25400,26150,90686,-0.079225352112676
2024-10-29,26400,26500,25700,25800,20925,-0.013384321223709361
2024-10-30,25800,26250,24800,25600,48863,-0.007751937984496138
2024-10-31,25400,25600,24750,25600,18318,0.0
2024-11-01,25400,25400,23850,24200,80571,-0.0546875
2024-11-04,24300,24900,23650,24750,24169,0.022727272727272707
2024-11-05,24750,25000,24500,24500,8530,-0.010101010101010055
2024-11-06,24500,24900,23650,24100,20796,-0.01632653061224487
2024-11-07,24100,24100,23300,23450,19612,-0.026970954356846488
2024-11-08,23300,23950,23300,23550,8741,0.004264392324093924
2024-11-11,23450,23750,22500,22600,24041,-0.04033970276008492
2024-11-12,22700,22700,21900,22150,22263,-0.019911504424778736
2024-11-13,21950,22250,21400,21800,22026,-0.015801354401805856
2024-11-14,21800,22100,21550,21800,12506,0.0
2024-11-15,21800,22150,21200,22000,14482,0.00917431192660545
2024-11-18,22000,22300,21600,22050,11364,0.002272727272727204
2024-11-19,22050,22850,22050,22600,10118,0.024943310657596474
2024-11-20,22650,23450,22550,22950,23992,0.015486725663716783
2024-11-21,22950,22950,22300,22600,9594,-0.015250544662309351
2024-11-22,22600,22800,22250,22500,10486,-0.004424778761061954
2024-11-25,22600,22900,22400,22750,6808,0.011111111111111072
2024-11-26,23000,23000,22450,22750,7198,0.0
2024-11-27,22750,22750,22150,22300,7762,-0.01978021978021982
2024-11-28,22300,22900,22250,22500,4492,0.008968609865470878
2024-11-29,22500,22600,21700,22600,16101,0.004444444444444473
2024-12-02,22600,22600,21600,21750,14384,-0.03761061946902655
2024-12-03,21750,22500,21750,22200,16264,0.020689655172413834
2024-12-04,21650,22000,20900,21150,47838,-0.04729729729729726
2024-12-05,21300,21300,20600,21100,23632,-0.0023640661938534313
2024-12-06,21250,21300,20100,20750,35749,-0.016587677725118488
2024-12-09,20500,20500,19710,19730,30645,-0.04915662650602415
2024-12-10,19710,21350,19710,21100,17177,0.0694374049670552
2024-12-11,21400,21950,21050,21800,11554,0.033175355450236976
2024-12-12,21850,22400,21850,22150,11364,0.016055045871559592
2024-12-13,22550,22650,22050,22600,9815,0.020316027088036037
2024-12-16,22800,23150,22700,23000,10564,0.017699115044247815
2024-12-17,23100,23500,22800,23200,13246,0.008695652173912993
2024-12-18,23000,23200,22800,22950,5075,-0.010775862068965525
2024-12-19,22350,22900,22050,22600,7465,-0.015250544662309351
2024-12-20,22600,23400,21850,22000,8587,-0.026548672566371723
2024-12-23,22050,22600,22050,22550,5444,0.02499999999999991
2024-12-24,22350,22600,21900,22300,5577,-0.011086474501108667
2024-12-26,22350,22350,21800,21900,9189,-0.017937219730941756
2024-12-27,21800,22150,21400,21950,7246,0.0022831050228311334
2024-12-30,21950,22600,21950,22000,8354,0.002277904328018332
2025-01-02,22000,22100,21500,21950,9526,-0.002272727272727315
2025-01-03,21750,22250,21500,21950,11202,0.0
2025-01-06,22300,22500,21650,22450,12166,0.02277904328018221
2025-01-07,22200,22550,22000,22450,14772,0.0
2025-01-08,22450,22700,22250,22450,5840,0.0
2025-01-09,22500,22950,22350,22950,13074,0.022271714922049046
2025-01-10,22750,23150,22700,22950,9237,0.0
2025-01-13,22700,22950,22400,22550,8524,-0.017429193899782147
2025-01-14,22350,22600,22200,22450,6698,-0.0044345898004434225
2025-01-15,22500,22500,22100,22350,5752,-0.0044543429844098315
2025-01-16,22400,22450,22050,22300,8886,-0.0022371364653244186
2025-01-17,22350,22350,21950,22000,5855,-0.013452914798206317
2025-01-20,21900,22100,21750,22000,5310,0.0
2025-01-21,22150,22250,21750,22000,5358,0.0
2025-01-22,22050,22400,21900,22400,6151,0.018181818181818077
2025-01-23,22400,22400,21850,21900,5434,-0.022321428571428603
2025-01-24,22100,22350,21850,22350,5610,0.020547945205479534
2025-01-31,22350,22450,21900,21900,5199,-0.020134228187919434
2025-02-03,21900,21900,20650,21100,19772,-0.0365296803652968
2025-02-04,21150,21350,20900,21350,15597,0.011848341232227444
2025-02-05,21500,21500,21050,21300,8776,-0.0023419203747072626
2025-02-06,21400,21700,21200,21400,5885,0.0046948356807512415
2025-02-07,21400,21750,21300,21750,7967,0.016355140186915973
2025-02-10,21750,21800,21100,21450,35327,-0.01379310344827589
2025-02-11,21450,21550,21150,21200,7139,-0.011655011655011704
2025-02-12,21200,21200,20800,20900,9699,-0.014150943396226467
2025-02-13,21100,21100,20850,20900,7309,0.0
2025-02-14,21150,21350,20900,21200,11938,0.014354066985645897
2025-02-17,21200,21600,21100,21600,8641,0.018867924528301883
2025-02-18,21600,21700,21300,21700,7084,0.004629629629629539
2025-02-19,21700,21700,20800,21000,85392,-0.032258064516129004
2025-02-20,21050,21150,20300,20700,61497,-0.014285714285714235
2025-02-21,20700,20900,20450,20800,7883,0.004830917874396157
2025-02-24,20800,20850,20550,20800,7506,0.0
2025-02-25,20800,20800,20550,20750,7567,-0.0024038461538461453
2025-02-26,20750,21000,20600,20900,15357,0.0072289156626506035
2025-02-27,20900,20950,20650,20900,10986,0.0
2025-02-28,20800,20800,20300,20400,22374,-0.02392344497607657
2025-03-04,20400,20500,20000,20250,8178,-0.007352941176470562
2025-03-05,20300,20750,20300,20500,3348,0.012345679012345734
2025-03-06,20500,20700,20300,20500,6388,0.0
2025-03-07,20500,20500,20200,20500,9020,0.0
2025-03-10,20500,20500,20150,20400,5692,-0.004878048780487809
2025-03-11,20350,20350,19710,20150,12099,-0.01225490196078427
2025-03-12,20100,20300,19990,20050,9091,-0.00496277915632759
2025-03-13,20050,20200,19990,19990,9258,-0.0029925187032419087
2025-03-14,19980,20150,19910,19990,8173,0.0
2025-03-17,19990,20100,19860,20050,7242,0.0030015007503751967
2025-03-18,20150,20250,19930,20050,16953,0.0
2025-03-19,20200,20350,20050,20350,8940,0.014962593516209433
2025-03-20,20400,20650,20200,20550,9924,0.00982800982800991
2025-03-21,20500,20600,20300,20600,7292,0.0024330900243310083
2025-03-24,20550,20850,20350,20600,10595,0.0
2025-03-25,20600,20800,20450,20750,6153,0.00728155339805836
2025-03-26,20750,20750,20350,20350,9813,-0.01927710843373498
2025-03-27,20450,20800,20200,20350,11594,0.0
2025-03-28,20500,20500,20000,20200,8611,-0.0073710073710073765
2025-03-31,20300,20300,19710,19890,6445,-0.01534653465346536
2025-04-01,21250,23800,20800,23300,333427,0.17144293614881856
2025-04-02,23550,25400,22950,24200,144435,0.03862660944205998
2025-04-03,23600,24650,23350,24300,31992,0.004132231404958775
2025-04-04,24000,24300,23000,23500,26451,-0.03292181069958844
2025-04-07,22100,23200,21900,22000,24827,-0.06382978723404253
2025-04-08,22400,22500,21850,22200,16211,0.009090909090909038
2025-04-09,22100,22550,21550,21900,20601,-0.013513513513513487
2025-04-10,22750,23300,22300,23200,17021,0.05936073059360725
2025-04-11,22850,23600,22550,23350,18122,0.006465517241379226
2025-04-14,23350,25700,22800,23400,10277,0.0021413276231263545
2025-04-15,23850,23850,22800,23000,11294,-0.017094017094017144
2025-04-16,23050,23300,22850,23250,5625,0.010869565217391353
2025-04-17,23250,23350,23100,23250,3654,0.0
2025-04-18,23350,23450,23000,23200,5767,-0.0021505376344086446
2025-04-21,23300,23300,22550,22600,7328,-0.025862068965517238
2025-04-22,22600,23400,22400,23350,13964,0.0331858407079646
2025-04-23,23400,23400,22900,23100,8156,-0.010706638115631661
2025-04-24,23000,23500,22750,23400,18899,0.01298701298701288
2025-04-25,23600,23650,23350,23350,4063,-0.002136752136752129
2025-04-28,23850,23850,22950,22950,5920,-0.017130620985010725
2025-04-29,23200,23200,22750,23050,3458,0.004357298474945592
2025-04-30,23150,23150,22650,23000,2406,-0.002169197396963085
2025-05-02,22800,22850,22450,22850,12520,-0.006521739130434745
2025-05-07,22600,22600,22000,22000,8380,-0.03719912472647702
2025-05-08,21950,22500,21950,22350,3152,0.015909090909090873
2025-05-09,22200,22250,21900,22050,5990,-0.01342281879194629
2025-05-12,22050,22250,21800,22150,5257,0.0045351473922903285
2025-05-13,22500,22650,22150,22400,3218,0.011286681715575675
2025-05-14,22600,23100,22300,22600,12861,0.008928571428571397
2025-05-15,22750,22900,22150,22300,10992,-0.013274336283185861
2025-05-16,22600,22600,21950,22300,6959,0.0
2025-05-19,22050,22650,20500,22150,17271,-0.006726457399103158
2025-05-20,22200,22300,21900,21900,3507,-0.011286681715575675
2025-05-21,21900,22500,21900,22300,4169,0.0182648401826484
2025-05-22,22600,23200,22250,23000,17576,0.03139013452914807
2025-05-23,23100,23100,22350,22800,9951,-0.008695652173912993
2025-05-26,22800,23000,22600,22900,7824,0.004385964912280604
2025-05-27,22850,22850,22350,22450,5505,-0.01965065502183405
2025-05-28,22350,22600,22300,22350,4422,-0.0044543429844098315
2025-05-29,22500,22650,22350,22600,5536,0.01118568232662187
2025-05-30,22650,22950,22500,22650,5387,0.0022123893805310324
2025-06-02,22800,22950,22500,22800,3567,0.0066225165562914245
2025-06-04,22850,22900,22500,22850,5933,0.002192982456140413
2025-06-05,22900,23150,22700,23000,13354,0.006564551422319376
2025-06-09,23000,23150,22850,22900,6258,-0.004347826086956497
2025-06-10,23150,23200,22800,23100,4023,0.008733624454148492
2025-06-11,23100,24300,23100,24300,11697,0.051948051948051965
2025-06-12,24200,24500,23850,24000,11343,-0.012345679012345734
2025-06-13,24300,24350,22800,23500,13541,-0.02083333333333337
2025-06-16,23300,23550,22900,23300,6753,-0.008510638297872353
2025-06-17,23300,23550,22850,23400,8127,0.0042918454935623185
2025-06-18,23450,23700,23300,23450,14103,0.002136752136752129
2025-06-19,23750,23750,22950,23100,9919,-0.014925373134328401
2025-06-20,23200,23450,22900,23200,3164,0.0043290043290042934
2025-06-23,23200,23200,22400,22500,14830,-0.030172413793103425
2025-06-24,22900,23150,22400,22500,24638,0.0
2025-06-25,22600,23100,22600,22900,7693,0.01777777777777767
2025-06-26,23100,23100,21800,22100,21518,-0.03493449781659386
2025-06-27,22150,22150,21850,22050,8095,-0.002262443438914019
2025-06-30,22050,22250,21650,21850,10652,-0.009070294784580546
2025-07-01,22050,22300,21850,22150,11401,0.013729977116704761
2025-07-02,22150,22600,22100,22300,9248,0.006772009029345272
2025-07-03,22300,23050,22200,22850,16848,0.024663677130044803
2025-07-04,22850,22850,22500,22700,5764,-0.006564551422319487
2025-07-07,22700,23050,22600,23050,13782,0.01541850220264318
2025-07-08,23050,23200,22200,22350,29633,-0.030368763557483747
2025-07-09,22400,26900,21950,23100,747894,0.033557046979865834
2025-07-10,23300,23600,22700,23450,76470,0.015151515151515138
2025-07-11,23450,25450,23150,23800,257758,0.014925373134328401
2025-07-14,23800,24300,23600,24050,49154,0.010504201680672232
2025-07-15,24200,24500,23700,24300,46348,0.01039501039501034
2025-07-16,24350,24500,23600,23950,40093,-0.014403292181069949
2025-07-17,23950,24350,23650,24200,54312,0.010438413361169019
2025-07-18,24500,24550,23850,24050,34756,-0.006198347107438051
2025-07-21,24050,24300,23650,23800,23509,-0.01039501039501034
2025-07-22,23800,24800,23500,24250,63774,0.018907563025210017
2025-07-23,24250,24350,23750,24200,28297,-0.0020618556701030855
2025-07-24,24200,24600,23900,24050,29941,-0.006198347107438051
2025-07-25,24100,24500,23800,23800,26356,-0.01039501039501034
2025-07-28,23650,23750,22950,23450,31570,-0.014705882352941124
2025-07-29,23450,27650,23100,24200,551360,0.031982942430703654
2025-07-30,23700,23950,23150,23750,79608,-0.018595041322314043
2025-07-31,23750,23750,23250,23450,33168,-0.012631578947368438
2025-08-01,23400,23400,22250,22250,40360,-0.05117270788912576
2025-08-04,22250,22600,22000,22200,23762,-0.0022471910112359383
2025-08-05,22500,22800,22250,22650,14079,0.020270270270270174
2025-08-06,22700,22850,22450,22850,11673,0.008830022075055233
2025-08-07,22900,23050,22700,22800,14977,-0.002188183807439792
2025-08-08,22850,23150,22850,23100,12426,0.013157894736842035
2025-08-11,23200,23200,22750,22850,10503,-0.010822510822510845
2025-08-12,22900,23400,22750,22900,11911,0.002188183807439792
2025-08-13,23200,23200,22800,23000,7189,0.004366812227074135
2025-08-14,23000,23350,22800,22800,7195,-0.008695652173912993
2025-08-18,22900,22950,22500,22800,11634,0.0
2025-08-19,22650,22900,22500,22650,13280,-0.006578947368421018
2025-08-20,22600,22600,21900,22350,18782,-0.013245033112582738
2025-08-21,22350,22650,22200,22250,8340,-0.004474272930648726
2025-08-22,22300,22750,22300,22500,7828,0.011235955056179803
2025-08-25,22450,23000,22450,22850,12537,0.015555555555555545
2025-08-26,22800,23150,22600,23000,7995,0.006564551422319376
2025-08-27,23050,23050,22700,22850,6474,-0.006521739130434745
2025-08-28,22850,23000,22400,22850,9953,0.0
2025-08-29,22900,23150,22600,22900,9701,0.002188183807439792
2025-09-01,23000,23000,22400,22500,7061,-0.017467248908296984
2025-09-02,22600,22750,22300,22650,10119,0.006666666666666599
2025-09-03,22700,23300,22650,23100,12593,0.019867549668874274
2025-09-04,23100,23600,23000,23100,11219,0.0
2025-09-05,23200,23600,23000,23450,17987,0.015151515151515138
2025-09-08,23500,23950,23450,23700,26299,0.010660980810234477
2025-09-09,23750,23900,23500,23650,6985,-0.002109704641350185
2025-09-10,23650,23950,23450,23650,9830,0.0
2025-09-11,23750,23800,23200,23500,12659,-0.006342494714587699
2025-09-12,23550,23850,23350,23550,14060,0.0021276595744681437
2025-09-15,23650,23800,23250,23800,11838,0.010615711252653925
2025-09-16,23700,23800,23350,23450,12442,-0.014705882352941124
2025-09-17,23900,24350,23250,23600,51255,0.006396588486140775
2025-09-18,23600,24500,23600,23900,55693,0.012711864406779627
2025-09-19,23900,24700,23900,24500,57621,0.025104602510460206
2025-09-22,24500,24550,23850,24050,26357,-0.01836734693877551
2025-09-23,24100,24100,23550,24100,14794,0.0020790020790020236
2025-09-24,24100,24100,23500,23950,16233,-0.006224066390041472
2025-09-25,23700,23900,23450,23500,24949,-0.018789144050104345
2025-09-26,23650,23650,22700,22900,24836,-0.025531914893617058
2025-09-29,22900,23500,22850,23250,10679,0.015283842794759916
2025-09-30,23250,23350,22850,22850,9562,-0.017204301075268824
2025-10-01,22900,23450,22900,23200,6865,0.015317286652078765
2025-10-02,23450,23800,22800,23800,20931,0.02586206896551735
2025-10-10,23800,23800,23100,23400,12142,-0.01680672268907568
2025-10-13,22950,23300,22650,22750,18005,-0.02777777777777779
2025-10-14,22850,23000,22300,22450,32743,-0.01318681318681314
2025-10-15,22500,22950,22500,22850,8855,0.017817371937639104
2025-10-16,22950,22950,22350,22400,18039,-0.01969365426695846
2025-10-17,22450,22550,21850,22150,27573,-0.011160714285714302
2025-10-20,22200,22450,21800,22200,10669,0.0022573363431150906
2025-10-21,22250,22500,21750,21950,23441,-0.011261261261261257
