Date,Open,High,Low,Close,Volume,Change
2016-07-27,4000,4090,2910,2910,27283167,
2016-07-28,2930,3345,2920,2985,12272157,0.025773195876288568
2016-07-29,3080,3130,2885,2900,3603807,-0.028475711892797295
2016-08-01,2920,2920,2690,2775,2725272,-0.0431034482758621
2016-08-02,2720,2820,2600,2610,1638829,-0.05945945945945941
2016-08-03,2600,2780,2520,2655,1986265,0.01724137931034475
2016-08-04,2685,2730,2600,2655,815832,0.0
2016-08-05,2660,2710,2555,2555,887362,-0.03766478342749524
2016-08-08,2580,2765,2515,2640,2018215,0.03326810176125239
2016-08-09,2650,2700,2555,2555,878245,-0.032196969696969724
2016-08-10,2580,2600,2515,2540,625312,-0.005870841487279899
2016-08-11,2505,2575,2460,2470,1470817,-0.027559055118110187
2016-08-12,2460,2460,2345,2375,1678961,-0.038461538461538436
2016-08-16,2385,2415,2310,2310,829374,-0.027368421052631597
2016-08-17,2310,2360,2305,2320,410319,0.0043290043290042934
2016-08-18,2320,2410,2320,2335,576368,0.006465517241379226
2016-08-19,2340,2385,2310,2330,377060,-0.0021413276231263545
2016-08-22,2330,2345,2310,2310,244085,-0.008583690987124415
2016-08-23,2345,2345,2300,2305,463560,-0.0021645021645021467
2016-08-24,2325,2440,2305,2420,999682,0.049891540130151846
2016-08-25,2385,2445,2365,2390,360361,-0.012396694214875992
2016-08-26,2410,2420,2330,2335,430537,-0.023012552301255207
2016-08-29,2200,2210,2095,2125,1651848,-0.08993576017130622
2016-08-30,2135,2175,2060,2070,521997,-0.025882352941176467
2016-08-31,2090,2100,1985,2000,569837,-0.033816425120772986
2016-09-01,1990,2050,1990,2010,331021,0.004999999999999893
2016-09-02,2030,2115,2010,2115,381402,0.052238805970149294
2016-09-05,2095,2140,2075,2120,273980,0.0023640661938533203
2016-09-06,2100,2120,2075,2080,276926,-0.018867924528301883
2016-09-07,2095,2110,2030,2055,296560,-0.012019230769230727
2016-09-08,2070,2075,2010,2020,282340,-0.01703163017031628
2016-09-09,2055,2055,2005,2005,221097,-0.007425742574257432
2016-09-12,1980,2000,1940,1960,301162,-0.02244389027431426
2016-09-13,1970,2035,1950,1970,259408,0.005102040816326481
2016-09-19,1970,2000,1960,2000,161357,0.015228426395939021
2016-09-20,2000,2065,1995,2035,253110,0.01750000000000007
2016-09-21,2080,2120,2055,2095,424461,0.029484029484029506
2016-09-22,2100,2165,2075,2110,395162,0.007159904534606243
2016-09-23,2135,2580,2090,2330,9936466,0.10426540284360186
2016-09-26,2340,2480,2270,2430,4888180,0.0429184549356223
2016-09-27,2435,2475,2310,2350,2287837,-0.03292181069958844
2016-09-28,2360,2430,2305,2330,1453320,-0.008510638297872353
2016-09-29,2360,2405,2240,2380,1183098,0.02145922746781115
2016-09-30,2390,2390,2270,2305,648876,-0.031512605042016806
2016-10-04,2305,2365,2280,2315,545917,0.00433839479392617
2016-10-05,2315,2345,2275,2335,489872,0.008639308855291628
2016-10-06,2375,2470,2355,2405,1931985,0.02997858672376874
2016-10-07,2400,2495,2360,2485,2246388,0.033264033264033266
2016-10-10,2510,2575,2400,2400,2205712,-0.03420523138832998
2016-10-11,2410,2435,2290,2330,1182671,-0.029166666666666674
2016-10-12,2330,2560,2315,2520,4356356,0.0815450643776825
2016-10-13,2510,2565,2405,2535,1593936,0.005952380952380931
2016-10-14,2550,2600,2480,2480,1258176,-0.021696252465483234
2016-10-17,2510,2520,2390,2410,571350,-0.028225806451612878
2016-10-18,2405,2475,2390,2420,392026,0.004149377593360981
2016-10-19,2405,2425,2315,2350,576216,-0.02892561983471076
2016-10-20,2350,2385,2230,2265,767140,-0.036170212765957444
2016-10-21,2230,2305,2215,2250,412092,-0.0066225165562914245
2016-10-24,2290,2350,2245,2275,507191,0.011111111111111072
2016-10-25,2265,2275,2160,2225,593610,-0.02197802197802201
2016-10-26,2195,2225,2090,2165,779819,-0.026966292134831482
2016-10-27,2130,2210,2115,2125,937720,-0.018475750577367167
2016-10-28,2125,2125,2035,2080,965425,-0.02117647058823524
2016-10-31,2135,2180,2050,2080,1138334,0.0
2016-11-01,2100,2125,2055,2085,590184,0.0024038461538462563
2016-11-02,2070,2095,1980,2005,718435,-0.0383693045563549
2016-11-03,1970,2040,1970,2040,334717,0.0174563591022443
2016-11-04,2020,2040,1990,2015,369395,-0.01225490196078427
2016-11-07,2015,2035,2000,2015,434230,0.0
2016-11-08,2025,2145,2010,2120,920757,0.05210918114143914
2016-11-09,2110,2185,1900,2055,1517288,-0.030660377358490587
2016-11-10,2110,2145,2075,2095,980483,0.019464720194647178
2016-11-11,2090,2145,2065,2145,484106,0.023866348448687402
2016-11-14,2150,2175,2100,2135,548103,-0.004662004662004615
2016-11-15,2120,2140,2085,2095,471637,-0.0187353629976581
2016-11-16,2110,2145,2090,2135,344951,0.019093078758949833
2016-11-17,2135,2220,2100,2180,770256,0.021077283372365363
2016-11-18,2190,2230,2150,2210,625823,0.013761467889908285
2016-11-21,2280,2335,2205,2230,1563115,0.009049773755656076
2016-11-22,2245,2260,2150,2185,475533,-0.020179372197309364
2016-11-23,2215,2310,2155,2175,1233757,-0.004576659038901587
2016-11-24,2145,2190,2090,2100,512876,-0.03448275862068961
2016-11-25,2100,2135,2055,2095,271185,-0.0023809523809523725
2016-11-28,2095,2110,2050,2050,270110,-0.021479713603818618
2016-11-29,2050,2085,2030,2065,299673,0.007317073170731714
2016-11-30,2055,2075,2035,2045,234756,-0.009685230024213065
2016-12-01,2055,2070,2020,2030,320030,-0.007334963325183352
2016-12-02,2010,2090,2010,2035,316646,0.0024630541871921707
2016-12-05,2020,2040,1970,1990,521043,-0.02211302211302213
2016-12-06,2005,2055,1990,2055,230137,0.03266331658291466
2016-12-07,2055,2080,2005,2040,356575,-0.007299270072992692
2016-12-08,2045,2060,1995,2015,418942,-0.01225490196078427
2016-12-09,2015,2035,2005,2020,223284,0.002481389578163684
2016-12-12,2080,2105,2050,2095,357621,0.03712871287128716
2016-12-13,2105,2175,2075,2150,882613,0.026252983293556076
2016-12-14,2155,2165,2105,2120,421841,-0.013953488372092981
2016-12-15,2125,2170,2110,2145,522381,0.011792452830188704
2016-12-16,2165,2180,2105,2125,379537,-0.009324009324009341
2016-12-19,2150,2445,2140,2285,11612830,0.07529411764705873
2016-12-20,2315,2340,2255,2280,2695099,-0.002188183807439792
2016-12-21,2290,2350,2215,2350,2621305,0.030701754385964897
2016-12-22,2440,2515,2280,2280,7167809,-0.029787234042553234
2016-12-23,2245,2370,2215,2365,2171760,0.037280701754385914
2016-12-26,2410,2455,2340,2340,3214036,-0.010570824524312905
2016-12-27,2325,2375,2285,2285,1097400,-0.023504273504273532
2016-12-28,2300,2390,2275,2390,1329313,0.045951859956236296
2016-12-29,2415,2415,2320,2320,1091909,-0.029288702928870314
2017-01-02,2320,2345,2240,2285,764222,-0.015086206896551713
2017-01-03,2285,2330,2255,2280,1040400,-0.002188183807439792
2017-01-04,2285,2390,2280,2335,2220007,0.02412280701754388
2017-01-05,2335,2345,2300,2300,750826,-0.01498929336188437
2017-01-06,2320,2375,2315,2365,1521663,0.02826086956521734
2017-01-09,2375,2390,2340,2370,972557,0.0021141649048626032
2017-01-10,2375,2395,2320,2320,1484453,-0.021097046413502074
2017-01-11,2345,2380,2310,2340,1042546,0.008620689655172376
2017-01-12,2340,2345,2250,2265,890202,-0.03205128205128205
2017-01-13,2265,2295,2215,2220,740840,-0.019867549668874163
2017-01-16,2225,2260,2195,2210,323106,-0.0045045045045044585
2017-01-17,2200,2230,2170,2170,431960,-0.018099547511312264
2017-01-18,2160,2170,2100,2160,601765,-0.004608294930875556
2017-01-19,2155,2175,2105,2105,369224,-0.02546296296296291
2017-01-20,2070,2110,2060,2090,600036,-0.0071258907363420665
2017-01-23,2070,2160,2070,2095,602410,0.0023923444976077235
2017-01-24,2095,2125,2085,2120,385808,0.01193317422434359
2017-01-25,2115,2140,2090,2090,286713,-0.014150943396226467
2017-01-26,2090,2105,2010,2025,770759,-0.031100478468899517
2017-01-31,2025,2040,1990,2010,273910,-0.007407407407407418
2017-02-01,2010,2065,2005,2045,361540,0.017412935323383172
2017-02-02,2040,2045,1975,2000,586409,-0.022004889975550168
2017-02-03,2000,2135,2000,2090,920387,0.04499999999999993
2017-02-06,2085,2155,2060,2110,791820,0.009569377990430672
2017-02-07,2125,2145,2095,2105,382799,-0.0023696682464454666
2017-02-08,2095,2195,2075,2185,1276987,0.03800475059382413
2017-02-09,2205,2255,2150,2190,1204657,0.0022883295194509046
2017-02-10,2225,2230,2130,2195,996764,0.0022831050228311334
2017-02-13,2195,2195,2090,2120,664623,-0.034168564920273314
2017-02-14,2120,2160,2095,2125,373657,0.002358490566037652
2017-02-15,2110,2185,2110,2185,393701,0.028235294117647136
2017-02-16,2190,2195,2145,2155,392616,-0.013729977116704761
2017-02-17,2135,2175,2125,2160,326523,0.002320185614849146
2017-02-20,2180,2255,2165,2230,1507808,0.03240740740740744
2017-02-21,2240,2300,2195,2300,1600917,0.03139013452914807
2017-02-22,2295,2325,2255,2300,792177,0.0
2017-02-23,2295,2310,2200,2220,865282,-0.034782608695652195
2017-02-24,2225,2245,2150,2165,652603,-0.024774774774774744
2017-02-27,2175,2240,2175,2230,538929,0.03002309468822162
2017-02-28,2250,2265,2190,2210,577452,-0.008968609865470878
2017-03-02,2230,2250,2195,2210,267679,0.0
2017-03-03,2220,2220,2140,2160,388030,-0.022624434389140302
2017-03-06,2135,2185,2115,2185,248487,0.011574074074074181
2017-03-07,2200,2230,2180,2215,224511,0.013729977116704761
2017-03-08,2230,2230,2140,2155,544634,-0.02708803611738153
2017-03-09,2150,2190,2150,2150,269059,-0.002320185614849146
2017-03-10,2145,2205,2130,2175,365537,0.011627906976744207
2017-03-13,2180,2185,2150,2180,298244,0.0022988505747125743
2017-03-14,2175,2180,2140,2150,290559,-0.013761467889908285
2017-03-15,2130,2155,2055,2070,716408,-0.037209302325581395
2017-03-16,2075,2130,2075,2130,358648,0.02898550724637672
2017-03-17,2130,2145,2100,2130,237301,0.0
2017-03-20,2125,2165,2115,2155,348909,0.011737089201877993
2017-03-21,2165,2195,2150,2150,524676,-0.002320185614849146
2017-03-22,2155,2210,2150,2180,531966,0.013953488372093092
2017-03-23,2185,2240,2170,2170,673134,-0.004587155963302725
2017-03-24,2175,2220,2155,2200,345153,0.01382488479262678
2017-03-27,2220,2250,2190,2200,395946,0.0
2017-03-28,2195,2220,2190,2200,253483,0.0
2017-03-29,2210,2210,2150,2150,432230,-0.022727272727272707
2017-03-30,2160,2180,2140,2140,222956,-0.0046511627906976605
2017-03-31,2135,2175,2135,2155,295264,0.007009345794392496
2017-04-03,2170,2195,2155,2185,307466,0.0139211136890951
2017-04-04,2185,2235,2175,2195,509182,0.004576659038901587
2017-04-05,2200,2210,2175,2185,359594,-0.004555808656036442
2017-04-06,2205,2425,2145,2310,2660832,0.05720823798626995
2017-04-07,2300,2330,2275,2275,1018876,-0.015151515151515138
2017-04-10,2280,2280,2180,2250,949531,-0.01098901098901095
2017-04-11,2250,2380,2245,2360,2756932,0.04888888888888898
2017-04-12,2350,2390,2320,2345,1164885,-0.006355932203389814
2017-04-13,2355,2435,2340,2400,2530598,0.023454157782516027
2017-04-14,2380,2385,2305,2305,1087445,-0.039583333333333304
2017-04-17,2335,2355,2295,2335,368793,0.013015184381778733
2017-04-18,2350,2395,2315,2365,702081,0.012847965738758127
2017-04-19,2360,2405,2330,2360,776595,-0.0021141649048626032
2017-04-20,2375,2405,2320,2320,520183,-0.016949152542372836
2017-04-21,2330,2360,2300,2340,446177,0.008620689655172376
2017-04-24,2360,2380,2285,2305,640053,-0.014957264957264904
2017-04-25,2310,2380,2305,2375,612925,0.030368763557483636
2017-04-26,2375,2490,2365,2485,2262907,0.04631578947368431
2017-04-27,2475,2515,2445,2475,1004716,-0.004024144869215318
2017-04-28,2480,2480,2385,2430,550325,-0.018181818181818188
2017-05-02,2420,2490,2415,2480,674477,0.020576131687242816
2017-05-04,2480,2510,2420,2460,667023,-0.008064516129032251
2017-05-08,2490,2540,2460,2490,620370,0.012195121951219523
2017-05-10,2485,2540,2470,2525,704207,0.014056224899598346
2017-05-11,2515,2545,2485,2545,689114,0.007920792079207928
2017-05-12,2545,2625,2520,2580,994196,0.013752455795677854
2017-05-15,2610,2615,2525,2560,497250,-0.007751937984496138
2017-05-16,2585,2600,2445,2500,682037,-0.0234375
2017-05-17,2500,2520,2385,2405,825400,-0.038000000000000034
2017-05-18,2370,2425,2310,2420,1018518,0.006237006237006293
2017-05-19,2410,2525,2340,2500,1332608,0.03305785123966931
2017-05-22,2525,2570,2450,2515,923817,0.006000000000000005
2017-05-23,2510,2615,2480,2605,1207783,0.035785288270377746
2017-05-24,2635,2725,2565,2650,2260821,0.017274472168905985
2017-05-25,2660,2665,2585,2635,658985,-0.005660377358490565
2017-05-26,2610,2700,2545,2560,1239279,-0.028462998102466774
2017-05-29,2570,2610,2545,2550,483026,-0.00390625
2017-05-30,2550,2635,2540,2570,869180,0.007843137254901933
2017-05-31,2575,2595,2515,2515,728642,-0.021400778210116767
2017-06-01,2510,2520,2440,2475,505149,-0.015904572564612307
2017-06-02,2485,2575,2455,2570,649485,0.03838383838383841
2017-06-05,2675,2680,2545,2590,2212906,0.0077821011673151474
2017-06-07,2585,2620,2540,2615,1804467,0.009652509652509744
2017-06-08,2600,2615,2560,2590,828450,-0.009560229445506718
2017-06-09,2575,2585,2535,2545,627717,-0.01737451737451734
2017-06-12,2545,2575,2480,2500,503238,-0.017681728880157177
2017-06-13,2520,2615,2520,2555,1123538,0.02200000000000002
2017-06-14,2595,2595,2510,2525,538180,-0.011741682974559686
2017-06-15,2545,2550,2450,2460,623572,-0.025742574257425765
2017-06-16,2460,2485,2430,2450,399945,-0.004065040650406471
2017-06-19,2475,2560,2450,2545,587275,0.038775510204081653
2017-06-20,2535,2560,2460,2480,391778,-0.025540275049115935
2017-06-21,2480,2480,2425,2440,246341,-0.016129032258064502
2017-06-22,2450,2480,2445,2465,349421,0.010245901639344357
2017-06-23,2450,2480,2450,2465,225689,0.0
2017-06-26,2465,2475,2350,2385,1106596,-0.032454361054766734
2017-06-27,2370,2490,2355,2480,627180,0.0398322851153039
2017-06-28,2470,2470,2385,2420,649584,-0.024193548387096753
2017-06-29,2435,2525,2395,2510,553182,0.037190082644628086
2017-06-30,2500,2510,2460,2490,340888,-0.007968127490039834
2017-07-03,2535,2535,2465,2475,341303,-0.0060240963855421326
2017-07-04,2500,2500,2415,2465,324130,-0.004040404040404066
2017-07-05,2455,2495,2440,2470,184682,0.0020283975659229903
2017-07-06,2455,2570,2450,2545,1194092,0.030364372469635637
2017-07-07,2535,2545,2495,2515,522575,-0.011787819253438081
2017-07-10,2530,2560,2515,2540,396054,0.00994035785288272
2017-07-11,2550,2580,2485,2545,590013,0.0019685039370078705
2017-07-12,2530,2550,2510,2550,238203,0.0019646365422396617
2017-07-13,2560,2610,2510,2580,917139,0.0117647058823529
2017-07-14,2575,2590,2550,2580,368779,0.0
2017-07-17,2545,2565,2510,2540,353690,-0.015503875968992276
2017-07-18,2520,2560,2485,2540,367553,0.0
2017-07-19,2540,2590,2530,2550,477314,0.003937007874015741
2017-07-20,2550,2585,2535,2580,411219,0.0117647058823529
2017-07-21,2580,2640,2565,2600,1018548,0.007751937984496138
2017-07-24,2615,2630,2565,2600,599898,0.0
2017-07-25,2580,2630,2495,2620,798410,0.007692307692307665
2017-07-26,2620,2665,2585,2600,874060,-0.007633587786259555
2017-07-27,2600,2610,2455,2545,661976,-0.02115384615384619
2017-07-28,2545,2560,2455,2530,596246,-0.005893909626719096
2017-07-31,2500,2535,2485,2505,197635,-0.00988142292490124
2017-08-01,2490,2540,2465,2470,233922,-0.013972055888223589
2017-08-02,2470,2595,2465,2490,562859,0.00809716599190291
2017-08-03,2495,2560,2470,2525,419276,0.014056224899598346
2017-08-04,2520,2560,2510,2560,331450,0.013861386138613874
2017-08-07,2560,2595,2550,2560,380031,0.0
2017-08-08,2570,2600,2530,2600,351669,0.015625
2017-08-09,2600,2700,2565,2670,1387908,0.026923076923076827
2017-08-10,2670,2790,2670,2760,1938035,0.03370786516853941
2017-08-11,2700,2795,2660,2775,1192925,0.005434782608695565
2017-08-14,2865,2880,2625,2705,1589197,-0.02522522522522519
2017-08-16,2790,2825,2710,2735,862003,0.01109057301293892
2017-08-17,2735,2835,2685,2830,1258776,0.034734917733089565
2017-08-18,2815,2835,2775,2790,650026,-0.014134275618374548
2017-08-21,2805,2810,2690,2690,708410,-0.03584229390681004
2017-08-22,2690,2745,2660,2670,320811,-0.0074349442379182396
2017-08-23,2695,2725,2675,2725,354128,0.020599250936329527
2017-08-24,2735,2735,2665,2685,373818,-0.014678899082568808
2017-08-25,2690,2695,2590,2685,682669,0.0
2017-08-28,2720,2775,2700,2755,652805,0.026070763500931182
2017-08-29,2730,2775,2700,2755,363372,0.0
2017-08-30,2755,2760,2705,2715,218725,-0.014519056261342977
2017-08-31,2735,2735,2675,2680,299934,-0.012891344383057057
2017-09-01,2680,2725,2645,2670,391998,-0.003731343283582045
2017-09-04,2605,2685,2600,2645,329901,-0.009363295880149836
2017-09-05,2655,2730,2640,2720,554417,0.02835538752362954
2017-09-06,2710,2780,2635,2645,534426,-0.02757352941176472
2017-09-07,2650,2675,2630,2635,222494,-0.003780718336483968
2017-09-08,2655,2680,2605,2665,285425,0.011385199240986799
2017-09-11,2645,2700,2645,2670,137465,0.0018761726078799779
2017-09-12,2670,2695,2620,2655,302112,-0.005617977528089901
2017-09-13,2655,2665,2585,2605,359032,-0.01883239171374762
2017-09-14,2600,2620,2580,2585,190652,-0.007677543186180413
2017-09-15,2585,2600,2520,2565,376901,-0.007736943907156624
2017-09-18,2560,2580,2520,2550,389629,-0.005847953216374324
2017-09-19,2550,2560,2500,2505,367982,-0.01764705882352946
2017-09-20,2490,2515,2405,2415,508411,-0.0359281437125748
2017-09-21,2415,2430,2335,2360,341505,-0.022774327122153215
2017-09-22,2340,2420,2325,2365,363025,0.0021186440677967155
2017-09-25,2365,2425,2345,2360,209329,-0.0021141649048626032
2017-09-26,2360,2395,2260,2300,314958,-0.025423728813559365
2017-09-27,2305,2325,2230,2235,374394,-0.02826086956521734
2017-09-28,2235,2310,2220,2285,228112,0.02237136465324374
2017-09-29,2300,2370,2295,2370,167300,0.03719912472647713
2017-10-10,2390,2400,2325,2340,205084,-0.012658227848101222
2017-10-11,2340,2395,2325,2360,114654,0.008547008547008517
2017-10-12,2370,2395,2330,2350,160383,-0.004237288135593209
2017-10-13,2360,2365,2265,2335,215713,-0.006382978723404209
2017-10-16,2325,2330,2270,2320,249186,-0.0064239828693790635
2017-10-17,2320,2345,2300,2325,133357,0.0021551724137931494
2017-10-18,2325,2355,2320,2350,99934,0.010752688172043001
2017-10-19,2340,2360,2265,2270,345477,-0.03404255319148941
2017-10-20,2270,2315,2270,2300,166952,0.013215859030837107
2017-10-23,2285,2315,2230,2240,275403,-0.02608695652173909
2017-10-24,2230,2265,2225,2250,229057,0.0044642857142858094
2017-10-25,2250,2290,2250,2270,131113,0.008888888888888946
2017-10-26,2260,2295,2255,2280,181283,0.004405286343612369
2017-10-27,2280,2295,2270,2275,148873,-0.002192982456140302
2017-10-30,2275,2295,2270,2285,142094,0.00439560439560438
2017-10-31,2295,2300,2265,2290,135373,0.002188183807439792
2017-11-01,2290,2295,2230,2250,293758,-0.017467248908296984
2017-11-02,2245,2265,2205,2225,237062,-0.011111111111111072
2017-11-03,2220,2245,2155,2170,635752,-0.024719101123595544
2017-11-06,2150,2185,2150,2160,258175,-0.004608294930875556
2017-11-07,2150,2200,2150,2185,200330,0.011574074074074181
2017-11-08,2195,2205,2165,2175,284562,-0.004576659038901587
2017-11-09,2175,2195,2170,2190,213254,0.006896551724137945
2017-11-10,2190,2240,2180,2235,247358,0.020547945205479534
2017-11-13,2230,2245,2195,2205,353105,-0.01342281879194629
2017-11-14,2210,2430,2200,2305,1061062,0.0453514739229024
2017-11-15,2305,2310,2230,2250,503371,-0.02386117136659438
2017-11-16,2255,2255,2210,2215,369746,-0.015555555555555545
2017-11-17,2205,2300,2195,2290,372559,0.0338600451467268
2017-11-20,2315,2415,2315,2395,1319366,0.04585152838427953
2017-11-21,2415,2475,2350,2425,975778,0.012526096033402823
2017-11-22,2450,2450,2345,2375,457530,-0.020618556701030966
2017-11-23,2375,2400,2335,2380,353177,0.002105263157894832
2017-11-24,2400,2405,2355,2380,324319,0.0
2017-11-27,2380,2400,2350,2355,186537,-0.010504201680672232
2017-11-28,2350,2380,2305,2305,328821,-0.02123142250530785
2017-11-29,2315,2340,2285,2300,314177,-0.002169197396963085
2017-11-30,2305,2360,2280,2340,418564,0.017391304347825987
2017-12-01,2350,2355,2315,2320,246978,-0.008547008547008517
2017-12-04,2320,2420,2300,2420,816922,0.0431034482758621
2017-12-05,2420,2425,2385,2395,363730,-0.010330578512396715
2017-12-06,2390,2430,2365,2385,407461,-0.0041753653444676075
2017-12-07,2390,2400,2315,2380,297583,-0.002096436058700246
2017-12-08,2380,2420,2360,2375,364662,-0.0021008403361344463
2017-12-11,2365,2380,2315,2365,242108,-0.004210526315789442
2017-12-12,2365,2390,2340,2365,256185,0.0
2017-12-13,2385,2385,2330,2355,136066,-0.0042283298097252064
2017-12-14,2355,2365,2295,2320,274636,-0.014861995753715496
2017-12-15,2320,2360,2280,2335,542606,0.006465517241379226
2017-12-18,2345,2385,2330,2355,254058,0.008565310492505418
2017-12-19,2345,2365,2290,2320,204764,-0.014861995753715496
2017-12-20,2320,2350,2295,2320,122980,0.0
2017-12-21,2320,2350,2260,2270,202048,-0.02155172413793105
2017-12-22,2265,2310,2250,2285,282603,0.0066079295154184425
2017-12-26,2275,2300,2275,2280,100605,-0.002188183807439792
2017-12-27,2265,2315,2265,2300,148261,0.00877192982456143
2017-12-28,2300,2350,2300,2350,129558,0.021739130434782705
2018-01-02,2350,2355,2330,2350,159922,0.0
2018-01-03,2340,2385,2335,2350,277079,0.0
2018-01-04,2350,2370,2280,2315,333808,-0.014893617021276562
2018-01-05,2315,2405,2290,2400,595094,0.036717062634989306
2018-01-08,2410,2415,2365,2410,522472,0.004166666666666652
2018-01-09,2410,2440,2370,2405,394113,-0.0020746887966804906
2018-01-10,2405,2440,2395,2430,304354,0.01039501039501034
2018-01-11,2445,2445,2405,2435,179752,0.002057613168724215
2018-01-12,2440,2520,2400,2475,784267,0.01642710472279263
2018-01-15,2475,2515,2445,2460,361890,-0.0060606060606061
2018-01-16,2450,2475,2400,2460,358220,0.0
2018-01-17,2490,2515,2435,2470,318346,0.004065040650406582
2018-01-18,2485,2520,2460,2520,531011,0.020242914979757165
2018-01-19,2520,2540,2475,2520,325188,0.0
2018-01-22,2510,2520,2480,2500,160139,-0.007936507936507908
2018-01-23,2490,2530,2480,2515,408147,0.006000000000000005
2018-01-24,2530,2530,2470,2490,288016,-0.00994035785288272
2018-01-25,2490,2510,2470,2495,284653,0.002008032128514081
2018-01-26,2495,2540,2480,2535,606110,0.01603206412825653
2018-01-29,2540,2605,2525,2580,1029250,0.01775147928994092
2018-01-30,2560,2600,2535,2590,518840,0.003875968992248069
2018-01-31,2595,2610,2560,2605,491505,0.005791505791505891
2018-02-01,2605,2615,2545,2600,719815,-0.0019193857965451588
2018-02-02,2595,2595,2500,2550,366415,-0.019230769230769273
2018-02-05,2485,2520,2460,2505,505329,-0.01764705882352946
2018-02-06,2425,2480,2380,2440,495105,-0.02594810379241519
2018-02-07,2465,2490,2380,2380,462162,-0.024590163934426257
2018-02-08,2395,2440,2375,2405,580323,0.010504201680672232
2018-02-09,2335,2400,2305,2370,262861,-0.014553014553014498
2018-02-12,2385,2475,2385,2420,320072,0.021097046413502074
2018-02-13,2420,2460,2410,2430,201217,0.004132231404958775
2018-02-14,2410,2445,2370,2445,122970,0.006172839506172867
2018-02-19,2445,2460,2415,2440,177059,-0.002044989775051076
2018-02-20,2435,2445,2415,2425,159975,-0.006147540983606592
2018-02-21,2430,2435,2395,2395,184046,-0.012371134020618513
2018-02-22,2400,2435,2365,2420,270066,0.010438413361169019
2018-02-23,2425,2435,2370,2410,434735,-0.004132231404958664
2018-02-26,2410,2415,2360,2375,233077,-0.014522821576763434
2018-02-27,2380,2500,2330,2500,1121295,0.05263157894736836
2018-02-28,2480,2525,2435,2450,614724,-0.020000000000000018
2018-03-02,2420,2475,2375,2470,335364,0.008163265306122547
2018-03-05,2490,2490,2380,2380,257812,-0.036437246963562764
2018-03-06,2395,2415,2380,2395,165414,0.006302521008403339
2018-03-07,2395,2395,2350,2370,184672,-0.01043841336116913
2018-03-08,2375,2410,2325,2400,235883,0.012658227848101333
2018-03-09,2400,2410,2370,2395,109040,-0.002083333333333326
2018-03-12,2400,2490,2350,2460,520630,0.02713987473903967
2018-03-13,2460,2460,2425,2460,188747,0.0
2018-03-14,2460,2460,2400,2435,332136,-0.010162601626016232
2018-03-15,2435,2455,2390,2420,187687,-0.006160164271047264
2018-03-16,2440,2455,2375,2450,345480,0.012396694214876103
2018-03-19,2470,2470,2405,2415,111632,-0.014285714285714235
2018-03-20,2405,2410,2380,2395,116806,-0.008281573498964856
2018-03-21,2390,2410,2360,2370,327434,-0.01043841336116913
2018-03-22,2370,2405,2350,2380,242753,0.00421940928270037
2018-03-23,2320,2390,2320,2330,323235,-0.021008403361344574
2018-03-26,2320,2335,2300,2310,158649,-0.008583690987124415
2018-03-27,2315,2335,2260,2320,378868,0.0043290043290042934
2018-03-28,2285,2365,2280,2315,351967,-0.0021551724137931494
2018-03-29,2330,2370,2295,2370,325096,0.023758099352051865
2018-03-30,2390,2395,2340,2390,323532,0.00843881856540074
2018-04-02,2380,2395,2250,2360,506746,-0.012552301255230103
2018-04-03,2350,2350,2290,2300,404895,-0.025423728813559365
2018-04-04,2310,2315,2245,2265,319946,-0.01521739130434785
2018-04-05,2285,2320,2265,2320,134192,0.024282560706401668
2018-04-06,2310,2370,2305,2340,263392,0.008620689655172376
2018-04-09,2335,2380,2305,2375,235846,0.014957264957264904
2018-04-10,2375,2385,2360,2365,95108,-0.004210526315789442
2018-04-11,2370,2380,2335,2370,179254,0.0021141649048626032
2018-04-12,2380,2380,2345,2345,145348,-0.010548523206751037
2018-04-13,2340,2365,2315,2340,122131,-0.002132196162046962
2018-04-16,2340,2340,2300,2340,134020,0.0
2018-04-17,2340,2355,2320,2325,65729,-0.0064102564102563875
2018-04-18,2335,2375,2330,2365,139427,0.017204301075268713
2018-04-19,2365,2415,2355,2395,315274,0.012684989429175397
2018-04-20,2410,2410,2350,2385,200342,-0.0041753653444676075
2018-04-23,2385,2405,2320,2380,256095,-0.002096436058700246
2018-04-24,2385,2395,2345,2380,191038,0.0
2018-04-25,2350,2485,2350,2450,1024372,0.02941176470588225
2018-04-26,2475,2480,2430,2465,431948,0.00612244897959191
2018-04-27,2465,2475,2410,2460,286739,-0.0020283975659228792
2018-04-30,2460,2470,2380,2405,463642,-0.022357723577235755
2018-05-02,2410,2650,2410,2595,4780072,0.0790020790020789
2018-05-03,2590,2590,2510,2540,821614,-0.021194605009633882
2018-05-04,2530,2650,2465,2600,1210578,0.023622047244094446
2018-05-08,2630,2630,2490,2530,692827,-0.02692307692307694
2018-05-09,2510,2520,2410,2475,811170,-0.021739130434782594
2018-05-10,2475,2500,2350,2485,839153,0.004040404040404066
2018-05-11,2460,2515,2435,2495,615920,0.004024144869215318
2018-05-14,2505,2545,2460,2505,422305,0.004008016032064132
2018-05-15,2510,2585,2490,2560,1043763,0.02195608782435121
2018-05-16,2480,2530,2440,2495,761164,-0.025390625
2018-05-17,2505,2505,2455,2485,346790,-0.004008016032064132
2018-05-18,2485,2490,2460,2480,188591,-0.002012072434607659
2018-05-21,2480,2485,2440,2450,224058,-0.012096774193548376
2018-05-23,2475,2490,2425,2465,521391,0.00612244897959191
2018-05-24,2460,2460,2420,2435,268058,-0.012170385395537497
2018-05-25,2405,2415,2365,2390,315782,-0.01848049281314168
2018-05-28,2405,2460,2405,2460,256487,0.029288702928870203
2018-05-29,2460,2470,2405,2445,341652,-0.0060975609756097615
2018-05-30,2445,2460,2400,2450,266336,0.002044989775051187
2018-05-31,2460,2565,2455,2515,873425,0.026530612244898055
2018-06-01,2525,2550,2500,2515,432961,0.0
2018-06-04,2520,2540,2485,2505,341412,-0.003976143141153132
2018-06-05,2500,2515,2490,2505,223392,0.0
2018-06-07,2505,2555,2485,2525,715603,0.007984031936127733
2018-06-08,2525,2525,2490,2490,198878,-0.013861386138613874
2018-06-11,2540,2695,2505,2510,3770260,0.008032128514056325
2018-06-12,2540,2575,2490,2550,1116567,0.015936254980079667
2018-06-14,2575,2590,2520,2550,716850,0.0
2018-06-15,2530,2555,2455,2520,692046,-0.0117647058823529
2018-06-18,2495,2510,2395,2425,473810,-0.037698412698412676
2018-06-19,2425,2440,2370,2370,380344,-0.02268041237113405
2018-06-20,2360,2425,2350,2355,314919,-0.006329113924050667
2018-06-21,2360,2400,2345,2355,240540,0.0
2018-06-22,2345,2385,2285,2345,527214,-0.00424628450106157
2018-06-25,2350,2375,2310,2355,194935,0.004264392324093924
2018-06-26,2335,2355,2310,2350,90964,-0.002123142250530785
2018-06-27,2350,2415,2310,2400,474849,0.02127659574468077
2018-06-28,2350,2375,2270,2295,346310,-0.043749999999999956
2018-06-29,2300,2320,2250,2300,210987,0.002178649237472685
2018-07-02,2300,2305,2205,2210,349711,-0.03913043478260869
2018-07-03,2210,2250,2200,2200,191786,-0.004524886877828038
2018-07-04,2190,2250,2185,2195,143385,-0.002272727272727315
2018-07-05,2195,2300,2165,2255,535350,0.02733485193621865
2018-07-06,2265,2295,2220,2275,305092,0.008869179600886845
2018-07-09,2265,2330,2250,2315,192934,0.01758241758241752
2018-07-10,2320,2325,2285,2290,225212,-0.010799136069114423
2018-07-11,2300,2305,2265,2265,124550,-0.01091703056768556
2018-07-12,2260,2295,2245,2270,192051,0.002207505518763808
2018-07-13,2270,2295,2265,2275,121761,0.0022026431718060735
2018-07-16,2295,2305,2250,2265,181731,-0.00439560439560438
2018-07-17,2250,2280,2235,2245,103403,-0.008830022075055233
2018-07-18,2270,2270,2205,2205,187761,-0.017817371937639215
2018-07-19,2200,2235,2170,2190,166651,-0.006802721088435382
2018-07-20,2190,2200,2130,2135,368847,-0.02511415525114158
2018-07-23,2110,2140,2080,2080,181874,-0.025761124121779888
2018-07-24,2110,2145,2075,2120,75188,0.019230769230769162
2018-07-25,2100,2130,2095,2100,67064,-0.009433962264150941
2018-07-26,2100,2145,2080,2125,109313,0.011904761904761862
2018-07-27,2145,2170,2120,2160,74801,0.016470588235294015
2018-07-30,2140,2180,2140,2180,73645,0.0092592592592593
2018-07-31,2175,2180,2145,2160,109261,-0.00917431192660545
2018-08-01,2120,2170,2120,2165,119620,0.0023148148148148806
2018-08-02,2165,2180,2145,2150,42149,-0.006928406466512715
2018-08-03,2150,2200,2140,2165,136119,0.006976744186046435
2018-08-06,2170,2185,2150,2165,90393,0.0
2018-08-07,2135,2165,2135,2160,185013,-0.002309468822170868
2018-08-08,2160,2175,2115,2115,182764,-0.02083333333333337
2018-08-09,2105,2140,2105,2120,127902,0.0023640661938533203
2018-08-10,2130,2145,2125,2140,108691,0.009433962264151052
2018-08-13,2140,2155,2075,2085,272483,-0.025700934579439227
2018-08-14,2090,2110,2085,2095,76413,0.004796163069544335
2018-08-16,2090,2125,2070,2125,142902,0.014319809069212486
2018-08-17,2130,2155,2110,2120,151994,-0.0023529411764705577
2018-08-20,2115,2140,2110,2125,58588,0.002358490566037652
2018-08-21,2140,2140,2115,2125,116924,0.0
2018-08-22,2130,2245,2130,2165,1379557,0.018823529411764683
2018-08-23,2170,2180,2125,2135,320199,-0.01385681293302543
2018-08-24,2140,2155,2110,2125,287065,-0.004683840749414525
2018-08-27,2145,2145,2105,2115,246323,-0.004705882352941226
2018-08-28,2140,2145,2115,2115,235941,0.0
2018-08-29,2130,2130,2100,2110,210131,-0.0023640661938534313
2018-08-30,2120,2120,2095,2110,163583,0.0
2018-08-31,2110,2130,2095,2120,72119,0.004739336492890933
2018-09-03,2125,2130,2110,2120,61619,0.0
2018-09-04,2130,2130,2095,2110,290524,-0.004716981132075526
2018-09-05,2115,2125,2100,2120,104875,0.004739336492890933
2018-09-06,2110,2125,2090,2095,136007,-0.011792452830188704
2018-09-07,2095,2110,2085,2095,122383,0.0
2018-09-10,2095,2115,2080,2085,126852,-0.004773269689737458
2018-09-11,2085,2115,2085,2100,130445,0.007194244604316502
2018-09-12,2110,2125,2095,2100,165360,0.0
2018-09-13,2100,2135,2085,2100,201722,0.0
2018-09-14,2100,2120,2095,2115,98674,0.0071428571428571175
2018-09-17,2120,2120,2095,2095,77646,-0.009456264775413725
2018-09-18,2080,2110,2080,2095,181709,0.0
2018-09-19,2090,2090,2065,2075,223175,-0.009546539379474916
2018-09-20,2070,2085,2035,2060,213063,-0.0072289156626506035
2018-09-21,2065,2065,2030,2060,143194,0.0
2018-09-27,2055,2090,2050,2055,117488,-0.0024271844660194164
2018-09-28,2050,2065,2030,2040,153112,-0.007299270072992692
2018-10-01,2045,2045,2020,2040,129411,0.0
2018-10-02,2040,2070,2020,2030,137305,-0.004901960784313708
2018-10-04,2025,2050,2015,2020,121779,-0.0049261083743842304
2018-10-05,2010,2025,1995,2000,102504,-0.00990099009900991
2018-10-08,2000,2015,1995,2000,63882,0.0
2018-10-10,2000,2005,1930,1945,404053,-0.02749999999999997
2018-10-11,1875,1910,1800,1800,567381,-0.07455012853470433
2018-10-12,1740,1830,1725,1820,303093,0.011111111111111072
2018-10-15,1800,1835,1795,1805,133511,-0.008241758241758212
2018-10-16,1810,1870,1810,1850,102111,0.024930747922437657
2018-10-17,1850,1885,1825,1845,140276,-0.002702702702702675
2018-10-18,1850,1870,1830,1830,102888,-0.008130081300813052
2018-10-19,1840,1840,1775,1805,288744,-0.013661202185792365
2018-10-22,1805,1830,1790,1800,152848,-0.0027700831024930483
2018-10-23,1795,1825,1755,1780,188792,-0.011111111111111072
2018-10-24,1780,1805,1745,1755,159499,-0.014044943820224698
2018-10-25,1720,1725,1615,1655,517470,-0.056980056980056926
2018-10-26,1655,1675,1575,1590,453002,-0.0392749244712991
2018-10-29,1550,1635,1490,1490,467206,-0.06289308176100628
2018-10-30,1450,1530,1450,1500,467816,0.006711409395973256
2018-10-31,1505,1565,1500,1565,180523,0.043333333333333224
2018-11-01,1565,1715,1565,1665,293340,0.0638977635782747
2018-11-02,1690,1735,1685,1715,148009,0.03003003003003002
2018-11-05,1700,1710,1670,1690,81002,-0.014577259475218707
2018-11-06,1690,1780,1675,1755,254813,0.03846153846153855
2018-11-07,1745,1775,1710,1740,183531,-0.008547008547008517
2018-11-08,1755,1775,1725,1735,207081,-0.002873563218390829
2018-11-09,1765,1775,1695,1700,203627,-0.02017291066282423
2018-11-12,1705,1705,1655,1655,208625,-0.026470588235294135
2018-11-13,1640,1640,1590,1635,220396,-0.012084592145015116
2018-11-14,1625,1655,1600,1610,202153,-0.015290519877675823
2018-11-15,1605,1640,1585,1610,287157,0.0
2018-11-16,1615,1640,1595,1610,241862,0.0
2018-11-19,1615,1655,1615,1625,266854,0.009316770186335477
2018-11-20,1610,1640,1610,1625,144738,0.0
2018-11-21,1620,1665,1595,1660,329043,0.021538461538461506
2018-11-22,1670,1685,1650,1655,130705,-0.003012048192771122
2018-11-23,1670,1670,1615,1620,171526,-0.02114803625377648
2018-11-26,1620,1650,1615,1620,126579,0.0
2018-11-27,1630,1635,1615,1625,89558,0.0030864197530864335
2018-11-28,1630,1630,1610,1615,169628,-0.006153846153846176
2018-11-29,1620,1645,1615,1630,181768,0.009287925696594534
2018-11-30,1630,1640,1610,1615,152633,-0.009202453987730008
2018-12-03,1630,1665,1620,1650,197826,0.021671826625387025
2018-12-04,1640,1685,1630,1670,149135,0.0121212121212122
2018-12-05,1650,1665,1630,1640,80629,-0.017964071856287456
2018-12-06,1645,1655,1595,1600,173423,-0.024390243902439046
2018-12-07,1605,1670,1600,1670,245221,0.043749999999999956
2018-12-10,1750,1800,1645,1655,2740208,-0.008982035928143728
2018-12-11,1680,1685,1595,1600,649952,-0.033232628398791486
2018-12-12,1620,1635,1590,1605,497903,0.0031250000000000444
2018-12-13,1610,1625,1600,1615,216546,0.006230529595015577
2018-12-14,1610,1635,1595,1615,215960,0.0
2018-12-17,1600,1610,1590,1600,246314,-0.009287925696594423
2018-12-18,1590,1605,1500,1585,821418,-0.009375000000000022
2018-12-19,1590,1590,1560,1570,140198,-0.009463722397476393
2018-12-20,1560,1575,1530,1540,184295,-0.019108280254777066
2018-12-21,1530,1590,1530,1580,127765,0.025974025974025983
2018-12-24,1555,1590,1545,1560,83593,-0.012658227848101222
2018-12-26,1530,1560,1525,1540,102839,-0.012820512820512775
2018-12-27,1550,1575,1545,1555,75897,0.009740259740259827
2018-12-28,1555,1585,1550,1575,141815,0.012861736334405238
2019-01-02,1595,1610,1575,1590,160977,0.00952380952380949
2019-01-03,1585,1610,1565,1585,89316,-0.0031446540880503138
2019-01-04,1575,1640,1560,1600,130776,0.009463722397476282
2019-01-07,1610,1625,1590,1615,269961,0.009374999999999911
2019-01-08,1615,1620,1595,1600,187379,-0.009287925696594423
2019-01-09,1600,1620,1590,1600,160435,0.0
2019-01-10,1615,1615,1575,1600,189851,0.0
2019-01-11,1600,1605,1580,1590,131221,-0.006249999999999978
2019-01-14,1605,1680,1600,1600,858833,0.0062893081761006275
2019-01-15,1610,1645,1605,1620,497219,0.012499999999999956
2019-01-16,1630,1635,1610,1610,466944,-0.006172839506172867
2019-01-17,1630,1690,1625,1685,1664771,0.04658385093167694
2019-01-18,1720,1725,1670,1685,520139,0.0
2019-01-21,1690,1740,1680,1730,513183,0.026706231454005858
2019-01-22,1735,1740,1695,1710,333004,-0.011560693641618491
2019-01-23,1720,1765,1685,1735,297228,0.014619883040935644
2019-01-24,1735,1755,1715,1740,236612,0.0028818443804035088
2019-01-25,1745,1775,1730,1740,432987,0.0
2019-01-28,1740,1760,1720,1745,294838,0.002873563218390718
2019-01-29,1750,1770,1735,1745,241928,0.0
2019-01-30,1745,1760,1705,1730,220767,-0.008595988538681931
2019-01-31,1730,1740,1685,1715,311056,-0.00867052023121384
2019-02-01,1705,1730,1695,1715,202952,0.0
2019-02-07,1715,1715,1690,1705,154376,-0.005830903790087438
2019-02-08,1695,1725,1680,1705,253831,0.0
2019-02-11,1710,1710,1670,1690,214075,-0.008797653958944274
2019-02-12,1670,1690,1660,1670,150309,-0.011834319526627168
2019-02-13,1685,1720,1670,1695,292478,0.014970059880239583
2019-02-14,1695,1705,1675,1695,119944,0.0
2019-02-15,1695,1740,1690,1720,262915,0.014749262536873253
2019-02-18,1730,1745,1715,1730,182220,0.005813953488372103
2019-02-19,1730,1735,1700,1720,130244,-0.005780346820809301
2019-02-20,1720,1825,1720,1825,905348,0.061046511627907085
2019-02-21,1825,1825,1770,1780,511045,-0.024657534246575352
2019-02-22,1780,1845,1760,1800,701035,0.011235955056179803
2019-02-25,1800,1820,1765,1800,354757,0.0
2019-02-26,1785,1790,1755,1755,376315,-0.025000000000000022
2019-02-27,1765,1770,1740,1740,190739,-0.008547008547008517
2019-02-28,1740,1810,1715,1715,849006,-0.014367816091954033
2019-03-04,1720,1760,1720,1750,157963,0.020408163265306145
2019-03-05,1740,1760,1725,1750,192913,0.0
2019-03-06,1750,1775,1745,1755,306457,0.0028571428571428914
2019-03-07,1760,1810,1745,1770,461114,0.008547008547008517
2019-03-08,1770,1800,1760,1775,284294,0.0028248587570620654
2019-03-11,1780,1795,1750,1785,391637,0.005633802816901401
2019-03-12,1880,2060,1805,1820,11710993,0.019607843137254832
2019-03-13,1825,1845,1790,1835,1144430,0.008241758241758212
2019-03-14,1850,1870,1830,1840,1191313,0.0027247956403269047
2019-03-15,1830,1870,1815,1870,1060430,0.016304347826086918
2019-03-18,2020,2210,2020,2085,18329138,0.11497326203208558
2019-03-19,2080,2145,2040,2140,4833346,0.026378896882494063
2019-03-20,2145,2190,2070,2150,3197455,0.004672897196261738
2019-03-21,2180,2285,2085,2165,5121221,0.006976744186046435
2019-03-22,2240,2335,2160,2335,5034440,0.07852193995381063
2019-03-25,2285,2460,2250,2300,5506225,-0.01498929336188437
2019-03-26,2370,2395,2205,2305,2705304,0.0021739130434783593
2019-03-27,2305,2345,2200,2250,1400824,-0.02386117136659438
2019-03-28,2280,2470,2200,2335,3224951,0.03777777777777769
2019-03-29,2335,2410,2265,2360,1911771,0.010706638115631772
2019-04-01,2340,2365,2280,2280,1104113,-0.03389830508474578
2019-04-02,2315,2500,2265,2490,3356535,0.09210526315789469
2019-04-03,2470,2495,2405,2455,1577053,-0.014056224899598346
2019-04-04,2465,2505,2400,2425,1001631,-0.012219959266802416
2019-04-05,2485,2530,2435,2510,1656180,0.035051546391752675
2019-04-08,2525,2650,2480,2630,3450507,0.047808764940239
2019-04-09,2650,2980,2625,2900,13580621,0.102661596958175
2019-04-10,2895,2950,2815,2920,3385457,0.006896551724137945
2019-04-11,2900,2900,2715,2745,3689401,-0.05993150684931503
2019-04-12,2740,2915,2730,2865,3541708,0.04371584699453557
2019-04-15,2880,2900,2780,2790,1079300,-0.02617801047120416
2019-04-16,2780,2865,2720,2840,1995647,0.017921146953405076
2019-04-17,2840,2950,2780,2890,1938935,0.01760563380281699
2019-04-18,2915,3240,2905,3115,15702186,0.07785467128027679
2019-04-19,3240,3290,3030,3145,4270896,0.009630818619582593
2019-04-22,3200,3365,3010,3100,4952262,-0.014308426073131986
2019-04-23,3175,3180,2960,3065,4178416,-0.011290322580645107
2019-04-24,3085,3215,3005,3085,5873486,0.006525285481239873
2019-04-25,3110,3120,2935,2935,3226535,-0.0486223662884927
2019-04-26,2885,2960,2850,2850,2720022,-0.028960817717206155
2019-04-29,2900,2965,2860,2860,2231687,0.0035087719298245723
2019-04-30,2885,2945,2820,2865,2863496,0.0017482517482516613
2019-05-02,2805,2980,2785,2965,2451244,0.034904013961605695
2019-05-03,2980,3025,2925,3000,1972366,0.01180438448566612
2019-05-07,2965,3160,2925,3120,2866090,0.040000000000000036
2019-05-08,3090,3175,2900,2925,3069010,-0.0625
2019-05-09,2930,2940,2690,2735,2876724,-0.06495726495726495
2019-05-10,2720,2800,2660,2730,2471095,-0.001828153564899404
2019-05-13,2735,2830,2620,2625,1878737,-0.038461538461538436
2019-05-14,2560,2800,2550,2740,1922888,0.04380952380952374
2019-05-15,2830,2865,2710,2730,1536064,-0.0036496350364964014
2019-05-16,2770,2785,2625,2765,1511030,0.012820512820512775
2019-05-17,2845,2850,2600,2600,1524530,-0.05967450271247743
2019-05-20,2580,2660,2480,2520,1578923,-0.03076923076923077
2019-05-21,2500,2630,2500,2570,913173,0.01984126984126977
2019-05-22,2600,2695,2560,2675,1478925,0.040856031128404746
2019-05-23,2685,2745,2555,2585,1815277,-0.03364485981308407
2019-05-24,2585,2660,2500,2585,1105735,0.0
2019-05-27,2670,2770,2610,2660,2997835,0.029013539651837617
2019-05-28,2710,2710,2590,2660,687072,0.0
2019-05-29,2640,2660,2505,2525,1376609,-0.050751879699248104
2019-05-30,2620,2630,2380,2405,2016114,-0.04752475247524757
2019-05-31,2425,2600,2380,2595,3718755,0.0790020790020789
2019-06-03,2790,2970,2610,2620,9159106,0.009633911368015502
2019-06-04,2630,2755,2530,2725,3232022,0.040076335877862634
2019-06-05,2725,2790,2660,2670,2006815,-0.020183486238532056
2019-06-07,2675,2730,2620,2700,1690542,0.011235955056179803
2019-06-10,2740,2740,2675,2695,1085176,-0.0018518518518518823
2019-06-11,2700,2720,2570,2590,2286857,-0.038961038961038974
2019-06-12,2570,2635,2505,2535,1704202,-0.021235521235521193
2019-06-13,2530,2560,2355,2425,2589429,-0.04339250493096647
2019-06-14,2415,2440,2295,2325,1758831,-0.04123711340206182
2019-06-17,2320,2360,2285,2295,682078,-0.012903225806451646
2019-06-18,2285,2380,2275,2295,686489,0.0
2019-06-19,2315,2335,2265,2310,755153,0.006535947712418277
2019-06-20,2310,2355,2305,2330,399338,0.008658008658008587
2019-06-21,2320,2350,2260,2260,614811,-0.030042918454935674
2019-06-24,2265,2265,2210,2220,583478,-0.017699115044247815
2019-06-25,2225,2235,2095,2115,1559480,-0.04729729729729726
2019-06-26,2120,2215,2115,2175,1045106,0.028368794326241176
2019-06-27,2175,2235,2135,2150,933397,-0.011494252873563204
2019-06-28,2150,2170,2105,2145,453925,-0.0023255813953488857
2019-07-01,2140,2170,2090,2165,510355,0.00932400932400923
2019-07-02,2160,2185,2100,2115,507719,-0.023094688221709014
2019-07-03,2120,2135,2050,2075,617994,-0.01891252955082745
2019-07-04,2065,2150,2055,2130,644307,0.026506024096385472
2019-07-05,2130,2235,2130,2190,1427784,0.028169014084507005
2019-07-08,2165,2190,2045,2095,930782,-0.04337899543378998
2019-07-09,2085,2175,2085,2110,516795,0.007159904534606243
2019-07-10,2115,2220,2115,2155,727081,0.021327014218009532
2019-07-11,2160,2185,2130,2155,593544,0.0
2019-07-12,2155,2250,2140,2245,982814,0.0417633410672853
2019-07-15,2260,2270,2190,2190,661306,-0.024498886414253906
2019-07-16,2195,2230,2125,2165,502601,-0.011415525114155223
2019-07-17,2170,2190,2090,2090,353480,-0.034642032332563466
2019-07-18,2090,2160,2070,2105,374349,0.0071770334928229484
2019-07-19,2115,2205,2110,2200,568310,0.0451306413301662
2019-07-22,2220,2270,2195,2240,1132229,0.018181818181818077
2019-07-23,2210,2235,2160,2160,527737,-0.0357142857142857
2019-07-24,2160,2185,2110,2130,507635,-0.01388888888888884
2019-07-25,2125,2150,2080,2095,577782,-0.016431924882629123
2019-07-26,2070,2135,2040,2050,467249,-0.021479713603818618
2019-07-29,2020,2030,1865,1880,1187678,-0.08292682926829265
2019-07-30,1830,1965,1830,1945,965518,0.034574468085106336
2019-07-31,1915,2020,1900,1990,784117,0.023136246786632286
2019-08-01,1955,2060,1930,1960,660559,-0.015075376884422065
2019-08-02,1925,2015,1910,1960,283376,0.0
2019-08-05,1960,1970,1800,1820,609389,-0.0714285714285714
2019-08-06,1715,1910,1675,1770,839593,-0.027472527472527486
2019-08-07,1770,1895,1770,1845,602203,0.04237288135593231
2019-08-08,1890,1930,1860,1920,515955,0.04065040650406515
2019-08-09,1915,1965,1905,1940,337797,0.01041666666666674
2019-08-12,1910,1965,1900,1930,289488,-0.005154639175257714
2019-08-13,1895,2080,1895,2025,1018735,0.04922279792746109
2019-08-14,2055,2070,2010,2035,443168,0.004938271604938205
2019-08-16,2005,2030,1910,2010,1012999,-0.012285012285012331
2019-08-19,2030,2030,1935,2000,524951,-0.00497512437810943
2019-08-20,2010,2040,1985,2025,246446,0.012499999999999956
2019-08-21,2015,2045,2000,2030,250291,0.0024691358024691024
2019-08-22,2040,2170,2020,2035,1848859,0.0024630541871921707
2019-08-23,2050,2055,1985,1990,394120,-0.02211302211302213
2019-08-26,1900,1980,1895,1940,568933,-0.025125628140703515
2019-08-27,1975,1995,1890,1935,597628,-0.002577319587628857
2019-08-28,1965,2160,1960,2030,4125613,0.04909560723514206
2019-08-29,2010,2020,1945,1965,911873,-0.03201970443349755
2019-08-30,2030,2330,2015,2250,20206061,0.1450381679389312
2019-09-02,2450,2590,2360,2435,25618243,0.0822222222222222
2019-09-03,2410,2495,2370,2490,8138118,0.022587268993839782
2019-09-04,2415,2525,2385,2525,5596822,0.014056224899598346
2019-09-05,2520,2590,2405,2430,6550591,-0.03762376237623766
2019-09-06,2445,2450,2320,2360,2740453,-0.028806584362139898
2019-09-09,2360,2380,2270,2285,2596457,-0.03177966101694918
2019-09-10,2290,2335,2250,2250,1844545,-0.015317286652078765
2019-09-11,2260,2445,2235,2325,9079336,0.03333333333333344
2019-09-16,2370,2475,2320,2335,4476667,0.004301075268817289
2019-09-17,2850,2940,2610,2840,31053482,0.21627408993576025
2019-09-18,3040,3285,2790,2840,30160714,0.0
2019-09-19,2750,2760,2600,2640,9376119,-0.07042253521126762
2019-09-20,2610,2870,2520,2740,23371505,0.037878787878787845
2019-09-23,2600,2710,2510,2525,6185880,-0.07846715328467158
2019-09-24,2780,2795,2580,2620,7806514,0.03762376237623766
2019-09-25,2715,3260,2700,2930,99463916,0.11832061068702293
2019-09-26,2810,3020,2705,2840,27625982,-0.030716723549488067
2019-09-27,2930,3020,2760,2785,19704630,-0.01936619718309862
2019-09-30,2645,2825,2615,2615,9333622,-0.06104129263913827
2019-10-01,2555,2575,2415,2415,7947755,-0.07648183556405352
2019-10-02,2475,2540,2360,2415,7259113,0.0
2019-10-04,2420,2455,2290,2300,5414331,-0.04761904761904767
2019-10-07,2285,2345,2165,2200,9205760,-0.04347826086956519
2019-10-08,2170,2195,2115,2195,4006763,-0.002272727272727315
2019-10-10,2245,2255,2080,2080,4245432,-0.05239179954441908
2019-10-11,2080,2145,2060,2100,2144491,0.009615384615384581
2019-10-14,2100,2110,2030,2080,1899799,-0.00952380952380949
2019-10-15,2080,2125,2080,2100,1463606,0.009615384615384581
2019-10-16,2105,2175,2075,2145,2053488,0.021428571428571352
2019-10-17,2120,2150,2110,2120,934658,-0.011655011655011704
2019-10-18,2125,2175,2120,2155,1057813,0.01650943396226423
2019-10-21,2160,2180,2060,2060,1186688,-0.044083526682134555
2019-10-22,2045,2075,2010,2040,1335858,-0.009708737864077666
2019-10-23,2020,2070,2005,2020,1043965,-0.009803921568627416
2019-10-24,2010,2040,1985,2010,1092516,-0.004950495049504955
2019-10-25,1990,2040,1955,2000,1251358,-0.00497512437810943
2019-10-28,1995,2010,1960,1965,971957,-0.01749999999999996
2019-10-29,1970,2020,1970,2020,1087986,0.027989821882951738
2019-10-30,2015,2055,2000,2030,954510,0.004950495049504955
2019-10-31,2035,2045,1995,2000,769998,-0.014778325123152691
2019-11-01,1985,2075,1980,2050,1094541,0.02499999999999991
2019-11-04,2050,2075,2020,2075,779337,0.012195121951219523
2019-11-05,2065,2080,2035,2050,855446,-0.012048192771084376
2019-11-06,2050,2130,2045,2120,1340697,0.034146341463414664
2019-11-07,2130,2135,2095,2125,963433,0.002358490566037652
2019-11-08,2125,2145,2095,2110,731469,-0.007058823529411784
2019-11-11,2105,2110,2050,2050,626775,-0.028436018957345932
2019-11-12,2035,2085,2030,2055,548102,0.0024390243902439046
2019-11-13,2055,2130,2050,2130,1110090,0.03649635036496357
2019-11-14,2150,2150,2075,2095,674093,-0.016431924882629123
2019-11-15,2100,2145,2085,2120,895411,0.01193317422434359
2019-11-18,2120,2135,2100,2125,635771,0.002358490566037652
2019-11-19,2120,2150,2105,2120,928884,-0.0023529411764705577
2019-11-20,2115,2130,2065,2070,988929,-0.02358490566037741
2019-11-21,2040,2075,1985,2010,1110106,-0.02898550724637683
2019-11-22,1995,2025,1985,1995,568401,-0.007462686567164201
2019-11-25,1995,2050,1995,2035,381510,0.020050125313283207
2019-11-26,2030,2040,1990,2005,805539,-0.014742014742014753
2019-11-27,2000,2010,1970,1970,813830,-0.017456359102244412
2019-11-28,1975,2005,1940,1960,572788,-0.005076142131979711
2019-11-29,1940,1965,1880,1900,1135914,-0.030612244897959218
2019-12-02,1895,1945,1895,1910,409603,0.0052631578947368585
2019-12-03,1865,1925,1865,1915,380927,0.002617801047120505
2019-12-04,1895,1910,1840,1855,491863,-0.031331592689295085
2019-12-05,1865,1890,1805,1845,512547,-0.005390835579514808
2019-12-06,1835,1925,1835,1915,520169,0.03794037940379402
2019-12-09,1890,1970,1890,1925,578745,0.005221932114882533
2019-12-10,1915,1960,1915,1945,226909,0.010389610389610393
2019-12-11,1935,1960,1935,1950,269862,0.0025706940874035134
2019-12-12,1945,1980,1945,1955,347026,0.002564102564102555
2019-12-13,1965,2010,1960,1990,498586,0.01790281329923271
2019-12-16,2000,2000,1940,1945,462890,-0.022613065326633208
2019-12-17,1945,1965,1925,1940,281946,-0.0025706940874036244
2019-12-18,1945,2015,1945,2015,655858,0.038659793814433074
2019-12-19,2010,2015,1975,1990,343858,-0.012406947890818865
2019-12-20,1985,2000,1945,1955,475465,-0.017587939698492483
2019-12-23,1960,1975,1890,1905,488133,-0.025575447570332477
2019-12-24,1895,1930,1890,1905,431489,0.0
2019-12-26,1900,1950,1890,1950,485515,0.023622047244094446
2019-12-27,1940,1985,1920,1965,350176,0.007692307692307665
2019-12-30,1975,2035,1955,2020,749467,0.027989821882951738
2020-01-02,2015,2045,2010,2030,612925,0.004950495049504955
2020-01-03,2035,2040,1985,2015,575436,-0.007389162561576401
2020-01-06,1990,2000,1960,1990,506663,-0.012406947890818865
2020-01-07,1975,2020,1975,2015,341572,0.012562814070351758
2020-01-08,1985,2000,1860,1920,1632966,-0.04714640198511166
2020-01-09,1950,2020,1950,1985,745169,0.03385416666666674
2020-01-10,1990,2010,1960,1990,638997,0.0025188916876575096
2020-01-13,1980,2055,1980,2050,1147197,0.03015075376884413
2020-01-14,2065,2065,2015,2025,460885,-0.012195121951219523
2020-01-15,2040,2060,2025,2050,451907,0.012345679012345734
2020-01-16,2050,2060,2020,2035,300707,-0.007317073170731714
2020-01-17,2040,2050,2010,2035,515329,0.0
2020-01-20,2045,2050,1995,2015,606681,-0.009828009828009798
2020-01-21,2015,2020,1930,1970,1001725,-0.022332506203473934
2020-01-22,1995,2000,1950,1975,324830,0.002538071065989911
2020-01-23,1980,1985,1940,1970,348343,-0.0025316455696202667
2020-01-28,1885,1930,1850,1885,744255,-0.043147208121827374
2020-01-29,1890,1910,1855,1895,348823,0.0053050397877985045
2020-01-30,1875,1895,1820,1825,872409,-0.03693931398416883
2020-01-31,1820,1835,1715,1720,1122977,-0.05753424657534245
2020-02-03,1695,1870,1695,1820,2731255,0.058139534883721034
2020-02-04,1825,1845,1780,1840,630111,0.01098901098901095
2020-02-05,1860,1945,1840,1885,1119137,0.024456521739130377
2020-02-06,1880,1925,1875,1900,507225,0.007957559681697646
2020-02-07,1900,1940,1875,1900,404760,0.0
2020-02-10,1900,1985,1830,1930,1628615,0.015789473684210575
2020-02-11,1965,1970,1915,1930,666229,0.0
2020-02-12,1940,1945,1890,1900,680160,-0.015544041450777257
2020-02-13,1900,1920,1855,1880,505414,-0.010526315789473717
2020-02-14,1870,1935,1870,1900,681087,0.010638297872340496
2020-02-17,1910,1915,1855,1860,437405,-0.021052631578947323
2020-02-18,1865,1885,1810,1830,468728,-0.016129032258064502
2020-02-19,1830,1855,1790,1830,436181,0.0
2020-02-20,1825,1865,1815,1825,383860,-0.002732240437158473
2020-02-21,1800,1820,1765,1780,619403,-0.024657534246575352
2020-02-24,1710,1755,1700,1705,789992,-0.042134831460674205
2020-02-25,1665,1760,1665,1740,411176,0.02052785923753664
2020-02-26,1710,1790,1705,1775,333307,0.02011494252873569
2020-02-27,1780,1815,1760,1775,713769,0.0
2020-02-28,1745,1770,1680,1695,848630,-0.04507042253521132
2020-03-02,1690,1785,1680,1785,642026,0.053097345132743445
2020-03-03,1815,1825,1770,1805,732263,0.011204481792717047
2020-03-04,1785,1840,1785,1835,438757,0.016620498614958512
2020-03-05,1840,1850,1815,1835,315417,0.0
2020-03-06,1810,1825,1775,1810,409156,-0.013623978201634857
2020-03-09,1785,1785,1695,1715,703821,-0.0524861878453039
2020-03-10,1665,1715,1640,1710,506518,-0.002915451895043719
2020-03-11,1705,1740,1640,1675,528968,-0.020467836257309968
2020-03-12,1630,1675,1505,1520,1257556,-0.09253731343283578
2020-03-13,1350,1430,1195,1320,2967172,-0.13157894736842102
2020-03-16,1300,1390,1285,1290,1540867,-0.022727272727272707
2020-03-17,1180,1325,1180,1325,1077127,0.027131782945736482
2020-03-18,1335,1350,1215,1225,1051906,-0.07547169811320753
2020-03-19,1240,1275,994,1005,2177134,-0.17959183673469392
2020-03-20,990,1085,990,1085,2196363,0.07960199004975133
2020-03-23,1020,1055,993,1010,1220450,-0.06912442396313367
2020-03-24,1030,1095,1020,1095,1190841,0.08415841584158423
2020-03-25,1140,1170,1115,1155,1439992,0.0547945205479452
2020-03-26,1185,1225,1140,1165,1324405,0.008658008658008587
2020-03-27,1210,1220,1120,1165,1532873,0.0
2020-03-30,1120,1205,1105,1205,875047,0.03433476394849788
2020-03-31,1245,1320,1215,1305,2270842,0.08298755186721984
2020-04-01,1325,1510,1290,1375,4112080,0.05363984674329503
2020-04-02,1375,1425,1345,1425,1050374,0.036363636363636376
2020-04-03,1435,1505,1425,1440,1777827,0.010526315789473717
2020-04-06,1460,1570,1460,1535,2258235,0.06597222222222232
2020-04-07,1580,1580,1465,1525,1810996,-0.006514657980456029
2020-04-08,1525,1545,1485,1520,882277,-0.003278688524590123
2020-04-09,1535,1820,1530,1775,16127760,0.16776315789473695
2020-04-10,1765,1770,1600,1680,3834730,-0.05352112676056342
2020-04-13,1680,1820,1655,1780,7868991,0.059523809523809534
2020-04-14,1770,1875,1770,1800,6752671,0.011235955056179803
2020-04-16,1775,1805,1740,1780,1380119,-0.011111111111111072
2020-04-17,1800,1800,1755,1765,1166793,-0.008426966292134797
2020-04-20,1770,1810,1760,1775,1509617,0.0056657223796034994
2020-04-21,1780,1785,1640,1735,1821714,-0.022535211267605604
2020-04-22,1680,1740,1680,1740,1053619,0.0028818443804035088
2020-04-23,1790,2065,1770,1995,33036924,0.14655172413793105
2020-04-24,2175,2320,2005,2025,71449137,0.015037593984962516
2020-04-27,2070,2090,1985,2040,8256790,0.007407407407407307
2020-04-28,2100,2225,2090,2120,21621426,0.03921568627450989
2020-04-29,2185,2190,2090,2115,6959947,-0.002358490566037763
2020-05-04,2115,2285,2100,2170,17120472,0.026004728132387633
2020-05-06,2210,2380,2165,2285,25098691,0.05299539170506917
2020-05-07,2285,2290,2180,2200,4838864,-0.03719912472647702
2020-05-08,2225,2265,2110,2135,4336816,-0.02954545454545454
2020-05-11,2135,2205,2130,2150,3502367,0.007025761124121788
2020-05-12,2185,2190,2080,2125,2389658,-0.011627906976744207
2020-05-13,2105,2185,2080,2155,3368276,0.014117647058823568
2020-05-14,2175,2200,2110,2150,3578632,-0.002320185614849146
2020-05-15,2220,2290,2170,2290,13236615,0.06511627906976747
2020-05-18,2300,2305,2190,2190,5311818,-0.04366812227074235
2020-05-19,2215,2215,2120,2165,2163998,-0.011415525114155223
2020-05-20,2165,2245,2165,2205,2632109,0.018475750577367167
2020-05-21,2195,2215,2165,2180,1920134,-0.0113378684807256
2020-05-22,2180,2220,2145,2170,2435978,-0.004587155963302725
2020-05-25,2220,2360,2185,2195,15129848,0.011520737327188835
2020-05-26,2210,2285,2200,2275,4616667,0.036446469248291535
2020-05-27,2280,2295,2225,2250,2778081,-0.01098901098901095
2020-05-28,2280,2490,2260,2285,26617952,0.015555555555555545
2020-05-29,2325,2480,2315,2465,24974906,0.07877461706783362
2020-06-01,2440,2470,2350,2390,8370139,-0.030425963488843855
2020-06-02,2470,2590,2380,2390,23865986,0.0
2020-06-03,2360,2375,2280,2290,5208420,-0.04184100418410042
2020-06-04,2300,2355,2235,2295,3941211,0.0021834061135370675
2020-06-05,2285,2350,2255,2270,2997844,-0.01089324618736387
2020-06-08,2280,2280,2205,2235,2707279,-0.01541850220264318
2020-06-09,2235,2265,2195,2265,2255645,0.01342281879194629
2020-06-10,2240,2250,2110,2155,3670675,-0.04856512141280356
2020-06-11,2155,2165,2005,2030,4479539,-0.058004640371229654
2020-06-12,1870,1970,1850,1955,2683971,-0.036945812807881784
2020-06-15,1955,2000,1795,1805,2676915,-0.07672634271099743
2020-06-16,1850,1915,1845,1910,1505294,0.05817174515235468
2020-06-17,1870,1940,1850,1935,1585799,0.01308900523560208
2020-06-18,1950,1950,1880,1900,1175287,-0.018087855297157618
2020-06-19,1900,1965,1895,1930,1777722,0.015789473684210575
2020-06-22,1935,2105,1915,2005,7741745,0.03886010362694292
2020-06-23,2000,2015,1915,1935,2531568,-0.034912718204488824
2020-06-24,1950,1990,1925,1955,1101974,0.010335917312661591
2020-06-25,1930,1950,1855,1885,2054463,-0.03580562659846542
2020-06-26,1890,1975,1860,1915,1780782,0.01591511936339529
2020-06-29,1880,1900,1800,1840,1387887,-0.03916449086161877
2020-06-30,1860,2005,1840,1925,4441374,0.04619565217391308
2020-07-01,2010,2015,1875,1895,2189408,-0.01558441558441559
2020-07-02,1885,1930,1885,1920,1017855,0.013192612137203241
2020-07-03,1970,1970,1885,1905,1287011,-0.0078125
2020-07-06,1910,1935,1890,1930,1042555,0.013123359580052396
2020-07-07,1930,1935,1890,1925,913347,-0.002590673575129543
2020-07-08,1910,1965,1890,1955,1261584,0.01558441558441559
2020-07-09,1960,1965,1935,1950,780698,-0.002557544757033292
2020-07-10,1970,1970,1900,1910,1022881,-0.02051282051282055
2020-07-13,1935,2000,1920,1985,2062396,0.03926701570680624
2020-07-14,1985,1995,1925,1955,1567109,-0.015113350125944613
2020-07-15,1985,2015,1955,2015,1691298,0.03069053708439906
2020-07-16,2040,2110,1990,2075,6098655,0.02977667493796532
2020-07-17,2075,2085,2035,2045,1506348,-0.014457831325301207
2020-07-20,2045,2065,1980,1985,1593670,-0.02933985330073352
2020-07-21,1985,2025,1980,2020,1355652,0.017632241813602123
2020-07-22,2075,2075,2005,2015,1785690,-0.0024752475247524774
2020-07-23,2015,2030,1970,1990,1202852,-0.012406947890818865
2020-07-24,1960,2020,1960,1985,1050429,-0.002512562814070307
2020-07-27,1990,2040,1985,2005,1558835,0.010075566750629816
2020-07-28,1995,2005,1965,1970,1067521,-0.017456359102244412
2020-07-29,1970,2000,1945,1955,792986,-0.0076142131979695105
2020-07-30,1955,1965,1925,1930,900909,-0.012787723785166238
2020-07-31,1930,1950,1905,1920,940909,-0.005181347150259086
2020-08-03,1935,1940,1900,1910,802787,-0.00520833333333337
2020-08-04,1930,1945,1900,1930,969762,0.010471204188481575
2020-08-05,1945,1950,1900,1905,851804,-0.012953367875647714
2020-08-06,1915,1955,1905,1940,980833,0.018372703412073532
2020-08-07,1945,1950,1910,1920,771804,-0.010309278350515427
2020-08-10,1925,2015,1925,1950,2609735,0.015625
2020-08-11,1970,2035,1970,2020,2815937,0.03589743589743599
2020-08-12,2035,2045,1980,2025,2565623,0.0024752475247524774
2020-08-13,2035,2090,2015,2025,4264048,0.0
2020-08-14,2185,2190,2005,2030,7649224,0.0024691358024691024
2020-08-18,2055,2060,1885,1915,2468186,-0.056650246305418706
2020-08-19,1900,1950,1895,1910,1421733,-0.0026109660574412663
2020-08-20,1910,1920,1800,1830,1330035,-0.041884816753926746
2020-08-21,1835,1955,1835,1935,1905470,0.05737704918032782
2020-08-24,1920,2035,1910,2030,2307662,0.04909560723514206
2020-08-25,2030,2095,2025,2080,2606659,0.024630541871921263
2020-08-26,2095,2145,2065,2125,2980758,0.02163461538461542
2020-08-27,2145,2195,2085,2160,3776993,0.016470588235294015
2020-08-28,2165,2220,2155,2200,3421415,0.0185185185185186
2020-08-31,2240,2335,2130,2140,4176644,-0.027272727272727226
2020-09-01,2140,2215,2075,2110,1131692,-0.014018691588784993
2020-09-02,2110,2135,2030,2065,1141143,-0.021327014218009532
2020-09-03,2060,2125,2050,2080,953024,0.007263922518159882
2020-09-04,2005,2075,2005,2065,996558,-0.007211538461538436
2020-09-07,2075,2075,2025,2040,905120,-0.01210653753026636
2020-09-08,2040,2060,2015,2030,597279,-0.004901960784313708
2020-09-09,2005,2035,1980,2035,438083,0.0024630541871921707
2020-09-10,2045,2110,2040,2110,1397494,0.03685503685503688
2020-09-11,2180,2395,2110,2125,8753557,0.007109004739336511
2020-09-14,2145,2185,2110,2150,1504484,0.0117647058823529
2020-09-15,2160,2165,2110,2120,995313,-0.013953488372092981
2020-09-16,2110,2135,2075,2075,1121833,-0.021226415094339646
2020-09-17,2085,2095,2040,2050,615339,-0.012048192771084376
2020-09-18,2060,2065,2020,2030,461933,-0.009756097560975618
2020-09-21,2040,2165,2030,2145,3633719,0.05665024630541882
2020-09-22,2170,2170,2045,2055,1744871,-0.04195804195804198
2020-09-23,2060,2105,2000,2085,1121619,0.014598540145985384
2020-09-24,2050,2070,2005,2030,903710,-0.026378896882493952
2020-09-25,2035,2065,2005,2015,449944,-0.007389162561576401
2020-09-28,2030,2045,2015,2040,268309,0.012406947890818865
2020-09-29,2050,2070,2025,2050,531414,0.004901960784313708
2020-10-05,2065,2095,2040,2095,464264,0.02195121951219514
2020-10-06,2100,2110,2055,2085,735828,-0.004773269689737458
2020-10-07,2070,2105,2060,2100,694662,0.007194244604316502
2020-10-08,2110,2120,2085,2100,580249,0.0
2020-10-12,2215,2225,2110,2125,3663422,0.011904761904761862
2020-10-13,2130,2135,2085,2110,712651,-0.007058823529411784
2020-10-14,2110,2115,2055,2055,905459,-0.026066350710900466
2020-10-15,2060,2090,2025,2055,795891,0.0
2020-10-16,2070,2070,2000,2030,664249,-0.012165450121654486
2020-10-19,2030,2045,2010,2010,441409,-0.009852216748768461
2020-10-20,2005,2020,1985,2020,532362,0.004975124378109541
2020-10-21,2010,2075,2010,2070,669439,0.024752475247524774
2020-10-22,2080,2120,2045,2100,1418382,0.01449275362318847
2020-10-23,2105,2110,2040,2045,848324,-0.02619047619047621
2020-10-26,2070,2085,1990,1995,925711,-0.02444987775061125
2020-10-27,1980,2010,1925,1965,721643,-0.015037593984962405
2020-10-28,2005,2015,1975,2015,266797,0.025445292620865034
2020-10-29,1975,1995,1970,1995,493397,-0.00992555831265507
2020-10-30,1995,2005,1945,1950,424766,-0.022556390977443663
2020-11-02,1950,1985,1940,1965,417674,0.007692307692307665
2020-11-03,1975,1980,1950,1975,443316,0.0050890585241729624
2020-11-04,1980,2005,1960,1975,614314,0.0
2020-11-05,1980,2030,1970,2030,586481,0.02784810126582271
2020-11-06,2020,2045,1995,2030,341368,0.0
2020-11-09,2040,2045,2010,2035,458072,0.0024630541871921707
2020-11-10,2035,2055,2025,2040,391901,0.002457002457002533
2020-11-11,2050,2100,2035,2080,1492252,0.019607843137254832
2020-11-12,2090,2090,2035,2060,516401,-0.009615384615384581
2020-11-13,2055,2065,2005,2015,839314,-0.021844660194174748
2020-11-16,2015,2035,2005,2025,649857,0.00496277915632759
2020-11-17,2020,2020,1985,1990,953041,-0.01728395061728394
2020-11-18,1990,2010,1985,2005,371436,0.007537688442211143
2020-11-19,2005,2010,1985,2005,405850,0.0
2020-11-20,2005,2015,1990,2005,639416,0.0
2020-11-23,2010,2010,1975,1980,584081,-0.012468827930174564
2020-11-24,1990,2000,1970,1995,478824,0.007575757575757569
2020-11-25,2000,2005,1930,1955,871338,-0.020050125313283207
2020-11-26,1965,1980,1950,1950,360636,-0.002557544757033292
2020-11-27,1950,1965,1940,1960,568323,0.00512820512820511
2020-11-30,2015,2030,1965,1980,1120133,0.010204081632652962
2020-12-01,1980,1990,1960,1980,733127,0.0
2020-12-02,1990,2005,1975,1990,861749,0.005050505050504972
2020-12-03,1990,2000,1985,1995,530680,0.002512562814070307
2020-12-04,2000,2005,1970,1990,648081,-0.0025062656641604564
2020-12-07,2020,2095,2000,2045,3303402,0.027638190954773822
2020-12-08,2045,2055,2000,2040,1212141,-0.0024449877750610804
2020-12-09,2050,2070,2015,2025,736504,-0.007352941176470562
2020-12-10,2030,2060,2005,2050,796179,0.012345679012345734
2020-12-11,2060,2070,2035,2060,1084011,0.004878048780487809
2020-12-14,2075,2150,2060,2110,2863805,0.024271844660194164
2020-12-15,2110,2125,2070,2090,838371,-0.009478672985781977
2020-12-16,2115,2150,2085,2125,1495095,0.01674641148325362
2020-12-17,2125,2125,2065,2085,877318,-0.018823529411764683
2020-12-18,2080,2085,2045,2080,930463,-0.0023980815347721673
2020-12-21,2075,2075,2010,2040,697272,-0.019230769230769273
2020-12-22,2040,2050,1975,1980,1603641,-0.02941176470588236
2020-12-23,1980,1995,1960,1980,558766,0.0
2020-12-24,1980,1990,1970,1985,486471,0.002525252525252597
2020-12-28,2010,2010,1985,2005,728347,0.010075566750629816
2020-12-29,2000,2005,1980,2000,374869,-0.0024937655860348684
2020-12-30,2000,2005,1980,1990,451867,-0.0050000000000000044
2021-01-04,2000,2030,1990,2015,486623,0.012562814070351758
2021-01-05,2015,2105,2005,2100,2779547,0.042183622828784184
2021-01-06,2105,2110,2055,2075,980144,-0.011904761904761862
2021-01-07,2085,2125,2075,2095,1767276,0.009638554216867545
2021-01-08,2115,2120,2045,2060,939993,-0.01670644391408116
2021-01-11,2075,2080,1990,2010,927587,-0.024271844660194164
2021-01-12,2010,2020,1980,2000,927009,-0.00497512437810943
2021-01-13,2000,2095,2000,2070,1421658,0.03499999999999992
2021-01-14,2080,2105,2060,2095,1210609,0.012077294685990392
2021-01-15,2115,2175,2105,2140,4127036,0.021479713603818507
2021-01-18,2140,2265,2115,2135,7873322,-0.002336448598130869
2021-01-19,2140,2185,2130,2150,1659671,0.007025761124121788
2021-01-20,2245,2245,2150,2185,4009247,0.016279069767441756
2021-01-21,2185,2250,2150,2235,3049714,0.022883295194507935
2021-01-22,2210,2215,2170,2180,1079982,-0.02460850111856827
2021-01-25,2175,2205,2170,2180,895453,0.0
2021-01-26,2190,2320,2155,2290,8262102,0.050458715596330306
2021-01-27,2290,2295,2185,2190,2629187,-0.04366812227074235
2021-01-28,2135,2160,2085,2120,1738083,-0.03196347031963476
2021-01-29,2155,2175,2030,2055,1515641,-0.030660377358490587
2021-02-01,2050,2105,2015,2085,924787,0.014598540145985384
2021-02-02,2085,2135,2075,2105,797885,0.00959232613908867
2021-02-03,2130,2220,2115,2195,2244600,0.04275534441805218
2021-02-04,2205,2230,2170,2205,1558146,0.004555808656036442
2021-02-05,2235,2240,2155,2180,1026652,-0.0113378684807256
2021-02-08,2220,2315,2210,2230,6036366,0.022935779816513735
2021-02-09,2225,2235,2165,2175,1157731,-0.024663677130044803
2021-02-10,2220,2290,2210,2260,3134630,0.03908045977011487
2021-02-15,2290,2310,2245,2295,2173389,0.015486725663716783
2021-02-16,2320,2320,2250,2275,1154481,-0.008714596949891074
2021-02-17,2285,2370,2280,2315,3356473,0.01758241758241752
2021-02-18,2320,2380,2250,2265,1999744,-0.021598272138228958
2021-02-19,2265,2285,2175,2225,1472262,-0.017660044150110354
2021-02-22,2225,2285,2220,2255,1022352,0.01348314606741563
2021-02-23,2245,2440,2210,2325,8982452,0.03104212860310418
2021-02-24,2325,2345,2200,2215,2460428,-0.047311827956989294
2021-02-25,2255,2265,2195,2210,1517216,-0.0022573363431150906
2021-02-26,2145,2160,2110,2125,1570074,-0.038461538461538436
2021-03-02,2150,2175,2120,2125,845188,0.0
2021-03-03,2115,2240,2105,2230,2025760,0.049411764705882266
2021-03-04,2195,2205,2150,2175,840949,-0.024663677130044803
2021-03-05,2150,2220,2120,2200,965143,0.011494252873563315
2021-03-08,2255,2430,2245,2290,9325483,0.040909090909091006
2021-03-09,2270,2325,2205,2310,2687568,0.008733624454148492
2021-03-10,2425,2430,2280,2350,4986771,0.017316017316017396
2021-03-11,2345,2375,2290,2295,1810193,-0.023404255319148914
2021-03-12,2320,2350,2275,2305,1567918,0.004357298474945592
2021-03-15,2305,2340,2295,2300,999914,-0.002169197396963085
2021-03-16,2300,2315,2275,2285,885386,-0.006521739130434745
2021-03-17,2285,2445,2280,2370,8589693,0.03719912472647713
2021-03-18,2450,2450,2350,2360,2436648,-0.00421940928270037
2021-03-19,2345,2430,2325,2415,3478480,0.02330508474576276
2021-03-22,2455,2600,2420,2460,15270261,0.01863354037267073
2021-03-23,2475,2475,2315,2325,3395823,-0.054878048780487854
2021-03-24,2325,2350,2285,2320,1762686,-0.0021505376344086446
2021-03-25,2310,2345,2295,2345,1014265,0.010775862068965525
2021-03-26,2340,2375,2330,2340,1047554,-0.002132196162046962
2021-03-29,2340,2355,2305,2325,1284941,-0.0064102564102563875
2021-03-30,2350,2410,2345,2395,2032722,0.03010752688172036
2021-03-31,2425,2425,2365,2385,1422444,-0.0041753653444676075
2021-04-01,2390,2425,2360,2370,1008760,-0.0062893081761006275
2021-04-02,2380,2390,2315,2320,1235498,-0.021097046413502074
2021-04-05,2325,2345,2280,2300,1005001,-0.008620689655172376
2021-04-06,2305,2335,2300,2330,692385,0.01304347826086949
2021-04-07,2350,2400,2345,2385,1926491,0.023605150214592197
2021-04-08,2395,2395,2335,2350,918456,-0.014675052410901501
2021-04-09,2360,2390,2345,2380,1005888,0.012765957446808418
2021-04-12,2400,2430,2390,2430,1769975,0.021008403361344463
2021-04-13,2470,2650,2405,2420,18117977,-0.004115226337448541
2021-04-14,2445,2625,2425,2555,12918581,0.05578512396694224
2021-04-15,2585,2750,2470,2495,11934818,-0.023483365949119372
2021-04-16,2495,2540,2460,2525,2450722,0.012024048096192397
2021-04-19,2510,2530,2420,2440,2506532,-0.03366336633663369
2021-04-20,2465,2475,2440,2455,1313259,0.006147540983606481
2021-04-21,2470,2495,2410,2420,1452657,-0.014256619144602856
2021-04-22,2430,2450,2410,2435,929939,0.006198347107438051
2021-04-23,2440,2445,2410,2435,740787,0.0
2021-04-26,2455,2470,2430,2450,951781,0.006160164271047153
2021-04-27,2470,2545,2450,2520,3477084,0.02857142857142847
2021-04-28,2540,2545,2450,2450,1438723,-0.02777777777777779
2021-04-29,2460,2470,2400,2430,987429,-0.008163265306122436
2021-04-30,2430,2450,2395,2400,1132823,-0.012345679012345734
2021-05-03,2400,2550,2400,2505,3041301,0.043749999999999956
2021-05-04,2530,2560,2440,2510,2001765,0.001996007984031989
2021-05-06,2565,2630,2510,2530,3801680,0.007968127490039834
2021-05-07,2530,2550,2495,2540,1070477,0.0039525691699604515
2021-05-10,2550,2565,2525,2540,1268702,0.0
2021-05-11,2510,2520,2460,2490,1179892,-0.019685039370078705
2021-05-12,2495,2630,2495,2605,9297856,0.0461847389558232
2021-05-13,2520,2610,2500,2555,2713962,-0.019193857965451033
2021-05-14,2585,2585,2475,2485,2205883,-0.0273972602739726
2021-05-17,2480,2480,2345,2365,2388173,-0.048289738430583484
2021-05-18,2365,2420,2365,2400,694746,0.014799154334038
2021-05-20,2390,2390,2350,2365,617257,-0.014583333333333282
2021-05-21,2385,2385,2290,2295,997381,-0.029598308668076112
2021-05-24,2315,2315,2240,2260,961306,-0.015250544662309351
2021-05-25,2270,2305,2270,2300,589494,0.017699115044247815
2021-05-26,2310,2340,2310,2335,496475,0.01521739130434785
2021-05-27,2340,2360,2310,2330,424756,-0.0021413276231263545
2021-05-28,2350,2370,2320,2350,628699,0.008583690987124415
2021-05-31,2365,2380,2340,2380,490999,0.012765957446808418
2021-06-01,2355,2420,2355,2415,1086344,0.014705882352941124
2021-06-02,2435,2475,2410,2465,1483854,0.020703933747411973
2021-06-03,2465,2560,2435,2450,2575161,-0.006085192697768749
2021-06-04,2455,2485,2440,2455,899290,0.0020408163265306367
2021-06-07,2465,2485,2440,2445,759809,-0.004073319755600768
2021-06-08,2445,2475,2410,2430,780369,-0.006134969325153339
2021-06-09,2430,2480,2405,2480,1056365,0.020576131687242816
2021-06-10,2495,2515,2450,2500,1456067,0.008064516129032251
2021-06-11,2515,2515,2465,2480,675510,-0.008000000000000007
2021-06-14,2505,2715,2500,2690,15553576,0.08467741935483875
2021-06-15,2655,2680,2590,2605,4084277,-0.03159851301115246
2021-06-16,2605,2645,2585,2600,1567135,-0.0019193857965451588
2021-06-17,2600,2640,2535,2590,1383343,-0.0038461538461538325
2021-06-18,2590,2595,2535,2550,1508182,-0.015444015444015413
2021-06-21,2535,2610,2505,2550,1228851,0.0
2021-06-22,2575,2625,2550,2605,1298390,0.021568627450980316
2021-06-23,2605,2620,2570,2605,1325407,0.0
2021-06-24,2605,2605,2525,2550,963130,-0.021113243761996192
2021-06-25,2550,2615,2550,2575,1119741,0.009803921568627416
2021-06-28,2605,2745,2600,2630,6774523,0.021359223300970953
2021-06-29,2630,2660,2605,2640,1075615,0.0038022813688212143
2021-06-30,2640,2645,2610,2625,733642,-0.005681818181818232
2021-07-01,2630,2680,2605,2655,1479276,0.011428571428571344
2021-07-02,2650,2700,2630,2655,1438269,0.0
2021-07-05,2670,2685,2635,2635,1025991,-0.007532956685499026
2021-07-06,2650,2660,2610,2660,868834,0.009487666034155628
2021-07-07,2660,2695,2615,2675,1570411,0.005639097744360999
2021-07-08,2700,2965,2635,2660,13053116,-0.005607476635513975
2021-07-09,2620,2635,2505,2550,2746188,-0.041353383458646586
2021-07-12,2555,2585,2505,2515,949507,-0.013725490196078383
2021-07-13,2535,2575,2520,2575,945379,0.02385685884691857
2021-07-14,2575,2810,2540,2750,7918414,0.06796116504854366
2021-07-15,2705,2735,2620,2640,2410542,-0.040000000000000036
2021-07-16,2630,2630,2570,2575,1487321,-0.024621212121212155
2021-07-19,2550,2680,2540,2640,2197953,0.025242718446601975
2021-07-20,2580,2665,2575,2650,1672097,0.0037878787878788955
2021-07-21,2665,2680,2610,2615,996735,-0.013207547169811318
2021-07-22,2640,2645,2550,2550,903836,-0.0248565965583174
2021-07-23,2580,2595,2535,2565,470355,0.00588235294117645
2021-07-26,2585,2685,2585,2660,1967526,0.03703703703703698
2021-07-27,2680,2710,2625,2695,1565459,0.013157894736842035
2021-07-28,2685,2710,2610,2640,1585905,-0.020408163265306145
2021-07-29,2645,2805,2625,2630,6469361,-0.0037878787878787845
2021-07-30,2655,2665,2555,2585,1592299,-0.017110266159695797
2021-08-02,2595,2620,2540,2605,853955,0.007736943907156624
2021-08-03,2645,2715,2585,2585,2609933,-0.007677543186180413
2021-08-04,2615,2615,2560,2590,818597,0.0019342359767891004
2021-08-05,2590,2635,2590,2610,778762,0.007722007722007707
2021-08-06,2625,2675,2590,2665,1283074,0.021072796934865856
2021-08-09,2715,2730,2640,2645,1846405,-0.007504690431519689
2021-08-10,2650,2660,2590,2610,983785,-0.013232514177693777
2021-08-11,2650,2650,2560,2565,1109081,-0.017241379310344862
2021-08-12,2580,2605,2510,2520,762349,-0.01754385964912286
2021-08-13,2525,2575,2440,2570,1653249,0.01984126984126977
2021-08-17,2590,2590,2485,2510,1059512,-0.023346303501945553
2021-08-18,2485,2555,2485,2510,683660,0.0
2021-08-19,2465,2530,2355,2355,1280778,-0.06175298804780871
2021-08-20,2365,2395,2245,2250,1154312,-0.04458598726114649
2021-08-23,2250,2315,2205,2285,970884,0.015555555555555545
2021-08-24,2305,2380,2305,2360,903072,0.03282275711159732
2021-08-25,2360,2370,2320,2355,453362,-0.0021186440677966045
2021-08-26,2360,2495,2360,2425,1005642,0.02972399150743099
2021-08-27,2400,2435,2390,2420,403440,-0.0020618556701030855
2021-08-30,2430,2450,2405,2420,526470,0.0
2021-08-31,2425,2425,2390,2405,419656,-0.006198347107438051
2021-09-01,2400,2465,2390,2450,487881,0.018711018711018657
2021-09-02,2450,2470,2415,2455,378193,0.0020408163265306367
2021-09-03,2450,2490,2430,2485,426410,0.012219959266802416
2021-09-06,2465,2495,2455,2490,351201,0.002012072434607548
2021-09-07,2490,2495,2465,2495,279941,0.002008032128514081
2021-09-08,2485,2510,2465,2500,516232,0.002004008016031955
2021-09-09,2480,2545,2475,2495,458696,-0.0020000000000000018
2021-09-10,2480,2550,2470,2550,764647,0.022044088176352616
2021-09-13,2550,2550,2450,2485,468774,-0.025490196078431393
2021-09-14,2475,2510,2450,2495,454361,0.004024144869215318
2021-09-15,2495,2560,2470,2515,599127,0.008016032064128265
2021-09-16,2525,2540,2485,2500,468458,-0.005964214711729587
2021-09-17,2500,2535,2480,2510,321279,0.0040000000000000036
2021-09-23,2485,2510,2445,2450,431661,-0.0239043824701195
2021-09-24,2470,2500,2425,2440,508743,-0.004081632653061273
2021-09-27,2445,2455,2410,2455,425746,0.006147540983606481
2021-09-28,2460,2460,2405,2435,560012,-0.008146639511201648
2021-09-29,2390,2510,2380,2450,910038,0.006160164271047153
2021-09-30,2430,2510,2430,2475,381251,0.010204081632652962
2021-10-01,2475,2475,2390,2395,549708,-0.03232323232323231
2021-10-05,2365,2365,2260,2290,679194,-0.04384133611691021
2021-10-06,2295,2340,2180,2190,794963,-0.04366812227074235
2021-10-07,2190,2250,2190,2245,488548,0.02511415525114158
2021-10-08,2250,2265,2225,2240,372579,-0.00222717149220486
2021-10-12,2240,2240,2165,2190,297492,-0.022321428571428603
2021-10-13,2175,2245,2175,2235,169919,0.020547945205479534
2021-10-14,2245,2305,2240,2300,345933,0.029082774049216997
2021-10-15,2305,2320,2265,2305,303187,0.0021739130434783593
2021-10-18,2325,2375,2305,2345,411955,0.017353579175704903
2021-10-19,2350,2360,2290,2340,272021,-0.002132196162046962
2021-10-20,2325,2370,2305,2330,312619,-0.004273504273504258
2021-10-21,2335,2340,2295,2320,196943,-0.0042918454935622075
2021-10-22,2320,2375,2315,2350,394573,0.012931034482758674
2021-10-25,2370,2375,2345,2370,204887,0.008510638297872353
2021-10-26,2365,2400,2365,2385,323173,0.006329113924050667
2021-10-27,2385,2425,2370,2390,289292,0.002096436058700135
2021-10-28,2390,2410,2330,2335,371057,-0.023012552301255207
2021-10-29,2350,2355,2295,2315,341067,-0.008565310492505307
2021-11-01,2315,2320,2280,2300,199282,-0.006479481641468721
2021-11-02,2300,2345,2300,2325,288820,0.010869565217391353
2021-11-03,2325,2335,2300,2310,228487,-0.006451612903225823
2021-11-04,2320,2395,2320,2370,541753,0.025974025974025983
2021-11-05,2365,2370,2295,2315,461766,-0.02320675105485237
2021-11-08,2315,2330,2280,2325,270027,0.004319654427645814
2021-11-09,2330,2345,2315,2345,221959,0.008602150537634357
2021-11-10,2345,2345,2295,2320,504509,-0.010660980810234588
2021-11-11,2315,2335,2300,2335,311103,0.006465517241379226
2021-11-12,2350,2350,2305,2320,351802,-0.0064239828693790635
2021-11-15,2325,2330,2295,2305,253202,-0.006465517241379337
2021-11-16,2300,2310,2205,2220,702253,-0.03687635574837311
2021-11-17,2220,2225,2180,2205,365257,-0.006756756756756799
2021-11-18,2195,2200,2155,2175,448139,-0.013605442176870763
2021-11-19,2180,2215,2140,2215,237231,0.01839080459770126
2021-11-22,2190,2235,2190,2215,529202,0.0
2021-11-23,2235,2255,2215,2215,297529,0.0
2021-11-24,2210,2225,2180,2205,330922,-0.004514672686230292
2021-11-25,2205,2205,2180,2205,176118,0.0
2021-11-26,2195,2210,2145,2150,756157,-0.024943310657596363
2021-11-29,2075,2120,2060,2075,323087,-0.03488372093023251
2021-11-30,2075,2105,1995,2010,826536,-0.031325301204819245
2021-12-01,1990,2100,1990,2100,694454,0.04477611940298498
2021-12-02,2070,2120,2045,2120,483369,0.00952380952380949
2021-12-03,2125,2165,2115,2125,545114,0.002358490566037652
2021-12-06,2120,2150,2085,2145,314304,0.009411764705882453
2021-12-07,2155,2185,2145,2175,327099,0.013986013986013957
2021-12-08,2180,2200,2155,2165,422202,-0.0045977011494252595
2021-12-09,2165,2200,2160,2170,446525,0.002309468822170979
2021-12-10,2160,2180,2150,2160,229121,-0.004608294930875556
2021-12-13,2165,2175,2145,2155,133474,-0.0023148148148147696
2021-12-14,2160,2165,2130,2150,186577,-0.002320185614849146
2021-12-15,2150,2180,2135,2180,346622,0.013953488372093092
2021-12-16,2175,2185,2150,2165,359676,-0.006880733944954143
2021-12-17,2150,2165,2145,2150,385280,-0.006928406466512715
2021-12-20,2130,2130,2065,2075,541189,-0.03488372093023251
2021-12-21,2070,2090,2055,2075,174418,0.0
2021-12-22,2095,2095,2055,2090,309036,0.0072289156626506035
2021-12-23,2075,2110,2055,2110,223100,0.009569377990430672
2021-12-24,2100,2115,2090,2105,456594,-0.0023696682464454666
2021-12-27,2090,2120,2080,2105,215365,0.0
2021-12-28,2100,2130,2080,2110,802975,0.002375296912114022
2021-12-29,2115,2145,2100,2135,1137254,0.011848341232227444
2021-12-30,2125,2140,2105,2115,224006,-0.00936768149882905
2022-01-03,2125,2135,2110,2135,320763,0.009456264775413725
2022-01-04,2130,2180,2130,2180,455336,0.021077283372365363
2022-01-05,2160,2190,2155,2185,263148,0.002293577981651307
2022-01-06,2150,2205,2145,2205,616349,0.009153318077803174
2022-01-07,2205,2220,2190,2220,177401,0.006802721088435382
2022-01-10,2220,2225,2185,2200,266946,-0.009009009009009028
2022-01-11,2190,2205,2145,2180,376093,-0.009090909090909038
2022-01-12,2175,2200,2175,2200,149695,0.00917431192660545
2022-01-13,2205,2205,2175,2185,115911,-0.006818181818181834
2022-01-14,2160,2195,2150,2175,135623,-0.004576659038901587
2022-01-17,2175,2175,2125,2150,391928,-0.011494252873563204
2022-01-18,2145,2170,2125,2140,214063,-0.0046511627906976605
2022-01-19,2110,2140,2095,2130,202549,-0.004672897196261627
2022-01-20,2105,2145,2105,2145,121631,0.007042253521126751
2022-01-21,2135,2150,2120,2140,199241,-0.002331002331002363
2022-01-24,2115,2295,2115,2135,2131821,-0.002336448598130869
2022-01-25,2135,2135,2020,2045,870230,-0.042154566744730726
2022-01-26,2015,2070,2015,2065,273931,0.009779951100244544
2022-01-27,2050,2065,1975,1980,679825,-0.041162227602905554
2022-01-28,1975,2030,1950,2030,209773,0.025252525252525304
2022-02-03,2055,2095,2035,2095,191966,0.03201970443349755
2022-02-04,2085,2145,2075,2145,340535,0.023866348448687402
2022-02-07,2145,2175,2125,2165,297418,0.00932400932400923
2022-02-08,2160,2195,2140,2155,444364,-0.004618937644341847
2022-02-09,2160,2215,2155,2200,425266,0.02088167053364276
2022-02-10,2205,2205,2175,2185,169935,-0.006818181818181834
2022-02-11,2175,2220,2160,2195,1369604,0.004576659038901587
2022-02-14,2185,2195,2130,2165,454614,-0.013667425968109326
2022-02-15,2165,2195,2100,2115,483889,-0.023094688221709014
2022-02-16,2135,2170,2120,2155,450822,0.01891252955082745
2022-02-17,2170,2175,2105,2150,573325,-0.002320185614849146
2022-02-18,2105,2170,2105,2160,208144,0.0046511627906977715
2022-02-21,2135,2170,2120,2160,171624,0.0
2022-02-22,2120,2150,2100,2115,252342,-0.02083333333333337
2022-02-23,2125,2185,2120,2175,368039,0.028368794326241176
2022-02-24,2155,2165,2100,2105,394010,-0.03218390804597704
2022-02-25,2140,2165,2135,2165,273986,0.028503562945368266
2022-02-28,2160,2165,2135,2155,145679,-0.004618937644341847
2022-03-02,2175,2260,2150,2225,1531155,0.03248259860788871
2022-03-03,2230,2235,2200,2220,331657,-0.0022471910112359383
2022-03-04,2210,2235,2185,2210,370947,-0.0045045045045044585
2022-03-07,2195,2200,2140,2160,340195,-0.022624434389140302
2022-03-08,2140,2140,2090,2110,398483,-0.02314814814814814
2022-03-10,2140,2150,2095,2120,290212,0.004739336492890933
2022-03-11,2100,2115,2070,2090,313276,-0.014150943396226467
2022-03-14,2080,2100,2060,2085,315302,-0.0023923444976076125
2022-03-15,2085,2105,2075,2075,157974,-0.004796163069544335
2022-03-16,2085,2110,2080,2110,147868,0.01686746987951815
2022-03-17,2115,2145,2115,2135,290255,0.011848341232227444
2022-03-18,2135,2145,2120,2140,136505,0.0023419203747072626
2022-03-21,2140,2230,2140,2230,1071962,0.0420560747663552
2022-03-22,2220,2300,2215,2275,1816829,0.020179372197309364
2022-03-23,2280,2280,2235,2255,550350,-0.00879120879120876
2022-03-24,2290,2360,2260,2305,3181735,0.022172949002217335
2022-03-25,2315,2325,2270,2280,596738,-0.010845986984815648
2022-03-28,2295,2330,2280,2310,360928,0.013157894736842035
2022-03-29,2295,2305,2235,2285,456641,-0.010822510822510845
2022-03-30,2290,2290,2245,2270,373329,-0.006564551422319487
2022-03-31,2280,2420,2255,2310,3103527,0.017621145374449254
2022-04-01,2300,2380,2290,2340,1258196,0.01298701298701288
2022-04-04,2340,2350,2310,2325,378480,-0.0064102564102563875
2022-04-05,2335,2335,2310,2325,236302,0.0
2022-04-06,2325,2365,2310,2340,728326,0.006451612903225712
2022-04-07,2320,2330,2260,2275,413258,-0.02777777777777779
2022-04-08,2275,2295,2240,2265,284317,-0.00439560439560438
2022-04-11,2275,2315,2260,2305,344746,0.017660044150110465
2022-04-12,2275,2290,2240,2275,238471,-0.013015184381778733
2022-04-13,2295,2365,2285,2340,1042691,0.02857142857142847
2022-04-14,2365,2375,2320,2360,575350,0.008547008547008517
2022-04-15,2350,2395,2330,2390,1394421,0.012711864406779627
2022-04-18,2420,2555,2410,2460,8011509,0.029288702928870203
2022-04-19,2525,2620,2430,2595,6830417,0.054878048780487854
2022-04-20,2585,2585,2480,2480,2116628,-0.044315992292870865
2022-04-21,2500,2540,2460,2520,1094065,0.016129032258064502
2022-04-22,2500,2610,2455,2555,2309178,0.01388888888888884
2022-04-25,2540,2690,2535,2605,5110398,0.019569471624266255
2022-04-26,2610,3385,2535,3385,52669083,0.29942418426103656
2022-04-27,3635,3710,2910,2930,52111442,-0.13441654357459376
2022-04-28,2960,3075,2745,2830,24765373,-0.03412969283276446
2022-04-29,2755,2840,2685,2690,6503590,-0.04946996466431097
2022-05-02,2720,2920,2720,2805,15670808,0.04275092936802971
2022-05-03,2930,2940,2720,2745,6584992,-0.021390374331550777
2022-05-04,2710,2735,2585,2630,4353350,-0.041894353369763215
2022-05-06,2580,2660,2500,2505,3080489,-0.04752851711026618
2022-05-09,2510,2610,2430,2475,2966577,-0.0119760479041916
2022-05-10,2495,2565,2400,2440,3286734,-0.014141414141414121
2022-05-11,2475,2495,2375,2435,1601528,-0.002049180327868827
2022-05-12,2435,2445,2300,2330,2334071,-0.043121149897330624
2022-05-13,2365,2395,2300,2385,1490976,0.023605150214592197
2022-05-16,2410,2555,2410,2510,6150895,0.052410901467505155
2022-05-17,2505,2540,2385,2440,2526141,-0.027888446215139417
2022-05-18,2425,2640,2410,2595,8482336,0.06352459016393452
2022-05-19,2700,2820,2565,2610,14451656,0.005780346820809301
2022-05-20,2615,2860,2560,2730,24543896,0.04597701149425282
2022-05-23,2785,2790,2635,2710,8084258,-0.0073260073260073
2022-05-24,2670,2840,2635,2655,9371359,-0.020295202952029467
2022-05-25,2695,2745,2590,2590,4781045,-0.024482109227871973
2022-05-26,2575,2610,2470,2500,2782192,-0.03474903474903479
2022-05-27,2650,2995,2615,2855,65228557,0.1419999999999999
2022-05-30,2770,2850,2750,2785,7813900,-0.024518388791593737
2022-05-31,2825,2855,2635,2670,7667567,-0.04129263913824055
2022-06-02,2685,2740,2560,2620,5819649,-0.01872659176029967
2022-06-03,2620,2635,2550,2560,2253123,-0.022900763358778664
2022-06-07,2560,2615,2545,2555,1901434,-0.001953125
2022-06-08,2550,2675,2500,2585,4896055,0.011741682974559797
2022-06-09,2620,2625,2510,2530,1820703,-0.021276595744680882
2022-06-10,2500,2590,2450,2450,1942986,-0.031620553359683834
2022-06-13,2400,2555,2365,2495,4347519,0.01836734693877551
2022-06-14,2435,2495,2325,2455,3115578,-0.01603206412825653
2022-06-15,2475,2540,2320,2335,3547729,-0.048879837067209775
2022-06-16,2335,2515,2310,2340,4303455,0.0021413276231263545
2022-06-17,2370,2395,2250,2260,2155339,-0.03418803418803418
2022-06-20,2275,2280,2110,2125,1962816,-0.05973451327433632
2022-06-21,2125,2190,2125,2180,1381886,0.025882352941176467
2022-06-22,2180,2235,2045,2055,1922836,-0.05733944954128445
2022-06-23,2040,2065,1875,1880,3510201,-0.08515815085158152
2022-06-24,1860,1970,1860,1925,1492762,0.02393617021276606
2022-06-27,1980,2065,1980,2045,1462204,0.06233766233766236
2022-06-28,2050,2075,2005,2055,826252,0.004889975550122161
2022-06-29,2025,2055,2010,2050,694954,-0.0024330900243308973
2022-06-30,2080,2080,1970,1980,955161,-0.034146341463414664
2022-07-01,1965,1995,1860,1880,1892238,-0.0505050505050505
2022-07-04,1880,1925,1805,1850,894593,-0.015957446808510634
2022-07-05,1855,1960,1855,1935,815114,0.04594594594594592
2022-07-06,1930,1955,1865,1890,921087,-0.023255813953488413
2022-07-07,1935,1950,1910,1915,647905,0.013227513227513255
2022-07-08,1950,1990,1935,1965,788930,0.02610966057441244
2022-07-11,1970,2000,1945,1990,519986,0.012722646310432628
2022-07-12,1980,1985,1890,1895,736656,-0.047738693467336724
2022-07-13,1890,2005,1855,1915,1777653,0.01055408970976246
2022-07-14,1905,1935,1890,1900,542242,-0.007832898172323799
2022-07-15,1900,1905,1830,1860,678561,-0.021052631578947323
2022-07-18,1870,1930,1860,1930,689314,0.037634408602150504
2022-07-19,1915,1925,1885,1915,358918,-0.007772020725388629
2022-07-20,1935,1960,1905,1905,691703,-0.005221932114882533
2022-07-21,1910,1925,1895,1915,291896,0.005249343832020914
2022-07-22,1915,1930,1880,1905,840613,-0.005221932114882533
2022-07-25,1900,1965,1895,1920,730483,0.007874015748031482
2022-07-26,1915,1960,1910,1935,725404,0.0078125
2022-07-27,1930,1950,1920,1925,344922,-0.0051679586563307955
2022-07-28,1945,1950,1900,1905,654245,-0.010389610389610393
2022-07-29,1910,1930,1905,1915,388920,0.005249343832020914
2022-08-01,1925,1930,1905,1925,298974,0.005221932114882533
2022-08-02,1925,1965,1920,1940,1270520,0.007792207792207684
2022-08-03,1935,1980,1925,1965,1192471,0.012886597938144284
2022-08-04,1975,2010,1970,2000,1405497,0.01781170483460559
2022-08-05,2000,2000,1965,1985,562320,-0.007499999999999951
2022-08-08,1975,1980,1950,1960,437480,-0.012594458438287104
2022-08-09,1975,2010,1970,1980,565887,0.010204081632652962
2022-08-10,1980,1985,1955,1955,416469,-0.012626262626262652
2022-08-11,1975,2230,1975,2040,15476237,0.04347826086956519
2022-08-12,2050,2080,2035,2060,1758269,0.009803921568627416
2022-08-16,2070,2070,2020,2025,964085,-0.016990291262135915
2022-08-17,2025,2065,1995,2050,888639,0.012345679012345734
2022-08-18,2040,2065,2020,2055,702457,0.0024390243902439046
2022-08-19,2110,2115,2035,2055,1751354,0.0
2022-08-22,2035,2090,2010,2045,1175975,-0.0048661800486617945
2022-08-23,2045,2085,1990,2015,1231895,-0.014669926650366705
2022-08-24,2025,2030,2000,2020,500151,0.002481389578163684
2022-08-25,2015,2060,2015,2050,678395,0.014851485148514865
2022-08-26,2060,2075,2025,2030,489006,-0.009756097560975618
2022-08-29,1945,1975,1930,1950,718790,-0.039408866995073843
2022-08-30,1950,1985,1940,1960,525267,0.00512820512820511
2022-08-31,1950,1990,1950,1985,302559,0.012755102040816313
2022-09-01,1980,1985,1905,1905,640015,-0.04030226700251893
2022-09-02,1915,1935,1885,1900,478898,-0.002624671916010457
2022-09-05,1880,1905,1880,1880,299731,-0.010526315789473717
2022-09-06,1890,1920,1885,1910,203438,0.015957446808510634
2022-09-07,1910,1910,1855,1855,342896,-0.028795811518324554
2022-09-08,1875,1915,1870,1875,280985,0.010781671159029615
2022-09-13,1890,2010,1890,1960,1323338,0.045333333333333226
2022-09-14,1900,1970,1890,1955,504243,-0.0025510204081632404
2022-09-15,1960,1975,1945,1960,333251,0.002557544757033181
2022-09-16,1955,1965,1920,1940,281847,-0.010204081632653073
2022-09-19,1965,1980,1890,1890,646409,-0.02577319587628868
2022-09-20,1895,1970,1895,1950,513167,0.031746031746031855
2022-09-21,1950,2015,1940,1965,1085255,0.007692307692307665
2022-09-22,1940,2035,1915,1985,2358160,0.010178117048346147
2022-09-23,1995,2005,1870,1890,1243930,-0.04785894206549124
2022-09-26,1840,1870,1730,1745,1280587,-0.07671957671957674
2022-09-27,1715,1770,1670,1705,861423,-0.022922636103151817
2022-09-28,1695,1760,1600,1620,979354,-0.04985337243401755
2022-09-29,1700,1750,1675,1680,688078,0.03703703703703698
2022-09-30,1665,1760,1640,1675,929722,-0.0029761904761904656
2022-10-04,1700,1745,1690,1740,531311,0.0388059701492538
2022-10-05,1760,1770,1710,1725,319352,-0.008620689655172376
2022-10-06,1735,1770,1725,1755,270315,0.017391304347825987
2022-10-07,1755,1765,1730,1750,179733,-0.002849002849002802
2022-10-11,1710,1710,1655,1695,362037,-0.03142857142857147
2022-10-12,1680,1685,1640,1655,358774,-0.02359882005899705
2022-10-13,1650,1655,1560,1565,605644,-0.05438066465256797
2022-10-14,1595,1650,1570,1645,300389,0.051118210862619806
2022-10-17,1595,1660,1590,1660,185467,0.00911854103343468
2022-10-18,1675,1695,1650,1685,278348,0.015060240963855387
2022-10-19,1685,1730,1670,1670,322035,-0.008902077151335286
2022-10-20,1655,1855,1640,1695,5306612,0.014970059880239583
2022-10-21,1710,1710,1645,1645,615953,-0.029498525073746285
2022-10-24,1675,1780,1670,1705,1941624,0.036474164133738496
2022-10-25,1700,1720,1680,1695,319455,-0.0058651026392961825
2022-10-26,1695,1705,1665,1670,274193,-0.014749262536873142
2022-10-27,1670,1715,1670,1710,330687,0.0239520958083832
2022-10-28,1690,1710,1680,1690,178792,-0.011695906432748537
2022-10-31,1715,1725,1710,1720,262946,0.01775147928994092
2022-11-01,1700,1745,1700,1730,302791,0.005813953488372103
2022-11-02,1730,1735,1695,1715,223443,-0.00867052023121384
2022-11-03,1670,1735,1665,1710,372446,-0.002915451895043719
2022-11-04,1695,1735,1690,1725,231861,0.00877192982456143
2022-11-07,1730,1760,1725,1745,274771,0.011594202898550732
2022-11-08,1755,1775,1750,1770,286786,0.014326647564469885
2022-11-09,1770,1795,1760,1780,249458,0.005649717514124353
2022-11-10,1780,1820,1755,1800,523453,0.011235955056179803
2022-11-11,1835,1845,1785,1800,602803,0.0
2022-11-14,1805,1830,1785,1820,354479,0.011111111111111072
2022-11-15,1815,1835,1805,1825,137870,0.0027472527472527375
2022-11-16,1825,1850,1805,1810,475151,-0.008219178082191747
2022-11-17,1805,1810,1770,1775,284524,-0.01933701657458564
2022-11-18,1780,1815,1770,1795,279326,0.011267605633802802
2022-11-21,1795,1800,1745,1760,326809,-0.01949860724233987
2022-11-22,1740,1775,1740,1775,127028,0.008522727272727293
2022-11-23,1785,1810,1775,1790,241750,0.008450704225352101
2022-11-24,1790,1825,1790,1820,213026,0.016759776536312776
2022-11-25,1820,1825,1790,1800,152580,-0.01098901098901095
2022-11-28,1805,1810,1760,1770,245722,-0.01666666666666672
2022-11-29,1755,1800,1755,1800,195052,0.016949152542372836
2022-11-30,1790,1805,1790,1795,122295,-0.002777777777777768
2022-12-01,1810,1825,1795,1820,402170,0.013927576601671321
2022-12-02,1820,1855,1815,1830,277849,0.005494505494505475
2022-12-05,1850,1960,1840,1850,2305279,0.010928961748633892
2022-12-06,1850,1850,1800,1810,393215,-0.021621621621621623
2022-12-07,1795,1825,1790,1790,186718,-0.011049723756906049
2022-12-08,1795,1815,1770,1795,238117,0.0027932960893854997
2022-12-09,1795,1825,1785,1825,175934,0.01671309192200554
2022-12-12,1825,1845,1810,1845,254510,0.010958904109588996
2022-12-13,1845,1855,1835,1845,123201,0.0
2022-12-14,1840,1880,1840,1875,323375,0.016260162601626105
2022-12-15,1875,1880,1845,1860,193940,-0.008000000000000007
2022-12-16,1835,1870,1825,1860,359297,0.0
2022-12-19,1860,1890,1850,1870,281493,0.005376344086021501
2022-12-20,1860,1885,1840,1860,255347,-0.005347593582887722
2022-12-21,1860,1905,1850,1880,366844,0.010752688172043001
2022-12-22,1900,1900,1880,1880,218786,0.0
2022-12-23,1865,1875,1845,1855,462763,-0.013297872340425565
2022-12-26,1860,1865,1810,1810,356232,-0.02425876010781669
2022-12-27,1815,1850,1810,1850,278957,0.022099447513812098
2022-12-28,1845,1855,1825,1850,454729,0.0
2022-12-29,1840,1845,1755,1795,487499,-0.02972972972972976
2023-01-02,1790,1795,1710,1710,456565,-0.0473537604456824
2023-01-03,1705,1735,1645,1715,369461,0.0029239766081872176
2023-01-04,1685,1720,1670,1710,218507,-0.002915451895043719
2023-01-05,1710,1720,1695,1700,301435,-0.005847953216374324
2023-01-06,1690,1750,1690,1725,378627,0.014705882352941124
2023-01-09,1740,1790,1735,1780,246026,0.03188405797101446
2023-01-10,1780,1800,1770,1800,95966,0.011235955056179803
2023-01-11,1805,1840,1800,1835,236017,0.019444444444444375
2023-01-12,1840,1845,1820,1835,95621,0.0
2023-01-13,1840,1845,1820,1835,116742,0.0
2023-01-16,1835,1845,1825,1830,101657,-0.0027247956403270157
2023-01-17,1830,1835,1785,1795,190541,-0.01912568306010931
2023-01-18,1795,1805,1765,1780,193094,-0.00835654596100277
2023-01-19,1755,1795,1755,1780,120987,0.0
2023-01-20,1780,1790,1760,1790,104153,0.00561797752808979
2023-01-25,1800,1819,1798,1805,176300,0.008379888268156499
2023-01-26,1801,1820,1801,1810,283622,0.0027700831024930483
2023-01-27,1816,1826,1813,1822,160157,0.006629834254143541
2023-01-30,1820,1827,1809,1809,320121,-0.007135016465422583
2023-01-31,1805,1819,1780,1802,363177,-0.003869541182974001
2023-02-01,1803,1813,1803,1810,92965,0.004439511653718142
2023-02-02,1819,1835,1815,1832,394468,0.012154696132596676
2023-02-03,1838,1838,1817,1824,147739,-0.004366812227074246
2023-02-06,1825,1833,1812,1827,185457,0.00164473684210531
2023-02-07,1827,1836,1824,1826,280250,-0.0005473453749316182
2023-02-08,1828,1844,1828,1842,234383,0.008762322015334112
2023-02-09,1840,1843,1826,1828,251878,-0.007600434310532034
2023-02-10,1829,1830,1794,1798,322452,-0.01641137855579866
2023-02-13,1798,1827,1796,1815,229373,0.009454949944382562
2023-02-14,1811,1829,1811,1829,200818,0.007713498622589521
2023-02-15,1828,1845,1810,1820,377940,-0.004920721705850228
2023-02-16,1820,1832,1813,1828,233118,0.00439560439560438
2023-02-17,1845,1845,1824,1835,232614,0.003829321663019636
2023-02-20,1835,1892,1831,1879,656092,0.023978201634877294
2023-02-21,1879,1895,1871,1892,428745,0.006918573709419951
2023-02-22,1881,1907,1861,1861,400898,-0.01638477801268501
2023-02-23,1865,1904,1865,1900,333580,0.020956475013433673
2023-02-24,1888,1903,1873,1878,244466,-0.011578947368421022
2023-02-27,1871,1877,1805,1855,224460,-0.012247071352502692
2023-02-28,1850,1869,1849,1852,154842,-0.0016172506738544312
2023-03-02,1850,1860,1814,1821,309752,-0.01673866090712739
2023-03-03,1824,1863,1824,1856,229702,0.019220208676551387
2023-03-06,1864,1887,1838,1883,267395,0.014547413793103425
2023-03-07,1886,1946,1874,1940,683513,0.030270844397238372
2023-03-08,1930,1942,1890,1890,420202,-0.02577319587628868
2023-03-09,1891,1903,1853,1883,312795,-0.0037037037037036535
2023-03-10,1866,1866,1821,1822,376453,-0.032395114179500806
2023-03-13,1811,1834,1765,1832,504295,0.005488474204171201
2023-03-14,1810,1819,1756,1770,447413,-0.03384279475982532
2023-03-15,1782,1812,1782,1801,199023,0.017514124293785294
2023-03-16,1773,1788,1749,1773,331815,-0.015546918378678498
2023-03-17,1798,1812,1779,1812,219975,0.021996615905245376
2023-03-20,1794,1826,1786,1796,131098,-0.008830022075055233
2023-03-21,1796,1799,1768,1787,193541,-0.0050111358574610465
2023-03-22,1791,1816,1767,1772,308989,-0.008393956351426923
2023-03-23,1760,1772,1717,1728,555355,-0.02483069977426633
2023-03-24,1733,1765,1713,1765,164848,0.02141203703703698
2023-03-27,1762,1767,1731,1757,163651,-0.004532577903682666
2023-03-28,1748,1796,1748,1796,319174,0.022196926579396647
2023-03-29,1800,1810,1792,1803,113562,0.0038975501113585054
2023-03-30,1820,1846,1803,1844,284582,0.02273987798114252
2023-03-31,1844,1845,1825,1841,111470,-0.0016268980477223138
2023-04-03,1846,1867,1833,1856,165725,0.008147745790331395
2023-04-04,1856,1866,1848,1854,253682,-0.0010775862068965747
2023-04-05,1854,1860,1836,1836,148601,-0.009708737864077666
2023-04-06,1835,1835,1787,1795,219744,-0.022331154684095855
2023-04-07,1796,1815,1790,1814,165430,0.010584958217270124
2023-04-10,1805,1806,1768,1789,279785,-0.013781697905181911
2023-04-11,1769,1802,1767,1798,187008,0.005030743432084872
2023-04-12,1793,1811,1775,1808,214616,0.005561735261401468
2023-04-13,1810,1815,1780,1810,273494,0.0011061946902655162
2023-04-14,1806,1820,1800,1813,208927,0.0016574585635358297
2023-04-17,1813,1813,1788,1808,203792,-0.0027578599007170856
2023-04-18,1800,1818,1779,1816,287774,0.004424778761061843
2023-04-19,1815,1840,1801,1833,212444,0.009361233480176256
2023-04-20,1833,1881,1819,1867,685391,0.018548827059465367
2023-04-21,1866,1894,1825,1833,979114,-0.01821103374397426
2023-04-24,1845,1850,1781,1801,485428,-0.017457719585379117
2023-04-25,1794,1813,1773,1796,312722,-0.0027762354247640175
2023-04-26,1795,1832,1776,1828,443716,0.017817371937639104
2023-04-27,1833,1839,1804,1817,332139,-0.006017505470459539
2023-04-28,1823,1826,1797,1819,297731,0.0011007154650521933
2023-05-02,1820,1872,1819,1847,579068,0.015393073117097256
2023-05-03,1838,1859,1833,1854,342701,0.0037899296155927686
2023-05-04,1845,1855,1818,1834,269835,-0.010787486515641875
2023-05-08,1840,1905,1835,1884,771747,0.0272628135223556
2023-05-09,1886,1892,1865,1877,281402,-0.0037154989384289294
2023-05-10,1878,1893,1841,1853,371631,-0.012786361214704334
2023-05-11,1862,1940,1862,1877,1135770,0.012951969778737249
2023-05-12,1897,1928,1851,1922,657039,0.023974427277570598
2023-05-15,1955,1970,1890,1903,2083242,-0.009885535900104103
2023-05-16,1912,1935,1869,1915,1476033,0.006305832895428187
2023-05-17,1920,1932,1886,1895,685672,-0.010443864229765065
2023-05-18,1900,1900,1865,1883,302008,-0.006332453825857565
2023-05-19,1885,1905,1876,1905,391168,0.011683483802442884
2023-05-22,1924,2030,1923,2010,4477485,0.055118110236220375
2023-05-23,1990,2005,1943,1950,1792649,-0.02985074626865669
2023-05-24,1943,2025,1925,1990,1892979,0.02051282051282044
2023-05-25,1980,1988,1944,1953,758875,-0.01859296482412065
2023-05-26,1954,1956,1900,1909,607585,-0.022529441884280632
2023-05-30,1910,1915,1850,1873,739437,-0.018858040859088487
2023-05-31,1873,1887,1857,1871,284573,-0.0010678056593700358
2023-06-01,1871,1876,1857,1876,172581,0.0026723677177979965
2023-06-02,1871,1900,1866,1885,246171,0.00479744136460547
2023-06-05,1879,1904,1875,1902,299257,0.009018567639257347
2023-06-07,1902,1997,1902,1967,1610399,0.034174553101997907
2023-06-08,1967,1975,1950,1967,468428,0.0
2023-06-09,1959,1997,1955,1964,825945,-0.0015251652262328053
2023-06-12,1987,2020,1973,1988,1174060,0.012219959266802416
2023-06-13,2015,2025,1979,1994,881968,0.003018108651911433
2023-06-14,1996,2075,1954,2020,1837431,0.013039117352056095
2023-06-15,2030,2115,2000,2095,3515595,0.03712871287128716
2023-06-16,2100,2125,2065,2085,1761428,-0.004773269689737458
2023-06-19,2095,2110,2050,2080,1017650,-0.0023980815347721673
2023-06-20,2070,2075,1999,2015,715687,-0.03125
2023-06-21,2005,2035,1983,2020,532436,0.002481389578163684
2023-06-22,2020,2090,2005,2055,691068,0.017326732673267342
2023-06-23,2050,2050,1993,2020,568011,-0.01703163017031628
2023-06-26,2000,2040,1980,2020,317260,0.0
2023-06-27,2015,2025,1992,2010,346702,-0.004950495049504955
2023-06-28,2015,2050,2000,2030,523907,0.00995024875621886
2023-06-29,2030,2040,1862,1946,996107,-0.04137931034482756
2023-06-30,1955,1961,1900,1950,300199,0.0020554984583760483
2023-07-03,1951,1968,1919,1949,369005,-0.0005128205128205332
2023-07-04,1952,1952,1918,1949,257596,0.0
2023-07-05,1949,1980,1926,1928,440340,-0.010774756285274467
2023-07-06,1926,1928,1870,1897,476847,-0.016078838174273913
2023-07-07,1870,1895,1855,1895,272785,-0.0010542962572482883
2023-07-10,1892,1892,1837,1859,339251,-0.018997361477572583
2023-07-11,1855,1857,1797,1805,705183,-0.029047875201721363
2023-07-12,1813,1824,1800,1824,189258,0.010526315789473717
2023-07-13,1824,1850,1820,1850,188275,0.014254385964912242
2023-07-14,1850,1853,1809,1838,305718,-0.006486486486486531
2023-07-17,1837,1841,1811,1841,277124,0.0016322089227420733
2023-07-18,1844,1898,1831,1865,537088,0.0130363932645301
2023-07-19,1857,1864,1820,1837,272063,-0.01501340482573732
2023-07-20,1836,1850,1820,1836,188930,-0.0005443658138268859
2023-07-21,1823,1850,1817,1824,177953,-0.006535947712418277
2023-07-24,1811,1816,1757,1766,448839,-0.0317982456140351
2023-07-25,1766,1766,1729,1735,409097,-0.017553793884484747
2023-07-26,1710,1725,1625,1654,776649,-0.046685878962536065
2023-07-27,1654,1709,1650,1701,124948,0.02841596130592494
2023-07-28,1690,1765,1689,1764,236497,0.03703703703703698
2023-07-31,1760,1778,1759,1774,171099,0.005668934240362855
2023-08-01,1761,1773,1741,1762,122536,-0.006764374295377684
2023-08-02,1762,1762,1736,1746,180027,-0.009080590238365494
2023-08-03,1730,1739,1708,1729,245540,-0.009736540664375681
2023-08-04,1725,1743,1712,1740,83938,0.0063620589936379535
2023-08-07,1741,1780,1735,1777,215369,0.021264367816091978
2023-08-08,1777,1780,1747,1759,139654,-0.010129431626336505
2023-08-09,1759,1772,1745,1772,143312,0.007390562819783897
2023-08-10,1769,1798,1763,1795,190460,0.012979683972911937
2023-08-11,1795,1820,1795,1813,190918,0.010027855153203369
2023-08-14,1801,1816,1790,1808,139431,-0.0027578599007170856
2023-08-16,1783,1800,1749,1773,218776,-0.01935840707964598
2023-08-17,1755,1764,1698,1729,186381,-0.0248166948674563
2023-08-18,1688,1745,1687,1740,136414,0.0063620589936379535
2023-08-21,1745,1806,1740,1796,215204,0.03218390804597693
2023-08-22,1808,1944,1802,1869,3073495,0.040645879732739365
2023-08-23,1869,1912,1836,1900,1142335,0.016586409844836725
2023-08-24,1908,1926,1854,1913,1634754,0.006842105263157983
2023-08-25,2035,2050,1884,1963,4713808,0.026136957658128512
2023-08-28,1963,1993,1907,1921,1422616,-0.02139582272032603
2023-08-29,1900,1949,1882,1917,718785,-0.0020822488287350893
2023-08-30,1894,1920,1884,1899,624170,-0.009389671361502372
2023-08-31,1885,1898,1837,1845,716733,-0.028436018957345932
2023-09-01,1820,1844,1815,1830,437751,-0.008130081300813052
2023-09-04,1825,1825,1794,1797,338674,-0.0180327868852459
2023-09-05,1805,1806,1764,1778,315799,-0.01057317751808573
2023-09-06,1765,1786,1761,1777,212127,-0.0005624296962879471
2023-09-07,1779,1780,1755,1762,165317,-0.008441193021947124
2023-09-08,1768,1823,1768,1809,274926,0.026674233825198623
2023-09-11,1812,1821,1794,1805,258974,-0.002211166390270858
2023-09-12,1810,1819,1781,1789,130324,-0.008864265927977844
2023-09-13,1780,1804,1766,1784,104613,-0.0027948574622693734
2023-09-14,1784,1789,1763,1775,258267,-0.005044843049327397
2023-09-15,1775,1790,1767,1770,207291,-0.0028169014084507005
2023-09-18,1773,1773,1699,1700,424002,-0.039548022598870025
2023-09-19,1729,1729,1689,1700,240241,0.0
2023-09-20,1700,1707,1692,1701,117254,0.0005882352941175562
2023-09-21,1698,1701,1658,1664,425582,-0.02175191064079951
2023-09-22,1659,1659,1629,1640,255812,-0.014423076923076872
2023-09-25,1640,1653,1623,1626,152924,-0.008536585365853666
2023-09-26,1626,1642,1598,1608,231469,-0.011070110701106972
2023-09-27,1590,1632,1585,1632,166428,0.014925373134328401
2023-10-04,1630,1633,1590,1610,139642,-0.013480392156862697
2023-10-05,1605,1622,1588,1605,111324,-0.0031055900621117516
2023-10-06,1601,1626,1601,1625,140845,0.012461059190031154
2023-10-10,1624,1658,1618,1631,148959,0.0036923076923076614
2023-10-11,1633,1663,1631,1663,61633,0.019619865113427393
2023-10-12,1660,1663,1645,1657,131369,-0.0036079374624172766
2023-10-13,1657,1704,1652,1684,352463,0.016294508147254083
2023-10-16,1662,1686,1641,1666,121920,-0.0106888361045131
2023-10-17,1665,1673,1648,1658,140640,-0.004801920768307322
2023-10-18,1641,1668,1640,1648,119586,-0.006031363088057851
2023-10-19,1639,1651,1600,1609,127503,-0.023665048543689338
2023-10-20,1591,1609,1567,1584,285616,-0.015537600994406486
2023-10-23,1621,1699,1594,1618,639561,0.02146464646464641
2023-10-24,1625,1629,1571,1624,227919,0.003708281829418958
2023-10-25,1620,1690,1615,1673,586680,0.030172413793103425
2023-10-26,1674,1720,1600,1627,1275554,-0.02749551703526598
2023-10-27,1605,1631,1580,1606,230193,-0.01290719114935468
2023-10-30,1600,1614,1586,1592,131933,-0.008717310087173136
2023-10-31,1602,1608,1536,1550,210891,-0.02638190954773867
2023-11-01,1562,1577,1547,1565,164559,0.00967741935483879
2023-11-02,1569,1609,1569,1598,184900,0.021086261980830745
2023-11-03,1617,1617,1587,1597,146749,-0.0006257822277847547
2023-11-06,1610,1611,1592,1606,380163,0.005635566687539173
2023-11-07,1607,1608,1575,1589,170679,-0.010585305105853093
2023-11-08,1590,1596,1562,1565,230147,-0.015103838892385202
2023-11-09,1566,1610,1545,1570,233437,0.0031948881789136685
2023-11-10,1575,1575,1535,1560,218299,-0.006369426751592355
2023-11-13,1560,1562,1531,1538,172629,-0.014102564102564052
2023-11-14,1538,1554,1538,1543,121689,0.0032509752925877766
2023-11-15,1547,1578,1538,1568,269237,0.01620220349967605
2023-11-16,1568,1568,1552,1567,88064,-0.0006377551020407823
2023-11-17,1567,1569,1539,1547,188095,-0.012763241863433361
2023-11-20,1539,1558,1537,1551,56799,0.0025856496444731647
2023-11-21,1552,1584,1552,1572,221481,0.013539651837524147
2023-11-22,1572,1579,1550,1566,91135,-0.003816793893129722
2023-11-23,1566,1567,1530,1546,269510,-0.012771392081736943
2023-11-24,1546,1580,1536,1568,251872,0.014230271668822736
2023-11-27,1600,1601,1540,1550,434769,-0.011479591836734748
2023-11-28,1544,1558,1538,1551,126775,0.00064516129032266
2023-11-29,1551,1566,1540,1540,127160,-0.007092198581560294
2023-11-30,1540,1545,1525,1538,253937,-0.0012987012987012436
2023-12-01,1535,1540,1524,1529,118637,-0.0058517555266579535
2023-12-04,1537,1537,1515,1517,215779,-0.007848266841072649
2023-12-05,1516,1526,1510,1514,135124,-0.0019775873434410007
2023-12-06,1516,1524,1500,1524,183420,0.006605019815059343
2023-12-07,1516,1528,1500,1528,154820,0.002624671916010568
2023-12-08,1528,1538,1521,1533,126649,0.00327225130890052
2023-12-11,1540,1540,1522,1531,94860,-0.001304631441617743
2023-12-12,1532,1532,1520,1520,96603,-0.007184846505551956
2023-12-13,1521,1524,1514,1517,81377,-0.0019736842105263497
2023-12-14,1521,1530,1513,1523,89614,0.0039551746868820015
2023-12-15,1523,1526,1514,1519,173352,-0.0026263952724885353
2023-12-18,1520,1529,1511,1519,151462,0.0
2023-12-19,1520,1524,1510,1520,165012,0.0006583278472680476
2023-12-20,1523,1545,1522,1542,260283,0.014473684210526416
2023-12-21,1546,1546,1530,1543,138615,0.0006485084306095956
2023-12-22,1543,1552,1528,1552,204211,0.005832793259883395
2023-12-26,1537,1551,1521,1537,265613,-0.009664948453608213
2023-12-27,1539,1540,1520,1521,104573,-0.010409889394925154
2023-12-28,1521,1531,1517,1528,111121,0.00460223537146609
2024-01-02,1528,1545,1523,1545,78660,0.011125654450261813
2024-01-03,1540,1547,1528,1543,98849,-0.0012944983818770073
2024-01-04,1543,1543,1523,1540,218062,-0.0019442644199610948
2024-01-05,1528,1544,1528,1536,138106,-0.0025974025974025983
2024-01-08,1527,1547,1527,1530,252570,-0.00390625
2024-01-09,1533,1544,1525,1543,244478,0.00849673202614376
2024-01-10,1543,1543,1523,1527,186127,-0.010369410239792654
2024-01-11,1527,1540,1521,1538,139178,0.007203667321545426
2024-01-12,1540,1541,1516,1523,162572,-0.00975292587776333
2024-01-15,1513,1525,1513,1518,174950,-0.0032829940906106136
2024-01-16,1518,1523,1504,1513,156268,-0.0032938076416337836
2024-01-17,1510,1514,1490,1500,256308,-0.008592200925313986
2024-01-18,1491,1517,1491,1513,55724,0.0086666666666666
2024-01-19,1508,1540,1508,1532,117583,0.012557832121612655
2024-01-22,1529,1531,1508,1512,79351,-0.01305483028720622
2024-01-23,1506,1520,1504,1513,53987,0.000661375661375585
2024-01-24,1512,1516,1503,1505,48410,-0.005287508261731633
2024-01-25,1501,1508,1489,1496,177966,-0.005980066445182675
2024-01-26,1489,1500,1489,1495,72843,-0.0006684491978609097
2024-01-29,1495,1504,1490,1499,59157,0.0026755852842810235
2024-01-30,1499,1504,1495,1504,51267,0.0033355570380253496
2024-01-31,1502,1503,1480,1480,171406,-0.015957446808510634
2024-02-01,1475,1500,1475,1500,113168,0.013513513513513598
2024-02-02,1495,1514,1495,1502,86935,0.0013333333333334085
2024-02-05,1505,1524,1495,1519,227026,0.01131824234354184
2024-02-06,1519,1521,1501,1512,54793,-0.004608294930875556
2024-02-07,1502,1517,1500,1503,58126,-0.005952380952380931
2024-02-08,1505,1510,1495,1506,83850,0.001996007984031989
2024-02-13,1508,1510,1495,1505,52848,-0.0006640106241699861
2024-02-14,1505,1505,1495,1501,244409,-0.0026578073089701393
2024-02-15,1504,1507,1485,1485,251338,-0.01065956029313786
2024-02-16,1493,1499,1478,1485,214179,0.0
2024-02-19,1485,1499,1481,1496,160403,0.007407407407407307
2024-02-20,1495,1495,1483,1494,154825,-0.0013368983957219305
2024-02-21,1491,1494,1477,1482,185312,-0.008032128514056214
2024-02-22,1478,1487,1474,1484,112838,0.0013495276653170407
2024-02-23,1489,1489,1473,1475,130635,-0.0060646900269542
2024-02-26,1474,1480,1459,1463,226048,-0.008135593220338966
2024-02-27,1460,1464,1442,1447,201379,-0.010936431989063577
2024-02-28,1447,1475,1447,1475,96053,0.01935038009675183
2024-02-29,1475,1490,1463,1475,138261,0.0
2024-03-04,1473,1481,1460,1468,71534,-0.004745762711864443
2024-03-05,1460,1468,1453,1464,69673,-0.0027247956403270157
2024-03-06,1463,1463,1447,1449,113455,-0.010245901639344246
2024-03-07,1449,1462,1437,1444,108438,-0.0034506556245686992
2024-03-08,1440,1446,1436,1440,139333,-0.0027700831024930483
2024-03-11,1440,1454,1440,1450,61238,0.00694444444444442
2024-03-12,1444,1475,1444,1464,92775,0.009655172413793212
2024-03-13,1464,1475,1461,1466,80912,0.001366120218579292
2024-03-14,1470,1475,1467,1473,72330,0.004774897680764001
2024-03-15,1473,1474,1468,1471,56776,-0.0013577732518669228
2024-03-18,1471,1480,1471,1478,86734,0.0047586675730795225
2024-03-19,1477,1546,1473,1523,658848,0.030446549391069055
2024-03-20,1523,1533,1500,1501,258263,-0.014445173998686833
2024-03-21,1502,1521,1501,1513,79036,0.00799467021985345
2024-03-22,1515,1520,1503,1520,70293,0.004626569729015095
2024-03-25,1521,1532,1520,1530,160135,0.006578947368421018
2024-03-26,1522,1522,1508,1522,103546,-0.005228758169934622
2024-03-27,1522,1525,1507,1520,64966,-0.0013140604467805073
2024-03-28,1520,1529,1507,1517,215207,-0.0019736842105263497
2024-03-29,1517,1518,1501,1502,93387,-0.009887936717205004
2024-04-01,1505,1518,1504,1518,62207,0.010652463382157196
2024-04-02,1518,1554,1508,1552,289729,0.022397891963109373
2024-04-03,1542,1552,1525,1539,250631,-0.008376288659793785
2024-04-04,1532,1540,1516,1530,119776,-0.005847953216374324
2024-04-05,1512,1531,1512,1529,68638,-0.0006535947712418277
2024-04-08,1529,1531,1500,1511,152584,-0.011772400261608862
2024-04-09,1501,1512,1495,1506,153520,-0.0033090668431502435
2024-04-11,1503,1512,1481,1496,98193,-0.006640106241699861
2024-04-12,1496,1508,1467,1490,75225,-0.004010695187165791
2024-04-15,1467,1500,1460,1496,89250,0.00402684563758382
2024-04-16,1493,1498,1470,1492,80623,-0.002673796791443861
2024-04-17,1472,1501,1472,1488,72455,-0.002680965147453085
2024-04-18,1477,1518,1477,1518,71290,0.02016129032258074
2024-04-19,1503,1514,1474,1477,131570,-0.027009222661396604
2024-04-22,1482,1499,1477,1497,91323,0.01354096140826
2024-04-23,1500,1503,1479,1487,74779,-0.006680026720106924
2024-04-24,1487,1493,1478,1483,92760,-0.0026899798251512896
2024-04-25,1479,1492,1475,1479,75995,-0.0026972353337828547
2024-04-26,1475,1498,1474,1485,42232,0.0040567951318457585
2024-04-29,1485,1487,1470,1473,94463,-0.008080808080808133
2024-04-30,1475,1478,1469,1474,46154,0.0006788866259335169
2024-05-02,1485,1485,1467,1473,39549,-0.0006784260515604323
2024-05-03,1466,1474,1465,1465,69525,-0.005431093007467802
2024-05-07,1465,1470,1449,1458,99465,-0.004778156996587013
2024-05-08,1461,1476,1456,1476,98329,0.012345679012345734
2024-05-09,1463,1479,1463,1469,58379,-0.004742547425474308
2024-05-10,1474,1482,1464,1474,88201,0.0034036759700477592
2024-05-13,1474,1481,1474,1479,47189,0.0033921302578019397
2024-05-14,1481,1484,1465,1472,70452,-0.0047329276538201626
2024-05-16,1477,1485,1469,1470,48892,-0.0013586956521739468
2024-05-17,1471,1494,1471,1492,178050,0.014965986394557929
2024-05-20,1492,1503,1490,1499,105292,0.004691689008042843
2024-05-21,1491,1499,1489,1495,128348,-0.0026684456304202353
2024-05-22,1500,1500,1480,1487,73343,-0.005351170568561825
2024-05-23,1485,1499,1470,1477,104581,-0.00672494956287828
2024-05-24,1470,1509,1470,1492,182217,0.010155721056194889
2024-05-27,1490,1508,1470,1470,131278,-0.014745308310991967
2024-05-28,1466,1650,1465,1510,5194253,0.027210884353741527
2024-05-29,1501,1508,1480,1481,473953,-0.019205298013244998
2024-05-30,1480,1481,1454,1454,280145,-0.0182309250506415
2024-05-31,1450,1463,1449,1452,128780,-0.0013755158184318717
2024-06-03,1454,1480,1454,1470,168695,0.012396694214876103
2024-06-04,1469,1474,1443,1443,146538,-0.01836734693877551
2024-06-05,1443,1455,1429,1436,241031,-0.00485100485100487
2024-06-07,1434,1448,1431,1439,103579,0.002089136490250665
2024-06-10,1429,1479,1424,1473,186230,0.023627519110493322
2024-06-11,1470,1497,1469,1487,223847,0.00950441276306857
2024-06-12,1501,1530,1488,1509,460601,0.01479488903833226
2024-06-13,1518,1591,1479,1495,1433701,-0.009277667329357198
2024-06-14,1530,1588,1496,1556,2641446,0.04080267558528439
2024-06-17,1562,1564,1526,1534,1836565,-0.014138817480719768
2024-06-18,1685,1685,1520,1520,5156094,-0.009126466753585416
2024-06-19,1521,1534,1489,1489,661110,-0.020394736842105243
2024-06-20,1491,1504,1485,1496,327339,0.004701141705842904
2024-06-21,1487,1495,1476,1477,213277,-0.012700534759358284
2024-06-24,1477,1478,1447,1447,252986,-0.02031144211239
2024-06-25,1448,1457,1427,1452,148770,0.003455425017277136
2024-06-26,1450,1470,1435,1460,120295,0.005509641873278293
2024-06-27,1460,1465,1445,1460,76164,0.0
2024-06-28,1465,1473,1456,1461,96565,0.00068493150684934
2024-07-01,1464,1464,1442,1452,121993,-0.006160164271047264
2024-07-02,1448,1455,1433,1439,105062,-0.008953168044077087
2024-07-03,1440,1440,1426,1427,184580,-0.008339124391938846
2024-07-04,1426,1436,1423,1436,82456,0.006306937631394449
2024-07-05,1432,1437,1424,1427,134748,-0.0062674094707521055
2024-07-08,1440,1455,1431,1450,128091,0.016117729502452605
2024-07-09,1450,1458,1446,1450,44951,0.0
2024-07-10,1450,1460,1442,1457,91364,0.004827586206896495
2024-07-11,1456,1468,1453,1466,101941,0.0061770761839397
2024-07-12,1465,1467,1454,1459,57581,-0.004774897680764001
2024-07-15,1459,1477,1445,1477,104206,0.012337217272104128
2024-07-16,1475,1475,1450,1467,75364,-0.00677048070413
2024-07-17,1464,1467,1449,1455,78528,-0.008179959100204526
2024-07-18,1445,1453,1424,1428,150922,-0.01855670103092788
2024-07-19,1430,1443,1418,1443,124481,0.010504201680672232
2024-07-22,1427,1438,1412,1426,99395,-0.011781011781011763
2024-07-23,1425,1439,1416,1433,155883,0.004908835904628317
2024-07-24,1423,1452,1423,1441,100467,0.005582693649685888
2024-07-25,1435,1435,1407,1434,179394,-0.004857737682165131
2024-07-26,1425,1433,1338,1429,194564,-0.0034867503486750717
2024-07-29,1420,1430,1410,1410,87742,-0.013296011196641033
2024-07-30,1410,1410,1368,1380,166585,-0.021276595744680882
2024-07-31,1380,1385,1360,1376,153660,-0.0028985507246376274
2024-08-01,1370,1387,1370,1376,39680,0.0
2024-08-02,1365,1367,1313,1332,218435,-0.03197674418604646
2024-08-05,1315,1329,1137,1199,530564,-0.0998498498498499
2024-08-06,1147,1242,1147,1225,374269,0.021684737281067568
2024-08-07,1203,1276,1203,1269,242186,0.03591836734693876
2024-08-08,1253,1260,1235,1250,87003,-0.014972419227738398
2024-08-09,1250,1282,1250,1277,53904,0.021600000000000064
2024-08-12,1279,1281,1260,1272,112230,-0.003915426781519238
2024-08-13,1270,1280,1255,1264,91891,-0.0062893081761006275
2024-08-14,1270,1290,1267,1290,240985,0.020569620253164667
2024-08-16,1330,1330,1301,1318,296988,0.02170542635658923
2024-08-19,1320,1322,1304,1312,84209,-0.004552352048558417
2024-08-20,1302,1330,1302,1322,127810,0.007621951219512146
2024-08-21,1312,1328,1303,1323,59526,0.0007564296520423675
2024-08-22,1323,1323,1304,1317,48308,-0.0045351473922902175
2024-08-23,1304,1314,1300,1308,55360,-0.006833712984054663
2024-08-26,1303,1307,1293,1306,43176,-0.001529051987767538
2024-08-27,1302,1338,1302,1338,111238,0.02450229709035212
2024-08-28,1334,1339,1312,1316,93958,-0.01644245142002987
2024-08-29,1314,1324,1302,1320,63575,0.003039513677811634
2024-08-30,1320,1328,1314,1328,47398,0.0060606060606061
2024-09-02,1327,1340,1323,1332,125589,0.003012048192771122
2024-09-03,1331,1339,1325,1327,60924,-0.0037537537537537524
2024-09-04,1307,1308,1287,1289,104743,-0.028636021100226117
2024-09-05,1289,1304,1274,1288,60541,-0.0007757951900698723
2024-09-06,1273,1290,1256,1264,62688,-0.018633540372670843
2024-09-09,1222,1264,1213,1260,75496,-0.0031645569620253333
2024-09-10,1263,1263,1239,1259,65232,-0.0007936507936507908
2024-09-11,1248,1281,1244,1276,84447,0.01350277998411431
2024-09-12,1279,1327,1278,1322,117546,0.036050156739811934
2024-09-13,1322,1336,1313,1333,60765,0.008320726172466042
2024-09-19,1333,1342,1318,1342,134092,0.006751687921980443
2024-09-20,1342,1365,1342,1360,182126,0.013412816691505292
2024-09-23,1356,1367,1350,1356,158051,-0.002941176470588225
2024-09-24,1345,1398,1345,1366,227819,0.007374631268436627
2024-09-25,1367,1382,1357,1375,164296,0.0065885797950220315
2024-09-26,1375,1383,1366,1378,139533,0.0021818181818182847
2024-09-27,1379,1392,1362,1377,103509,-0.0007256894049346707
2024-09-30,1375,1391,1346,1363,50159,-0.010167029774872938
2024-10-02,1349,1358,1339,1340,64672,-0.01687454145267797
2024-10-04,1340,1357,1333,1354,29068,0.010447761194029903
2024-10-07,1353,1369,1346,1369,32777,0.01107828655834564
2024-10-08,1355,1370,1350,1368,73577,-0.0007304601899196239
2024-10-10,1365,1380,1340,1359,60328,-0.006578947368421018
2024-10-11,1359,1368,1348,1354,53261,-0.00367917586460631
2024-10-14,1354,1370,1350,1353,62158,-0.0007385524372230945
2024-10-15,1353,1388,1352,1386,245962,0.024390243902439046
2024-10-16,1380,1397,1370,1397,98290,0.007936507936507908
2024-10-17,1383,1403,1383,1396,81010,-0.0007158196134574579
2024-10-18,1388,1402,1384,1400,50786,0.002865329512893977
2024-10-21,1385,1400,1385,1397,21907,-0.002142857142857113
2024-10-22,1394,1398,1382,1394,32498,-0.0021474588403722628
2024-10-23,1386,1405,1379,1403,131770,0.0064562410329984665
2024-10-24,1388,1402,1388,1396,26475,-0.0049893086243762985
2024-10-25,1384,1400,1378,1400,46433,0.002865329512893977
2024-10-28,1395,1411,1344,1405,96750,0.0035714285714285587
2024-10-29,1390,1405,1385,1400,39562,-0.003558718861209953
2024-10-30,1390,1413,1385,1397,48923,-0.002142857142857113
2024-10-31,1397,1472,1365,1404,1191771,0.005010737294201872
2024-11-01,1398,1402,1377,1395,55122,-0.0064102564102563875
2024-11-04,1391,1409,1388,1407,92244,0.008602150537634357
2024-11-05,1408,1423,1384,1423,69428,0.011371712864250094
2024-11-06,1410,1433,1390,1411,181526,-0.008432888264230498
2024-11-07,1399,1410,1391,1403,29123,-0.00566973777462787
2024-11-08,1401,1418,1385,1403,32132,0.0
2024-11-11,1400,1400,1376,1399,58582,-0.0028510334996436626
2024-11-12,1383,1391,1331,1337,112283,-0.044317369549678354
2024-11-13,1330,1347,1280,1291,263347,-0.03440538519072556
2024-11-14,1278,1308,1267,1306,218788,0.01161890007745936
2024-11-15,1294,1330,1284,1330,128021,0.018376722817764257
2024-11-18,1316,1335,1308,1322,64751,-0.006015037593984918
2024-11-19,1322,1340,1307,1330,41924,0.00605143721633894
2024-11-20,1318,1375,1316,1375,180171,0.03383458646616533
2024-11-21,1371,1371,1338,1360,62699,-0.010909090909090868
2024-11-22,1350,1367,1343,1362,56844,0.0014705882352941124
2024-11-25,1357,1365,1350,1360,59320,-0.001468428781204123
2024-11-26,1355,1364,1331,1339,193779,-0.01544117647058818
2024-11-27,1339,1341,1328,1335,65594,-0.0029873039581777006
2024-11-28,1331,1343,1311,1327,75306,-0.005992509363295873
2024-11-29,1327,1327,1310,1324,28806,-0.0022607385079125297
2024-12-02,1303,1320,1282,1282,127969,-0.031722054380664666
2024-12-03,1260,1319,1260,1319,143360,0.028861154446177872
2024-12-04,1305,1315,1289,1301,43621,-0.013646702047005355
2024-12-05,1300,1311,1279,1295,126014,-0.004611837048424272
2024-12-06,1288,1295,1257,1262,100320,-0.025482625482625476
2024-12-09,1255,1255,1184,1203,285347,-0.046751188589540416
2024-12-10,1201,1248,1201,1245,100838,0.034912718204488824
2024-12-11,1245,1300,1245,1294,123829,0.03935742971887546
2024-12-12,1282,1303,1278,1288,94293,-0.004636785162287493
2024-12-13,1288,1330,1281,1330,117969,0.032608695652173836
2024-12-16,1323,1338,1315,1320,71711,-0.007518796992481258
2024-12-17,1321,1335,1310,1329,119826,0.006818181818181834
2024-12-18,1314,1329,1312,1320,52912,-0.006772009029345383
2024-12-19,1300,1310,1290,1293,68250,-0.020454545454545503
2024-12-20,1291,1311,1270,1278,75270,-0.011600928074245953
2024-12-23,1282,1298,1282,1290,77880,0.009389671361502261
2024-12-24,1290,1301,1274,1279,232365,-0.00852713178294573
2024-12-26,1280,1300,1278,1290,107392,0.008600469116497367
2024-12-27,1255,1291,1252,1253,86794,-0.028682170542635665
2024-12-30,1265,1265,1242,1249,61160,-0.0031923383878691425
2025-01-02,1249,1265,1244,1258,30968,0.007205764611689425
2025-01-03,1252,1275,1252,1270,38444,0.009538950715421324
2025-01-06,1262,1292,1262,1285,55530,0.011811023622047223
2025-01-07,1285,1296,1276,1280,40958,-0.0038910505836575737
2025-01-08,1274,1285,1268,1273,66718,-0.005468750000000022
2025-01-09,1270,1272,1255,1264,57080,-0.0070699135899450205
2025-01-10,1259,1275,1250,1270,30723,0.004746835443038
2025-01-13,1270,1280,1260,1270,70074,0.0
2025-01-14,1267,1281,1261,1281,41808,0.008661417322834541
2025-01-15,1265,1281,1265,1278,24334,-0.0023419203747072626
2025-01-16,1275,1288,1275,1280,80640,0.0015649452269170805
2025-01-17,1280,1285,1273,1279,25161,-0.0007812499999999556
2025-01-20,1282,1301,1279,1288,41617,0.0070367474589523304
2025-01-21,1287,1297,1282,1290,26527,0.0015527950310558758
2025-01-22,1292,1297,1266,1291,44101,0.0007751937984497026
2025-01-23,1278,1288,1273,1277,47971,-0.010844306738962084
2025-01-24,1276,1287,1271,1277,56551,0.0
2025-01-31,1273,1277,1266,1270,55487,-0.005481597494126911
2025-02-03,1270,1270,1245,1250,107979,-0.015748031496062964
2025-02-04,1250,1272,1250,1268,71011,0.014399999999999968
2025-02-05,1260,1290,1260,1286,72163,0.014195583596214423
2025-02-06,1287,1295,1285,1290,68760,0.0031104199066873672
2025-02-07,1278,1291,1274,1289,54909,-0.0007751937984495916
2025-02-10,1287,1287,1272,1279,21266,-0.007757951900698168
2025-02-11,1277,1285,1269,1285,43454,0.004691164972634887
2025-02-12,1285,1285,1274,1277,47252,-0.006225680933852118
2025-02-13,1277,1293,1270,1277,75835,0.0
2025-02-14,1277,1286,1269,1276,45173,-0.000783085356303892
2025-02-17,1275,1308,1275,1308,122741,0.02507836990595602
2025-02-18,1305,1307,1295,1305,61427,-0.002293577981651418
2025-02-19,1305,1305,1285,1290,167039,-0.011494252873563204
2025-02-20,1293,1296,1290,1295,472969,0.003875968992248069
2025-02-21,1344,1345,1310,1320,612237,0.019305019305019266
2025-02-24,1308,1330,1294,1318,124780,-0.0015151515151514694
2025-02-25,1312,1330,1297,1312,110227,-0.004552352048558417
2025-02-26,1311,1340,1303,1340,220153,0.021341463414634054
2025-02-27,1330,1339,1314,1330,147574,-0.007462686567164201
2025-02-28,1323,1323,1299,1307,96832,-0.017293233082706805
2025-03-04,1303,1308,1290,1306,77931,-0.0007651109410864443
2025-03-05,1294,1313,1290,1310,22920,0.003062787136294043
2025-03-06,1310,1321,1306,1306,35800,-0.003053435114503844
2025-03-07,1318,1318,1292,1298,43930,-0.006125574272588086
2025-03-10,1300,1315,1290,1315,73670,0.013097072419106404
2025-03-11,1315,1318,1306,1315,54231,0.0
2025-03-12,1310,1322,1306,1318,61389,0.0022813688212928174
2025-03-13,1311,1325,1311,1318,33547,0.0
2025-03-14,1318,1326,1315,1323,125468,0.003793626707132125
2025-03-17,1327,1334,1320,1334,108479,0.008314436885865417
2025-03-18,1335,1336,1315,1320,79356,-0.010494752623688153
2025-03-19,1320,1334,1317,1319,57139,-0.0007575757575757347
2025-03-20,1315,1335,1315,1318,18059,-0.0007581501137224889
2025-03-21,1319,1329,1309,1324,59979,0.004552352048558417
2025-03-24,1315,1325,1315,1316,51710,-0.0060422960725075026
2025-03-25,1316,1334,1316,1318,132959,0.001519756838905817
2025-03-26,1315,1323,1312,1312,41497,-0.004552352048558417
2025-03-27,1304,1324,1304,1310,43380,-0.0015243902439023849
2025-03-28,1322,1322,1305,1315,61304,0.003816793893129722
2025-03-31,1308,1314,1297,1309,63432,-0.004562737642585524
2025-04-01,1298,1325,1298,1324,107696,0.011459129106187849
2025-04-02,1324,1342,1316,1337,162273,0.00981873111782483
2025-04-03,1335,1360,1322,1358,220130,0.015706806282722585
2025-04-04,1346,1363,1338,1358,83187,0.0
2025-04-07,1340,1340,1313,1325,89069,-0.024300441826215047
2025-04-08,1338,1359,1320,1350,163972,0.018867924528301883
2025-04-09,1339,1349,1316,1342,78575,-0.00592592592592589
2025-04-10,1349,1395,1344,1395,386543,0.03949329359165432
2025-04-11,1383,1398,1351,1394,204724,-0.0007168458781362519
2025-04-14,1397,1399,1376,1392,145847,-0.0014347202295552641
2025-04-15,1392,1403,1385,1396,102357,0.002873563218390718
2025-04-16,1396,1396,1372,1387,100292,-0.006446991404011504
2025-04-17,1375,1400,1375,1391,95920,0.002883922134102379
2025-04-18,1398,1411,1382,1410,109852,0.013659237958303372
2025-04-21,1411,1442,1405,1429,281976,0.013475177304964614
2025-04-22,1423,1429,1410,1425,241787,-0.002799160251924393
2025-04-23,1426,1444,1426,1434,255081,0.006315789473684275
2025-04-24,1435,1436,1409,1429,208643,-0.0034867503486750717
2025-04-25,1429,1433,1415,1426,66382,-0.0020993701889433503
2025-04-28,1425,1425,1393,1397,134583,-0.020336605890603043
2025-04-29,1397,1418,1397,1418,52463,0.015032211882605617
2025-04-30,1418,1419,1386,1410,54544,-0.005641748942172065
2025-05-02,1405,1425,1400,1420,167706,0.007092198581560183
2025-05-07,1420,1435,1417,1435,139858,0.010563380281690238
2025-05-08,1431,1442,1425,1442,120789,0.004878048780487809
2025-05-09,1442,1442,1427,1440,54485,-0.001386962552011095
2025-05-12,1441,1468,1435,1467,247381,0.018750000000000044
2025-05-13,1470,1503,1465,1503,466962,0.024539877300613577
2025-05-14,1500,1544,1500,1544,440719,0.02727877578176985
2025-05-15,1544,1549,1529,1542,382967,-0.0012953367875647714
2025-05-16,1468,1495,1460,1469,679143,-0.0473411154345007
2025-05-19,1471,1495,1450,1468,265185,-0.000680735194009574
2025-05-20,1468,1473,1430,1447,103650,-0.014305177111716638
2025-05-21,1450,1469,1443,1468,79373,0.014512785072563927
2025-05-22,1469,1473,1445,1464,80375,-0.0027247956403270157
2025-05-23,1456,1467,1440,1450,134271,-0.0095628415300546
2025-05-26,1452,1467,1446,1452,44405,0.0013793103448276334
2025-05-27,1453,1454,1437,1439,75950,-0.008953168044077087
2025-05-28,1455,1458,1435,1450,120261,0.007644197359277349
2025-05-29,1450,1484,1450,1483,216845,0.022758620689655062
2025-05-30,1483,1483,1459,1466,122694,-0.011463250168577188
2025-06-02,1459,1470,1439,1452,119756,-0.009549795361528002
2025-06-04,1452,1493,1452,1491,201079,0.026859504132231482
2025-06-05,1490,1500,1479,1495,188639,0.0026827632461434714
2025-06-09,1496,1512,1493,1505,156039,0.006688963210702337
2025-06-10,1504,1505,1488,1488,282475,-0.011295681063122953
2025-06-11,1490,1496,1479,1488,105444,0.0
2025-06-12,1490,1490,1474,1478,145512,-0.006720430107526876
2025-06-13,1478,1478,1427,1446,312278,-0.021650879566982417
2025-06-16,1446,1475,1429,1475,168662,0.020055325034578075
2025-06-17,1475,1485,1455,1476,183883,0.0006779661016949046
2025-06-18,1474,1474,1458,1465,95759,-0.007452574525745215
2025-06-19,1465,1482,1465,1480,222555,0.010238907849829282
2025-06-20,1481,1507,1470,1507,187278,0.018243243243243334
2025-06-23,1492,1499,1483,1493,155242,-0.00928998009289983
2025-06-24,1493,1501,1489,1500,173551,0.0046885465505692725
2025-06-25,1500,1505,1487,1495,92648,-0.0033333333333332993
2025-06-26,1499,1500,1453,1472,192765,-0.01538461538461533
2025-06-27,1472,1479,1460,1479,175761,0.004755434782608647
2025-06-30,1479,1522,1478,1518,317217,0.026369168356997985
2025-07-01,1518,1551,1513,1541,378293,0.015151515151515138
2025-07-02,1541,1543,1493,1533,124734,-0.005191434133679396
2025-07-03,1535,1549,1524,1529,174417,-0.002609262883235486
2025-07-04,1530,1546,1506,1528,129178,-0.0006540222367560355
2025-07-07,1529,1545,1515,1531,374545,0.0019633507853402676
2025-07-08,1528,1545,1518,1540,132640,0.005878510777269863
2025-07-09,1542,1570,1531,1568,292034,0.018181818181818077
2025-07-10,1570,1576,1553,1575,283677,0.0044642857142858094
2025-07-11,1575,1585,1556,1565,173988,-0.006349206349206327
2025-07-14,1563,1591,1559,1575,324651,0.006389776357827559
2025-07-15,1573,1586,1558,1576,267663,0.0006349206349205438
2025-07-16,1590,1590,1539,1559,147852,-0.010786802030456899
2025-07-17,1554,1558,1528,1556,175986,-0.0019243104554201862
2025-07-18,1546,1552,1520,1547,147268,-0.005784061696658127
2025-07-21,1547,1547,1513,1516,122220,-0.020038784744667137
2025-07-22,1516,1527,1490,1515,130668,-0.0006596306068601399
2025-07-23,1516,1519,1481,1493,197690,-0.014521452145214497
2025-07-24,1493,1507,1469,1483,147791,-0.0066979236436705
2025-07-25,1485,1506,1484,1495,109931,0.008091706001348564
2025-07-28,1495,1505,1467,1491,116661,-0.0026755852842809125
2025-07-29,1491,1514,1474,1508,133079,0.011401743796110031
2025-07-30,1508,1516,1494,1508,207240,0.0
2025-07-31,1512,1535,1504,1508,234197,0.0
2025-08-01,1509,1509,1458,1473,206469,-0.023209549071617985
2025-08-04,1475,1482,1453,1479,146140,0.004073319755600879
2025-08-05,1480,1496,1478,1492,71355,0.008789722785665921
2025-08-06,1480,1527,1477,1527,178068,0.023458445040214437
2025-08-07,1521,1533,1520,1528,97895,0.0006548788474132206
2025-08-08,1530,1537,1515,1530,103708,0.0013089005235602524
2025-08-11,1525,1533,1502,1526,114068,-0.002614379084967311
2025-08-12,1522,1533,1516,1524,66348,-0.001310615989515096
2025-08-13,1524,1563,1524,1554,394204,0.019685039370078705
2025-08-14,1554,1554,1532,1544,121949,-0.006435006435006385
2025-08-18,1540,1540,1498,1499,124050,-0.029145077720207246
2025-08-19,1499,1562,1497,1556,221711,0.038025350233489075
2025-08-20,1554,1572,1530,1570,237535,0.008997429305912519
2025-08-21,1570,1622,1564,1619,597279,0.031210191082802652
2025-08-22,1615,1647,1610,1636,666668,0.01050030883261277
2025-08-25,1632,1645,1616,1632,351304,-0.0024449877750610804
2025-08-26,1631,1637,1609,1627,474718,-0.0030637254901960675
2025-08-27,1612,1625,1585,1605,267258,-0.013521819299323945
2025-08-28,1605,1631,1590,1611,382654,0.0037383177570093906
2025-08-29,1611,1620,1573,1602,193975,-0.005586592178770999
2025-09-01,1600,1605,1564,1567,222916,-0.021847690387016283
2025-09-02,1576,1577,1559,1568,102184,0.0006381620931716903
2025-09-03,1560,1570,1536,1556,108335,-0.007653061224489832
2025-09-04,1556,1570,1541,1570,77897,0.008997429305912519
2025-09-05,1573,1576,1553,1570,66929,0.0
2025-09-08,1566,1567,1538,1551,79772,-0.012101910828025475
2025-09-09,1545,1566,1545,1563,84292,0.007736943907156624
2025-09-10,1563,1573,1553,1570,124482,0.004478566858605149
2025-09-11,1562,1574,1559,1572,45777,0.001273885350318471
2025-09-12,1572,1574,1558,1570,101242,-0.0012722646310432406
2025-09-15,1570,1584,1561,1580,95740,0.006369426751592355
2025-09-16,1581,1581,1555,1570,126257,-0.006329113924050667
2025-09-17,1570,1570,1549,1556,92876,-0.008917197452229297
2025-09-18,1550,1571,1544,1552,129429,-0.0025706940874036244
2025-09-19,1548,1552,1531,1537,101510,-0.009664948453608213
2025-09-22,1522,1537,1495,1534,379580,-0.0019518542615484247
2025-09-23,1534,1534,1508,1519,116336,-0.009778357235984303
2025-09-24,1519,1519,1495,1506,120025,-0.008558262014483176
2025-09-25,1495,1509,1495,1504,35400,-0.0013280212483399723
2025-09-26,1504,1504,1482,1491,103746,-0.008643617021276584
2025-09-29,1504,1504,1490,1500,57107,0.006036217303822866
2025-09-30,1500,1500,1486,1494,47555,-0.0040000000000000036
2025-10-01,1487,1496,1479,1490,83977,-0.0026773761713521083
2025-10-02,1485,1501,1482,1494,157377,0.0026845637583892135
2025-10-10,1497,1497,1459,1471,93842,-0.0153949129852744
2025-10-13,1458,1467,1448,1460,98092,-0.007477906186267869
2025-10-14,1460,1472,1449,1460,92023,0.0
2025-10-15,1451,1473,1451,1468,67782,0.005479452054794498
2025-10-16,1465,1488,1465,1477,85065,0.006130790190735702
2025-10-17,1479,1489,1465,1471,126742,-0.004062288422478022
2025-10-20,1471,1480,1466,1479,74633,0.005438477226376692
2025-10-21,1475,1483,1459,1472,118671,-0.0047329276538201626
